-- phpMyAdmin SQL Dump
-- version 4.0.10.14
-- http://www.phpmyadmin.net
--
-- Host: localhost:3306
-- Generation Time: Mar 09, 2017 at 03:28 PM
-- Server version: 5.5.32-cll-lve
-- PHP Version: 5.6.20

SET SQL_MODE = "NO_AUTO_VALUE_ON_ZERO";
SET time_zone = "+00:00";


/*!40101 SET @OLD_CHARACTER_SET_CLIENT=@@CHARACTER_SET_CLIENT */;
/*!40101 SET @OLD_CHARACTER_SET_RESULTS=@@CHARACTER_SET_RESULTS */;
/*!40101 SET @OLD_COLLATION_CONNECTION=@@COLLATION_CONNECTION */;
/*!40101 SET NAMES utf8 */;

--
-- Database: `indinyes_initializr`
--

-- --------------------------------------------------------

--
-- Table structure for table `clients`
--

CREATE TABLE IF NOT EXISTS `clients` (
  `id` int(11) NOT NULL AUTO_INCREMENT,
  `name` varchar(40) NOT NULL,
  `title` varchar(80) NOT NULL,
  `description` varchar(255) NOT NULL,
  PRIMARY KEY (`id`),
  UNIQUE KEY `name` (`name`)
) ENGINE=InnoDB  DEFAULT CHARSET=latin1 AUTO_INCREMENT=30269 ;

--
-- Dumping data for table `clients`
--

INSERT INTO `clients` (`id`, `name`, `title`, `description`) VALUES
(30001, 'msie', 'Internet Explorer (Desktop)', 'Microsoft Internet Explorer. http://www.impressivewebs.com/release-history-major-browsers/  http://en.wikipedia.org/wiki/Internet_Explorer_versions'),
(30002, 'worldwideweb', 'WorldWideWeb (Next)', 'first web browser, specific to NeXt NextStep systems'),
(30003, 'firefox', 'FireFox (Desktop)', 'Firefox browsers, also Mozilla ancestors. Developer Notes: https://developer.mozilla.org/en-US/docs/Mozilla/Firefox/Releases'),
(30004, 'opera', 'Opera (Desktop)', 'Opera desktop, all versions. http://www.markschenk.com/various/ohistory/index.html, http://upload.wikimedia.org/wikipedia/commons/1/1a/Opera_Release_Timeline.svg http://www.opera.com/docs/history/  http://upload.wikimedia.org/wikipedia/commons/1/1a/Opera_'),
(30005, 'safari', 'Safari (Desktop)', 'Safari desktop browser'),
(30006, 'netscape', 'Netscape Navigator', 'Firefox, Mozilla ancestors. Developer Notes: https://developer.mozilla.org/en-US/docs/Mozilla/Firefox/Releaseshttp://en.wikipedia.org/wiki/Netscape_(web_browser)'),
(30017, 'cello', 'Cello Browser', 'Early shareware 16-bit web browser for Windows 3.1 developed by Thomas R. Bruce of the Legal Information Institute at Cornell Law School.'),
(30018, 'chrome', 'Chrome (Desktop)', 'chrome browser by google. https://en.wikipedia.org/wiki/Google_Chrome. SRWare Iron, Superbird, Chromeframe are considered identical.'),
(30020, 'operamini', 'Opera Mini', 'Opera mobile client, with cloud-side rendering'),
(30022, 'operamobile', 'Opera Mobile', 'Alternate Opera for higher-end devices. Starts with version 6.0. http://en.wikipedia.org/wiki/Opera_Mobile'),
(30023, 'mobilesafari', 'Safari Mobile iOS', 'Mobile version of Safari browser for iOS. Does not include other browsers which put mobile safari into their user agents for matching.'),
(30024, 'operaminilowmem', 'Opera Mini (low memory)', 'MIDP 1, Opera mini versions 1-3 only'),
(30026, 'blackberry', 'Blackberry Browser', 'Blackberry specific browser, pre webkit and post webkit versions. LOTS of simulators at http://us.blackberry.com/sites/developers/resources/simulators.html'),
(30043, 'msiemac', 'Internet Explorer (Mac)', 'The mac version of Internet Explorer, dropped after version 5.23 for OS X'),
(30044, 'ucbrowser', 'UC Browser', 'Chinese browser by UCWeb for mobile.'),
(30046, 'netfront', 'Netfront', 'Netfront browser, older versions non-kindle. Tabbed browsing, smart-fit rendering, text mode, smil and svg viewer in 3.4,  HTML4.01, XHTML1.1, cHTML, XHTML Basic 1.0, WML1.3, CSS 1 '),
(30086, 'netfrontlifebrowser', 'Netfront Life Browser', 'Netfront Life Browser, part of desktop replacement by Access'),
(30087, 'coast', 'Opera Coast', 'Mobile browser for iOS from Opera Software, replacing Opera Mobile.'),
(30088, 'chromeandroid', 'Chrome for Android', 'Chrome built for Android, lacking Flash and WebGL. Different from Android default browser, which is more similar to Mobile Safari.'),
(30089, 'chromeios', 'Chrome for iOS', 'Google Chrome for iOS, different from Android version'),
(30090, 'chromeos', 'Chrome OS', 'Chromium operating system, with version of Chrome browser listed (not the OS version).'),
(30091, 'firefoxmobile', 'Firefox Mobile', 'Firefox for mobile, including earlier releases of Fennec and Minimo.'),
(30092, 'minimo', 'Minimo Browser', 'First development of mobile browser based on Gecko engine, led to Firefox for Mobile. Terminated in 2007.'),
(30093, 'openwave', 'Openwave', 'Openwave, created by United Planet, later Openwave, phone.com, last browser in 2007.'),
(30094, 'jasmine', 'Jasmine (Samsung)', 'Netfront-based web browser released by Samsung on low-end mobile devices.0.8 - http://www.w3.org/2009/03/image-display-none/results  1.0 version in http://user-agent-string.info/list-of-ua/browser-detail?browser=Jasmine'),
(30095, 'kindle', 'Kindle', 'amazon kindle, versions 1, 2 3, NOT the Kindle Fire. Netfront based, then webkit.'),
(30096, 'silk', 'Kindle (Silk)', 'Amazon Silk browser, on kindle fire and related (Android) platforms, loosely based on WebKit can be sniffed). Not counting Kindles with non-Silk browsers (e.g. Cyanogen mods).'),
(30097, 'mqqbrowser', 'MQQ Browser Mini', 'Mobile version of QQ browser, based on WebKit. 2.2 bug fix. User agent description - http://forum.qqservice.mobi/forum.php?mod=viewthread  2.1 at https://appworld.blackberry.com/webstore/content/104434/?countrycode=US'),
(30099, 'iemobile', 'Internet Explorer (Mobile)', 'Mobile browser from Microsoft, not based on IE codebase. Ancient PIE was replaced by IEmobile which matches IE.'),
(30100, 'puffin', 'Puffin Mobile', 'Puffin web browser, supports Flash.http://www.puffinbrowser.com/index.phphttps://www.facebook.com/puffinbrowser  http://www.whatismybrowser.com/blog/puffin-browsers-new-user-agent-format'),
(30101, 'dolphin', 'Dolphin Browser HD', 'Dolphin browser HD for Android, high resolution, separate Mini version 2 is like HD version 7 with smaller footprint.'),
(30102, 'dolphinmini', 'Dolphin Browser Mini', 'Smaller, lighter version of Dolphin browser.  http://www.pcmag.com/article2/0,2817,2358196,00.asp. Low memory android version 2 similar to HD version 7. Version 1 never seems to have gone public.'),
(30104, 'dolfin', 'Dolfin (Bada Samsung)', 'Samsung for Bada, Samsung wave phones. http://www.quirksmode.org/blog/archives/2010/07/new_kid_on_the.htmlhttp://www.samsungbadaapps.com/phone-review/dolphin-browser-for-samsung-wave-phoneshttp://wapreview.com/7276/http://en.wikipedia.org/wiki/Bada'),
(30105, 'tizen', 'Tizen', 'Newer version of meego browser, part of Tizen OS. Highest HTML5 Test scores. Bada forms native application framework.http://en.wikipedia.org/wiki/Tizen'),
(30107, 'ninesky', 'Ninesky Browser', 'Chromium based browser mobile for Android.'),
(30108, 'onebrowser', 'One Browser (iBrowser)', 'Tencent mobile android browser. Formerly called iBrowser (but may be confused with an Ovi browser of the same name.'),
(30109, 'docomo', 'DoCoMo (i-Mode)', 'DoCoMo i-mode, ancient, tiny memory for cHTML web page. 2.0 versions like a regular smartphone. detecting browser may require device. Cache size device dependent, can be deduced from model.'),
(30110, 'semcbrowser', 'SEMC Browser', 'Sony-Erricson custom cellphone browser. Ancient, minimal css.'),
(30111, 'mib', 'Motorola Internet Browser (MIB)', 'MIB, rebranded OpenWave. Ancient.'),
(30112, 'gobrowser', 'Go Browser', 'Go Brower, Go - chinese 3g, http://www.3g.cn/'),
(30113, 'nokiabrowser', 'Nokia Browser', 'Newer, webkit based version of native Nokia Browser for Symbian/3 or Series/60'),
(30114, 'nokias60', 'Nokia Browser for s60', 'Older Nokia browser, early webkit.'),
(30115, 's40ovibrowser', 'Nokia s40 Ovi Browser', 'Browser for S40 or OviBrowser, Browser for smaller, low-memory handsets with some of the s60 browser features.'),
(30116, 'nokias60wap', 'Nokia s60 WAP Browser', 'WAP browser, often installed on same device as other Nokia browsers.'),
(30117, 'mosaic', 'NCSA Mosaic', 'Original graphical browser that launched the web in 1994. Variants licensing the source code were similar with no JavaScript and basic HTML3 support'),
(30118, 'flipboard', 'Flipboard (News)', 'Android and iOS tablet app that allows storing and curating web-based news stories into virtual magazines. Nasty bot for aggregration.'),
(30119, 'yabrowsermobile', 'Yandex Browser (Mobile)', 'Russian browser for major ISP. Combined browser, search, app store. Webkit/chromium. http://ir.yandex.com/releases.cfm'),
(30120, 'meego', 'Nokia MeeGo Browser', 'Meego browser for Nokia Harmattan. http://developer.nokia.com/Resources/Library/Web/'),
(30121, 'nokiangage', 'Nokia N-Gage Browser', 'Ancient browser on hybrid cellphone game console systems.'),
(30123, 'blazer', 'Palm Blazer', 'Palmsource Blazer browser, based on NetFront rendering engine in later versions. http://en.wikipedia.org/wiki/Blazer_(web_browser)'),
(30124, 'obigo', 'Obigo (Teleca)', 'WAP browser dating from before 2000, major changes after 2007.'),
(30125, 'uzardweb', 'UzArdweb Browser', 'Korean web browser, flash and silverlight support.'),
(30126, 'firefoxos', 'Firefox OS', 'Browser is the OS, similar to chromium netbooks. Versions indicate Firefox version, rather than Firefox OS.'),
(30127, 'playbook', 'Playboook (RIM tablet)', 'RIM tablet, browser has same version as os.'),
(30129, 'pie', 'Internet Explorer (PIE)', 'Ancient mobile browser created by microsoft, replaced by iemobile after about 2004.'),
(30130, 'webpro', 'Palm WebPro', 'Ancient browser from early Palm PDAs.'),
(30131, 'universe', 'Universe (WebOS)', 'Web OS browser, first Universe.'),
(30132, 'wosbrowser', 'Isis (WebOS)', 'New browser for WebOS. User agent has wosbrowser but official name is Isis. Only one version ever created, project open-sourced and abandoned.'),
(30133, 'webos', 'WebOS Stock Browser', 'Stock browser in WebOS, different from Universe and Isis.'),
(30134, 'polaris', 'Polaris (WAP)', 'Infraware WAP browser, newest version supports html5. http://www.polarismobile.com/eng/  http://en.wikipedia.org/wiki/Polaris_Browser'),
(30135, 'lynx', 'Lynx (Text Reader)', 'Lynx, text only web browser.'),
(30136, 'windowshop', 'WindowShop (Amazon)', 'Amazon windowshop browser.'),
(30137, 'roccat', 'Roccat (Desktop)', 'Roccat browser for desktop Mac OS. http://www.runecats.com/roccat.html'),
(30138, 'skyfire', 'Skyfire', 'http://www.skyfire.com/consumer-apps'),
(30139, 'stainless', 'Stainless', 'Multi-tasking version of mobile safari, discontinued.'),
(30140, 'teashark', 'Teashark', 'Teashark browser WAP http://en.wikipedia.org/wiki/Teashark'),
(30143, 'columbus', 'Columbus Browser', 'Webkit based browser for mac and windows, with torrent downloads.'),
(30145, 'dooble', 'Dooble Browser', 'Browser for mac, windows and linux with no javascript.'),
(30146, 'icab', 'ICab', 'iCab - http://www.icab.de/index.html'),
(30148, 'midori', 'Midori', 'Webkit based browser http://twotoasts.de/index.php/midori/ webkitgtk  rendering (pretty good) version 0.1 passes acid3 test'),
(30149, 'konqueror', 'Konqueror (KDE)', 'Konqueror web browser, part of KDE package.'),
(30150, 'rekonq', 'Rekonq (Kubuntu)', 'Default browser for Kubuntu distributions, webkit, high HTML5 scores'),
(30151, 'netsurf', 'Netsurf', 'Lightweight browser, works on RISC systems. http://www.netsurf-.org/about/'),
(30152, 'leechcraft', 'Leechcraft', 'KDE like desktop for several envrionments including windows. http://leechcraft.org/'),
(30153, 'uzbl', 'Uzbl', 'unix philosophy web browser. http://www.uzbl.org/'),
(30154, 'qtweb', 'QTWeb Internet Browser', 'QTWeb browser,http://qtweb.net/help.php'),
(30155, 'qupzilla', 'Qupzilla', 'QT based web browser, http://www.qupzilla.com/ release dates at http://blog.qupzilla.com/'),
(30156, 'cometbird', 'Cometbird', 'http://www.cometbird.com/, all releases at http://download.cometbird.com/download-all/'),
(30157, 'k-meleon', 'K-Meleon', 'Based on Firefox 3.6, http://kmeleon.sourceforge.net/ http://en.wikipedia.org/wiki/K-meleon'),
(30158, 'conkeror', 'Conkeror', 'keyboard-oriented, highly-customizable, highly-extensible web browser based on Mozilla XULRunner, written mainly in JavaScript, inspired by keydriven editors. conkeror.org'),
(30159, 'tenfourfox', 'TenFourFox', 'Power PC clone of firefox for old Power PC macs. http://www.floodgap.com'),
(30160, 'sunrise', 'Sunrise Browser', 'Sunrise browser for Mac OS, https://code.google.com/p/sunrisebrowser'),
(30161, 'sundance', 'Sundance', 'Sundance browser, based on Internet Explorer, http://digola.com/sundance.html'),
(30162, 'skipstone', 'Skipstone', 'Skipstone,GTK browser SUSE Linux browser with webkit (new) and Gecko (older) support http://www.muhri.net/skipstone/'),
(30163, 'amaya', 'Amaya (W3C)', 'Default document editor with browser features. Little CSS support. http://www.w3.org/ good for authoring xml, microformats, svg editor in most recent version (11.4, jan 2012), release history http://www.w3.org/Amaya/User/New.html'),
(30164, 'kylo', 'Kylo', 'firefox-based, for use on digital television.versions http://kylo.tv/community/viewforum/5/ older versions - http://kylo.tv/community/viewthread/220/ http://kylo.tv/'),
(30165, 'strata', 'Strata (Kirix)', 'Data browser with native support for spreadsheets and databases. http://www.kirix.com/blog/'),
(30166, 'dillo', 'Dillo', 'Dillo browser, releases at http://hg.dillo.org/dillo/raw-file/tip/ChangeLog'),
(30167, 'dplus', 'DPlus  Browser', 'Derived from Dillo, but more compact. No JavaScript.http://dplus-browser.sourceforge.net/index.old.php'),
(30168, 'minibrowser', 'MiniBrowser', 'DMKHO Software desktop browser. Strong ad-blocking ability. http://dmkho.tripod.com/'),
(30169, 'minibrowsermobile', 'MiniBrowser Mobile', 'Mobile version of MiniBrowser.'),
(30170, 'usejump', 'UseJump Browser', 'UseJump WebKit browser for Mac, Linux. http://beta.usejump.com/'),
(30171, 'webianshell', 'Webian Shell', 'Headless browser developed from Mozilla Chromeless.  http://webian.org/shell/'),
(30172, 'surf', 'Surf Browser', 'Simple WebKit/GTK  browser, can be embedded in other apps. No tabbing. http://suckless.org Project goes back to 2009, but no info on versions earlier than 0.4.'),
(30173, 'internetsurfboard', 'Internet Surfboard', 'Modern Qt browser with security focus.http://inetsurfboard.sourceforge.net/ Also called WeltweitimnetzBrowser'),
(30174, 'googleearth', 'Google Earth', '3D map browser with web URL access. http://www.google.com/earth/. Versions http://www.snapfiles.com/apphistory/googleearth_history.html http://www.oldapps.com/google_earth.php'),
(30175, 'w3m', 'w3m', 'Text browser similar to Lynx but handling hyperlinks differently.'),
(30176, 'links', 'Links', 'Hybrid graphical and text mode browser for unix systems. http://links.twibright.com/download.php http://links.twibright.com/download/ChangeLog http://links.twibright.com/download/'),
(30177, 'amigavoyager', 'Amiga Voyager', 'Browser for AmigaOS.'),
(30178, 'icabmobile', 'ICab Mobile', 'Mobile version of iCab, tabbed on iOS, unique in support file uploads in all formats, versions at http://www.icab-mobile.de/history.html'),
(30179, 'atomicbrowser', 'Atomic Browser', 'Atomic browser for iOS or Android. http://atomicwebbrowser.com/'),
(30180, 'mobicip', 'Mobicip Parental Control', 'Mobicip parental control browser.  http://content.mobicip.com/blog'),
(30181, 'mercury', 'Mercury Browser', 'Browser for iOS and Android.'),
(30182, 'camino', 'Camino', 'Gecko based browser for the mac. Development ceased in 2011. Always equivalent to early versions of FF like 3.6. http://caminobrowser.org/download/'),
(30183, 'seamonkey', 'SeaMonkey', 'Gecko based browser very similar to Firefox. https://developer.mozilla.org/en-US/docs/Mozilla/Gecko/Versions'),
(30184, 'galeon', 'Galeon', 'Early gecko browser.'),
(30185, 'epiphany', 'Epiphany (Web)', 'Browser developed exclusively for GNOME work environment.'),
(30186, 'arora', 'Arora', 'Web qt based browser for linux, discontinued in 2012. Confusing numbering scheme.'),
(30187, 'omniweb', 'Omniweb', 'Old mac browser, commercial,some versions back into the 1990s, mac OS.'),
(30188, 'elementbrowser', 'Element Browser', 'Advanced but dead web browser from 2008 to 2010. No home site.'),
(30189, 'yrcweblink', 'YRC WebLink', 'Indian browser. http://weblink.justyrc.com/  https://www.facebook.com/yrcweblink'),
(30190, 'xsmiles', 'X-Smiles', 'XML compliant browser from 2001, last update in 2008. Designed for embedded Java environments http://www.xsmiles.org  http://en.wikipedia.org/wiki/X-Smiles'),
(30191, 'myibrow', 'My Internet Browser', 'Czech browser, discontinued about 2011. https://www.facebook.com/myinternetbrowser'),
(30192, 'winwap', 'WinWap', 'Windows PC desktop browser supporting wap. Updates ceased about 2009, but software still available on http://www.winwap.com'),
(30193, 'doris', 'Doris', 'Extinct mobile symbian browser. http://www.anygraaf.fi/browser/indexe.htm'),
(30194, 'blackbird', 'Blackbird Browser', 'African american browser based on FF, discontinued.'),
(30195, 'beonex', 'Beonex', 'Clone of Netscape Communicator 6.0, discontinued about 2004. http://www.beonex.com'),
(30196, 'k-ninja', 'K-Ninja', 'K-Meleon clone, discontinued about 2007. http://en.wikipedia.org/wiki/K-Meleon'),
(30198, 'kazehakase', 'Kazehakase', 'Gecko-based browser not updated since 2009. Multiple rendering engines.'),
(30199, 'oregano', 'Oregano', 'Extinct RISC OS browser. http://www.oreganok.net'),
(30200, 'avantgo', 'AvantGo', 'Cloud storage and pus service for Palm handlelds and old MSIE Mobile. Shut down in 2009.'),
(30201, 'webtv', 'WebTV', 'Ancient non javascript browser for webtv set top and portal. http://inventors.about.com/library/inventors/bl_web_tv.htm'),
(30202, 'classilla', 'Classilla', 'Mac 68k FF 3 clone, http://en.wikipedia.org/wiki/Classilla'),
(30203, 'shiira', 'Shiira', 'Uses webkit, last update 2004. http://en.wikipedia.org/wiki/Shiira'),
(30204, 'ryouko', 'Ryouko', 'Edge web browser project, started in 2012, discontinued in 2013'),
(30205, 'deskbrowse', 'Deskbrowse', 'Mac OS Web browser started in 2005, last updates in 2008. http://www.deskbrowse.org'),
(30206, 'edbrowse', 'Edbrowse', 'Text reader for linux systems.http://www.the-brannons.com/edbrowse/'),
(30207, 'hv3', 'hv3', 'Extremely minimal but functional browser with some CSS. http://tkhtml.tcl.tk/hv3.html'),
(30208, 'demeter', 'Demeter', 'Clone of Shiira browser, safari-like. Terminated about 2011.'),
(30209, 'nagarabrowser', 'Nagara Browser', 'Early Mac PowerPC browser like tenfourfox, based off of Safari. No updates after 2003, but site still downloads.'),
(30210, 'hana', 'Hana', 'WebKit-based browser for working with web-based apps. Original site, gone, downloads unavailable. http://www.alloutsoftware.com'),
(30211, 'cyberdragon', 'CyberDragon', 'Privacy enhanced browser, tracker blocker, strict cookie policy, proxy fetch. http://sourceforge.net/projects/cyberdragonbrowser/'),
(30212, 'icebrowser', 'ICE Browser', 'Java browser development SDK, ancient. IceSoft still exists at icesoft.com, but does not support the browser. http://www.eclipsezone.com/eclipse/forums/t12455.html'),
(30213, 'retawq', 'retawq', 'web browser for text terminals, start 2001, last updated in 2006. http://retawq.sourceforge.net/'),
(30214, 'doczilla', 'Doczilla', 'Mozilla derived browser capable of rendering SGML and XML files. Similar interface to Netscape. Discontinued 2005.'),
(30215, 'multizilla', 'MultiZilla', 'Ancient Gecko based browser with early tabbing system. Discontinued. http://multizilla.mozdev.org/'),
(30216, 'prism', 'Prism (Headless)', 'headless site specific web browser, Prism code was picked up by Matthew Gertner but quickly discontinued http://www.salsitasoft.com/blog/2011/02/09/prism-is-now-webrunner/'),
(30217, 'browsex', 'BrowseX', 'Early unix and windows browser. Last update in 2003. Site active but no download http://pdqi.com/browsex/'),
(30218, 'vonkeror', 'Vonkeror', 'based on Conkeror and XUL-runner.http://zzo38computer.cjb.net/vonkeror/ but no website or download.'),
(30219, 'elinks', 'ELinks', 'http://elinks.or.cz/'),
(30220, 'xstand', 'XStand (wKiosk)', 'Kiosk version of Safari, hardened for public security. Company formerly App4Mac, now ADNX in January 2012 wKiosk became xstand http://www.xstandapp.com/en/index.html'),
(30221, 'flock', 'Flock', 'Social networking browser, gecko and webkit versions, discontinued.'),
(30222, 'rockmelt', 'RockMelt for Web', 'mobile and desktop version of social networking browser based on Chromium. Acquired by Yahoo and discontinued in August 2013. http://rockmelt.com/ http://en.wikipedia.org/wiki/Rockmelt  http://rockmelt.tumblr.com/'),
(30223, 'rockmeltmobile', 'RockMelt (mobile)', 'iOS, Android, versions of the RockMelt Social Networking app.'),
(30224, 'arachne', 'Arachne', 'XChaos Arachne DOS browser with mouse and graphical support. No JavaScript, limited CSS. http://www.xaver.me/drdoswiki/index.php?n=Main.Arachne http://www.glennmcc.org/ older versions at http://home.kpn.nl/ba8tian/arachne/arachne.htm'),
(30225, 'osbbrowser', 'OSB-Browser', 'Old browser based on GTK, precursor to webkit. http://gtk-webcore.sourceforge.net/'),
(30226, 'cyberdog', 'Cyberdog', 'Apple browser in integrated suite, http://en.wikipedia.org/wiki/Cyberdog'),
(30227, 'hotjava', 'HotJava', 'Sun Microsystems browser with limited JavaScript support.'),
(30228, 'bolt', 'Bolt Browser', 'mobile browser discontinued impossible after Dec 14, 2011, http://en.wikipedia.org/wiki/Bolt_(web_browser)'),
(30229, 'klondike', 'Klondike (WAP)', 'Uses Windows CE services on windows desktop to provide a wap browser. Extinct website.'),
(30230, 'ubuntutouch', 'Ubuntu Touch Browser', 'Mobile browser, Called browser in Ubuntu OS. Ubuntu mobile OS touch browser, tablet and cellphone versions in user-agent. User agent reflects webkit version only.'),
(30231, 'netgem', 'Netgem (TV browser)', 'ancient set-top box using a modem like WebTV, french. Company no produces modern cable modem settops.'),
(30232, 'roccatconnect', 'Roccat Connect (Mobile)', 'Mobile version of Roccat browser on iOS. http://www.appannie.com/apps/ios/app/roccat-connect/'),
(30233, 'lobo', 'Lobo', 'Java-based browser project, last development in 2008. Most recent version not functional.'),
(30234, 'offbyone', 'Off By One', 'Ancient HTML 3.2 browser, still functional, last update in 2005. No CSS. http://offbyone.com/offbyone/  Versions http://offbyone.com/offbyone/ but no version in user agent.'),
(30235, 'netpositive', 'NetPositive (BeOS)', 'Default browser shipped with the BeOS operating system. Last update in 2001. http://en.wikipedia.org/wiki/NetPositive'),
(30236, 'amigaaweb', 'AWeb (Amiga)', 'Browser for Amiga OS. Last updates about 2000. http://www.amitrix.com/aweb.html'),
(30237, 'iris', 'Iris', 'Torch mobile, ran on Windows CE and blackberry, html5 compatible, no versions after 2009 http://forum.xda-developers.com/showthread.php?t=367810'),
(30238, 'contiki', 'Contiki', 'Low power and memory os for embedded devices and old computers like Commodore 64 and Apple II. http://www.contiki-os.org/download.html'),
(30239, 'ibrowse', 'Amiga IBrowse', 'Amiga OS web browser. Last major update in 2008. http://www.ibrowse-dev.net/'),
(30240, 'sylera', 'Sylera', 'Extinct japanese browser for MacOS using Gecko rendering engine. http://ja.wikipedia.org/wiki/Sylera'),
(30241, 'charon', 'Charon (Inferno)', 'Browser for the Inferno operating system.  http://en.wikipedia.org/wiki/Charon_(web_browser) https://code.google.com/p/inferno-os/'),
(30242, 'amiggaweb', 'Amiga AWeb', 'ancient browser for Amiga OS.'),
(30243, 'reqwirelessweb', 'ReqwirelessWeb', 'Ancient JavaScript mobile library. Company site down. http://www.wirelessdevnet.com/hotproduct/index17.html'),
(30244, 'novarravision', 'Novarra-Vision', 'Mobile browser with nasty server transcoding, purchased by Nokia March 2010. http://techcrunch.com/2010/03/26/nokia-buys-mobile-web-browser-startup-novarra/'),
(30245, 'ibmwebexplorer', 'IBM WebExplorer', 'Browser for OS 2 which implemented HTML 3. http://en.wikipedia.org/wiki/IBM_WebExplorer'),
(30246, 'playstationvita', 'Playstation Vita', 'Game console with Silk browser installed. Firmware upgrades listed.'),
(30247, 'playstation4', 'Playstation 4', 'Newest version of Playstation, uses WebKit browser.'),
(30248, 'playstation3', 'Playstation 3', 'Original playstation, old browser. http://nz.playstation.com/ps3/support/system-software/?page=1'),
(30249, 'experiaplay', 'Experia Play', 'small handheld phone plus game console, runs on Android OS, PSP game support, subpar hardware, http://en.wikipedia.org/wiki/Xperia_Play'),
(30250, 'iexbox', 'Internet Explorer (Xbox)', 'Original Xbox console had no browser. XBox 360 had IE 8 or IE 9. Before 2012 it had to be installed specially. Newer Xbox 360 has IE 9, Xbox One is IE 10 or 11. No flash or media downloads.'),
(30251, 'psp', 'Playstation Portable (PSP)', 'Playstation Portable. Screen 480 x 272, browser 480 x 272 http://en.wikipedia.org/wiki/PlayStation_Portable Releases of firmware at http://en.wikipedia.org/wiki/PlayStation_Portable_system_software'),
(30252, '3ds', 'Nintendo 3DS', 'Webkit version of netfront, specs at  http://www.nintendo.com/3ds/internetbrowser/specs/'),
(30253, 'dsi', 'Nintendo DSI', 'modified version of Opera browser, no flash'),
(30254, 'wiiu', 'Nintendo Wii U', 'browser based on Netfront NX using WebKit. http://www.nintendo.co.uk/Wii-U/System-Software/Internet-Browser/Internet-Browser-Specifications/Internet-Browser-Specifications-721578.html'),
(30255, 'wii', 'Nintendo Wii (original)', 'Original Wii has modified version of Opera browser.'),
(30256, 'bunjalloo', 'Bunjalloo (Nintendo DS)', 'Homebrew browser for Nintendo DS, no javascript or flash.'),
(30257, 'yabrowser', 'Yandex Browser (Desktop)', 'Desktop version of yandex browser. http://www.yandexbrowser.org/'),
(30258, 'bdspark', 'Baidu Spark', 'Chinese chromium clone, desktop.  Can pull MP3 audio from movies, bittorent downloads, sync with Google account. Complex mouse gestures supported. http://en.browser.baidu.com/index.html History at: http://en.browser.baidu.com/about.html'),
(30262, 'itunes', 'iTunes', 'Apple media player. Version history at http://en.wikipedia.org/wiki/ITunes_version_history  http://www.tuaw.com/2006/09/14/itunes-from-0-0-to-7-0/'),
(30263, 'quicktime', 'QuickTime Player', 'Apple QuickTime player. More recent versions have ability to load and render web pages.'),
(30264, 'windows-media-player', 'Windows Media Player', 'Windows Media Player'),
(30265, 'realplayer', 'RealPlayer', 'RealPlayer media player operating in standalone mode, instead of plugin mode.'),
(30268, 'palemoon', 'Palemoon', 'Firefox clone optimized for speed. http://www.palemoon.org. Tracks Firefox versions. Missing some FF features like ActiveX support, parental controls.');

-- --------------------------------------------------------

--
-- Table structure for table `clients_properties`
--

CREATE TABLE IF NOT EXISTS `clients_properties` (
  `id` int(11) NOT NULL AUTO_INCREMENT,
  `components_id` int(11) NOT NULL,
  `clients_id` int(11) NOT NULL,
  `clients_versions_id` int(11) NOT NULL,
  `properties_id` int(11) NOT NULL,
  `property_value` varchar(255) NOT NULL,
  `num_tests` int(11) NOT NULL DEFAULT '1',
  `confidence` float NOT NULL DEFAULT '1',
  PRIMARY KEY (`id`),
  KEY `properties_id` (`properties_id`),
  KEY `clients_id` (`clients_id`),
  KEY `clients_versions_id` (`clients_versions_id`),
  KEY `components_id` (`components_id`)
) ENGINE=InnoDB  DEFAULT CHARSET=latin1 AUTO_INCREMENT=45865 ;

--
-- Dumping data for table `clients_properties`
--

INSERT INTO `clients_properties` (`id`, `components_id`, `clients_id`, `clients_versions_id`, `properties_id`, `property_value`, `num_tests`, `confidence`) VALUES
(39980, 2004, 30017, 50500, 1268, 'Original release', 1, 1),
(39990, 2004, 30017, 50501, 1268, 'Final release of the browser', 1, 1),
(40000, 2004, 30001, 50000, 1263, '1995-08-16', 1, 1),
(40001, 2004, 30001, 50000, 1268, 'reworked version of spyglass mosaic', 1, 1),
(40004, 2004, 30001, 50002, 1263, '1995-11-22', 1, 1),
(40006, 2004, 30001, 50003, 1263, '1996-08-13', 1, 1),
(40008, 2004, 30001, 50005, 1263, '1997-03-18', 1, 1),
(40009, 2004, 30001, 50006, 1263, '2000-07-08', 1, 1),
(40011, 2004, 30001, 50007, 1263, '2001-08-27', 1, 1),
(40013, 2004, 30001, 50008, 1263, '2006-10-18', 1, 1),
(40014, 2004, 30001, 50009, 1263, '2009-03-19', 1, 1),
(40016, 2004, 30001, 50010, 1263, '2011-03-14', 1, 1),
(40017, 2004, 30001, 50010, 1268, 'improved JavaScript Chakra engine,better Acid3 test, some CSS3, HTML5 standards', 1, 1),
(40018, 2004, 30001, 50002, 1268, 'Jscript, first mac PPC version, SSL, cookies, VRML, RSA', 1, 1),
(40019, 2004, 30001, 50003, 1268, 'partial CSS, ActiveX controls, Java applets, inline multimedia, and the PICS system for content metadata', 1, 1),
(40021, 2004, 30001, 50005, 1268, 'Trident engine, DMTML', 1, 1),
(40022, 2004, 30001, 50006, 1268, 'last macintosh version', 1, 1),
(40023, 2004, 30001, 50007, 1268, 'DHTML enhancements, content restricted inline frames, and partial support of CSS level 1, DOM level 1, and SMIL 2.0', 1, 1),
(40024, 2004, 30001, 50008, 1268, 'PNG alpha, web standards, tabbed browsing with tab preview and management, a multiple-engine search box', 1, 1),
(40025, 2004, 30001, 50009, 1268, 'improved web standards, RSS, CSS, and Ajax support', 1, 1),
(40026, 2004, 30001, 50011, 1263, '2012-10-26', 1, 1),
(40027, 2004, 30001, 50012, 1268, 'SPDY, WebGL', 1, 1),
(40028, 2004, 30001, 50012, 1263, '2013-10-17', 1, 1),
(40029, 2004, 30001, 50011, 1268, 'improved CSS3, gradients, HTML5', 1, 1),
(40030, 2004, 30003, 50013, 1263, '2007-11-09', 1, 1),
(40032, 2004, 30003, 50014, 1263, '2005-12-29', 1, 1),
(40033, 2004, 30003, 50015, 1263, '2006-10-24', 1, 1),
(40035, 2004, 30003, 50016, 1263, '2008-06-17', 1, 1),
(40036, 2004, 30003, 50017, 1263, '2009-06-30', 1, 1),
(40037, 2004, 30003, 50018, 1263, '2010-01-21', 1, 1),
(40038, 2004, 30003, 50019, 1263, '2011-03-22', 1, 1),
(40039, 2004, 30003, 50020, 1263, '2011-06-21', 1, 1),
(40040, 2004, 30003, 50021, 1263, '2011-08-16', 1, 1),
(40041, 2004, 30003, 50022, 1263, '2011-09-27', 1, 1),
(40042, 2004, 30003, 50023, 1263, '2011-11-08', 1, 1),
(40043, 2004, 30003, 50024, 1263, '2011-12-20', 1, 1),
(40044, 2004, 30003, 50025, 1263, '2012-01-31', 1, 1),
(40045, 2004, 30003, 50026, 1263, '2012-03-13', 1, 1),
(40046, 2004, 30003, 50025, 1268, 'HTML5 bdi, DOM3 event.stopImmediately, Page Visibility API', 1, 1),
(40049, 2004, 30003, 50018, 1260, '3.6', 1, 1),
(40050, 2004, 30003, 50018, 1268, 'CSS3 gradients, multiple backgrounds, background-size, WOFF font, pointer-events, rem, text-align', 1, 1),
(40051, 2004, 30003, 50017, 1268, 'html5 audio html5 video, @font-face, CSS media queries, opacity, text-shadow', 1, 1),
(40057, 2004, 30017, 50500, 1260, '1.0', 1, 1),
(40059, 2004, 30017, 50500, 1594, 'Cello 1.0', 1, 1),
(40060, 2004, 30017, 50501, 1594, 'Cello 1.01a', 1, 1),
(40061, 2004, 30017, 50501, 1260, '1.01a', 1, 1),
(40063, 2004, 30003, 50025, 1594, 'Firefox 10.0', 1, 1),
(40064, 2004, 30003, 50024, 1594, 'Firefox 9.0', 1, 1),
(40065, 2004, 30003, 50026, 1594, 'Firefox 11.0', 1, 1),
(40066, 2004, 30003, 50026, 1268, 'element.outerHTML, window.navigator.mozVibrate(), battery API, requestAnimationFrame', 1, 1),
(40067, 2004, 30003, 50027, 1260, '12.0', 1, 1),
(40068, 2004, 30003, 50027, 1594, 'Firefox 12.0', 1, 1),
(40069, 2004, 30003, 50027, 1263, '2012-04-24', 1, 1),
(40070, 2004, 30003, 50027, 1268, 'network information API, web telephony API, webSMS API, Screen brightness API', 1, 1),
(40071, 2004, 30003, 50013, 1260, '1.0', 1, 1),
(40072, 2004, 30003, 50013, 1594, 'Firefox 1.0', 1, 1),
(40074, 2004, 30003, 50014, 1260, '1.5', 1, 1),
(40075, 2004, 30003, 50014, 1594, 'Firefox 1.5', 1, 1),
(40077, 2004, 30003, 50015, 1260, '2.0', 1, 1),
(40078, 2004, 30003, 50015, 1594, 'Firefox 2.0', 1, 1),
(40080, 2004, 30003, 50016, 1260, '3.0', 1, 1),
(40081, 2004, 30003, 50016, 1594, 'Firefox 3.0', 1, 1),
(40083, 2004, 30003, 50017, 1260, '3.5', 1, 1),
(40084, 2004, 30003, 50017, 1594, 'Firefox 3.5', 1, 1),
(40085, 2004, 30003, 50018, 1594, 'Firefox 3.6', 1, 1),
(40086, 2004, 30003, 50019, 1260, '4.0', 1, 1),
(40087, 2004, 30003, 50019, 1594, 'Firefox 4.0', 1, 1),
(40089, 2004, 30003, 50020, 1260, '5.0', 1, 1),
(40090, 2004, 30003, 50020, 1594, 'Firefox 5.0', 1, 1),
(40092, 2004, 30003, 50021, 1260, '6.0', 1, 1),
(40093, 2004, 30003, 50021, 1594, 'Firefox 6.0', 1, 1),
(40095, 2004, 30003, 50022, 1260, '7.0', 1, 1),
(40096, 2004, 30003, 50022, 1594, 'Firefox 7.0', 1, 1),
(40098, 2004, 30003, 50023, 1260, '8.0', 1, 1),
(40099, 2004, 30003, 50023, 1594, 'Firefox 8.0', 1, 1),
(40101, 2004, 30003, 50024, 1260, '9.0', 1, 1),
(40103, 2004, 30003, 50025, 1260, '10.0', 1, 1),
(40104, 2004, 30003, 50026, 1260, '11.0', 1, 1),
(40105, 2004, 30003, 50028, 1263, '2012-06-05', 1, 1),
(40106, 2004, 30003, 50028, 1268, 'change in UA string', 1, 1),
(40107, 2004, 30003, 50028, 1260, '13.0', 1, 1),
(40108, 2004, 30003, 50028, 1594, 'Firefox 13.0', 1, 1),
(40109, 2004, 30003, 50029, 1263, '2012-07-07', 1, 1),
(40110, 2004, 30003, 50029, 1268, 'updates to DOM, CSS, MathML', 1, 1),
(40111, 2004, 30003, 50013, 1268, 'First public release of browser', 1, 1),
(40112, 2004, 30003, 50030, 1594, 'Firefox 15.0', 1, 1),
(40113, 2004, 30003, 50030, 1260, '15.0', 1, 1),
(40114, 2004, 30003, 50030, 1263, '2012-08-28', 1, 1),
(40115, 2004, 30003, 50030, 1268, 'FileHandle API', 1, 1),
(40116, 2004, 30003, 50029, 1594, 'Firefox 14.0', 1, 1),
(40117, 2004, 30003, 50029, 1260, '14.0', 1, 1),
(40118, 2004, 30003, 50031, 1263, '2012-10-09', 1, 1),
(40119, 2004, 30003, 50031, 1268, 'standard CSS animation, meter element support', 1, 1),
(40120, 2004, 30003, 50031, 1594, 'Firefox 16.0', 1, 1),
(40121, 2004, 30003, 50031, 1260, '16.0', 1, 1),
(40122, 2004, 30003, 50032, 1263, '2012-11-20', 1, 1),
(40123, 2004, 30003, 50032, 1268, 'iframe sandbox', 1, 1),
(40124, 2004, 30003, 50033, 1268, 'window.devicePixelRatio', 1, 1),
(40125, 2004, 30003, 50033, 1263, '2013-01-08', 1, 1),
(40126, 2004, 30003, 50033, 1594, 'Firefox 18.0', 1, 1),
(40127, 2004, 30003, 50034, 1263, '2013-02-09', 1, 1),
(40128, 2004, 30003, 50034, 1268, 'viewport-relative vh, vw, vmin, vmax', 1, 1),
(40129, 2004, 30003, 50032, 1260, '17.0', 1, 1),
(40130, 2004, 30003, 50033, 1260, '18.0', 1, 1),
(40131, 2004, 30003, 50034, 1260, '19.0', 1, 1),
(40132, 2004, 30003, 50032, 1594, 'Firefox 17.0', 1, 1),
(40133, 2004, 30003, 50034, 1594, 'Firefox 19.0', 1, 1),
(40134, 2004, 30003, 50035, 1263, '2013-04-02', 1, 1),
(40135, 2004, 30003, 50035, 1594, 'Firefox 20.0', 1, 1),
(40136, 2004, 30003, 50035, 1260, '20.0', 1, 1),
(40137, 2004, 30003, 50035, 1268, 'support for download attribute on links and area, flexbox', 1, 1),
(40138, 2004, 30003, 50036, 1263, '2013-05-14', 1, 1),
(40139, 2004, 30003, 50036, 1268, 'scoped in style element', 1, 1),
(40172, 2004, 30003, 50036, 1260, '21.0', 1, 1),
(40173, 2004, 30003, 50036, 1594, 'Firefox 21.0', 1, 1),
(40178, 2004, 30003, 50036, 1593, '15000', 1, 1),
(40180, 2004, 30001, 50000, 1260, '1.0', 1, 1),
(40182, 2004, 30001, 50002, 1260, '2.0', 1, 1),
(40183, 2004, 30001, 50003, 1260, '3.0', 1, 1),
(40184, 2004, 30001, 50005, 1260, '4.0', 1, 1),
(40186, 2004, 30001, 50007, 1260, '6.0', 1, 1),
(40187, 2004, 30001, 50006, 1260, '5.5', 1, 1),
(40188, 2004, 30001, 50008, 1260, '7.0', 1, 1),
(40189, 2004, 30001, 50009, 1260, '8.0', 1, 1),
(40190, 2004, 30001, 50010, 1260, '9.0', 1, 1),
(40191, 2004, 30001, 50011, 1260, '10.0', 1, 1),
(40192, 2004, 30001, 50012, 1260, '11.0', 1, 1),
(40193, 2004, 30001, 50000, 1594, 'MSIE 1.0', 1, 1),
(40195, 2004, 30001, 50002, 1594, 'MSIE 2.0', 1, 1),
(40196, 2004, 30001, 50003, 1594, 'MSIE 3.0', 1, 1),
(40198, 2004, 30001, 50005, 1594, 'MSIE 4.0', 1, 1),
(40199, 2004, 30001, 50007, 1594, 'MSIE 6.0', 1, 1),
(40200, 2004, 30001, 50006, 1594, 'MSIE 5.5', 1, 1),
(40201, 2004, 30001, 50008, 1594, 'MSIE 7.0', 1, 1),
(40202, 2004, 30001, 50009, 1594, 'MSIE 8.0', 1, 1),
(40203, 2004, 30001, 50010, 1594, 'MSIE 9.0', 1, 1),
(40204, 2004, 30001, 50011, 1594, 'MSIE 10.0', 1, 1),
(40205, 2004, 30001, 50012, 1594, 'MSIE 11.0', 1, 1),
(40212, 2020, 30017, 50500, 1347, 'false', 1, 1),
(40215, 2004, 30017, 50500, 1591, 'LII-Cello/1.0 libwww/2.5', 1, 1),
(40216, 2004, 30017, 50501, 1591, 'LII-Cello/1.01 libwww/2.5', 1, 1),
(40219, 2004, 30003, 50019, 1268, 'HTML5, HTML5 forms, WebSockets', 1, 1),
(40225, 2005, 30001, 50000, 1211, 'false', 1, 1),
(40227, 2004, 30018, 50049, 1594, 'Chrome 1', 1, 1),
(40228, 2004, 30018, 50049, 1260, '1.0', 1, 1),
(40229, 2004, 30018, 50049, 1263, '2008-12-11', 1, 1),
(40232, 2004, 30018, 50050, 1594, 'Chrome 2', 1, 1),
(40233, 2004, 30018, 50050, 1260, '2.0', 1, 1),
(40234, 2004, 30018, 50050, 1263, '2009-05-24', 1, 1),
(40237, 2004, 30018, 50051, 1594, 'Chrome 3', 1, 1),
(40238, 2004, 30018, 50051, 1260, '3.0', 1, 1),
(40239, 2004, 30018, 50051, 1263, '2009-10-12', 1, 1),
(40242, 2004, 30018, 50052, 1594, 'Chrome 4', 1, 1),
(40243, 2004, 30018, 50052, 1260, '4.0', 1, 1),
(40244, 2004, 30018, 50052, 1263, '2010-01-25', 1, 1),
(40247, 2004, 30018, 50053, 1594, 'Chrome 5', 1, 1),
(40248, 2004, 30018, 50053, 1260, '5.0', 1, 1),
(40249, 2004, 30018, 50053, 1263, '2010-05-21', 1, 1),
(40252, 2004, 30018, 50054, 1594, 'Chrome 6', 1, 1),
(40253, 2004, 30018, 50054, 1260, '6.0', 1, 1),
(40254, 2004, 30018, 50054, 1263, '2010-09-02', 1, 1),
(40257, 2004, 30018, 50055, 1594, 'Chrome 7', 1, 1),
(40258, 2004, 30018, 50055, 1260, '7.0', 1, 1),
(40259, 2004, 30018, 50055, 1263, '2010-10-01', 1, 1),
(40262, 2004, 30018, 50056, 1594, 'Chrome 8', 1, 1),
(40263, 2004, 30018, 50056, 1260, '8.0', 1, 1),
(40264, 2004, 30018, 50056, 1263, '2010-12-02', 1, 1),
(40267, 2004, 30018, 50057, 1594, 'Chrome 9', 1, 1),
(40268, 2004, 30018, 50057, 1260, '9.0', 1, 1),
(40269, 2004, 30018, 50057, 1263, '2011-02-03', 1, 1),
(40272, 2004, 30018, 50058, 1594, 'Chrome 10', 1, 1),
(40273, 2004, 30018, 50058, 1260, '10.0', 1, 1),
(40274, 2004, 30018, 50058, 1263, '2011-03-08', 1, 1),
(40277, 2004, 30018, 50059, 1594, 'Chrome 11', 1, 1),
(40278, 2004, 30018, 50059, 1260, '11.0', 1, 1),
(40279, 2004, 30018, 50059, 1263, '2011-04-27', 1, 1),
(40282, 2004, 30018, 50060, 1594, 'Chrome 12', 1, 1),
(40283, 2004, 30018, 50060, 1260, '12.0', 1, 1),
(40284, 2004, 30018, 50060, 1263, '2011-06-07', 1, 1),
(40287, 2004, 30018, 50061, 1594, 'Chrome 13', 1, 1),
(40288, 2004, 30018, 50061, 1260, '13.0', 1, 1),
(40289, 2004, 30018, 50061, 1263, '2011-08-02', 1, 1),
(40292, 2004, 30018, 50062, 1594, 'Chrome 14', 1, 1),
(40293, 2004, 30018, 50062, 1260, '14.0', 1, 1),
(40294, 2004, 30018, 50062, 1263, '2011-09-16', 1, 1),
(40297, 2004, 30018, 50063, 1594, 'Chrome 15', 1, 1),
(40298, 2004, 30018, 50063, 1260, '15.0', 1, 1),
(40302, 2004, 30018, 50064, 1594, 'Chrome 16', 1, 1),
(40303, 2004, 30018, 50064, 1260, '16.0', 1, 1),
(40304, 2004, 30018, 50064, 1263, '2011-12-13', 1, 1),
(40307, 2004, 30018, 50065, 1594, 'Chrome 17', 1, 1),
(40308, 2004, 30018, 50065, 1260, '17.0', 1, 1),
(40309, 2004, 30018, 50065, 1263, '2012-02-08', 1, 1),
(40310, 2004, 30018, 50065, 1268, 'New extensions APIs', 1, 1),
(40312, 2004, 30005, 50066, 1594, 'Safari 1.0', 1, 1),
(40313, 2004, 30005, 50066, 1260, '1.0', 1, 1),
(40314, 2004, 30005, 50066, 1263, '2003-06-23', 1, 1),
(40317, 2004, 30005, 50067, 1594, 'Safari 2.0', 1, 1),
(40318, 2004, 30005, 50067, 1260, '2.0', 1, 1),
(40319, 2004, 30005, 50067, 1263, '2005-04-29', 1, 1),
(40322, 2004, 30005, 50068, 1594, 'Safari 3.0', 1, 1),
(40324, 2004, 30005, 50068, 1263, '2007-06-11', 1, 1),
(40326, 2004, 30005, 50068, 1593, '15004', 1, 1),
(40327, 2004, 30005, 50069, 1594, 'Safari 3.1', 1, 1),
(40328, 2004, 30005, 50069, 1260, '3.1', 1, 1),
(40329, 2004, 30005, 50069, 1263, '2008-03-18', 1, 1),
(40332, 2004, 30005, 50070, 1594, 'Safari 4.0', 1, 1),
(40333, 2004, 30005, 50070, 1260, '4.0', 1, 1),
(40334, 2004, 30005, 50070, 1263, '2009-02-24', 1, 1),
(40336, 2004, 30005, 50070, 1593, '15003', 1, 1),
(40337, 2004, 30005, 50071, 1594, 'Safari 5.0', 1, 1),
(40338, 2004, 30005, 50071, 1260, '5.0', 1, 1),
(40339, 2004, 30005, 50071, 1263, '2010-06-07', 1, 1),
(40341, 2004, 30005, 50072, 1594, 'Safari 5.1', 1, 1),
(40342, 2004, 30005, 50072, 1260, '5.1', 1, 1),
(40343, 2004, 30005, 50072, 1263, '2011-07-20', 1, 1),
(40345, 2004, 30004, 50073, 1594, 'Opera 2.0', 1, 1),
(40346, 2004, 30004, 50073, 1260, '2.0', 1, 1),
(40347, 2004, 30004, 50073, 1263, '1996-12-09', 1, 1),
(40348, 2004, 30004, 50073, 1268, 'NNTP client,SMTP client, no JS', 1, 1),
(40350, 2004, 30004, 50074, 1594, 'Opera 3.0', 1, 1),
(40351, 2004, 30004, 50074, 1260, '3.0', 1, 1),
(40352, 2004, 30004, 50074, 1263, '1997-12-01', 1, 1),
(40353, 2004, 30004, 50074, 1268, 'JavaScript, HTML2, SSL', 1, 1),
(40355, 2004, 30004, 50075, 1594, 'Opera 3.5', 1, 1),
(40356, 2004, 30004, 50075, 1260, '3.5', 1, 1),
(40357, 2004, 30004, 50075, 1263, '1998-11-08', 1, 1),
(40358, 2004, 30004, 50075, 1268, 'Elektra, File upload, CSS1', 1, 1),
(40359, 2004, 30004, 50076, 1594, 'Opera 4.0', 1, 1),
(40360, 2004, 30004, 50076, 1260, '4.0', 1, 1),
(40361, 2004, 30004, 50076, 1263, '2000-06-28', 1, 1),
(40362, 2004, 30004, 50076, 1268, 'DHTML, SSL 2 and 3, CSS1, CSS2, XML, HTML 4.0, HTTP 1.1, ECMAScript and JavaScript 1.3 support, XML 1.0', 1, 1),
(40365, 2004, 30004, 50077, 1594, 'Opera 5.0', 1, 1),
(40366, 2004, 30004, 50077, 1260, '5.0', 1, 1),
(40367, 2004, 30004, 50077, 1263, '2000-12-06', 1, 1),
(40368, 2004, 30004, 50077, 1268, 'first free download', 1, 1),
(40370, 2004, 30004, 50078, 1594, 'Opera 5.1', 1, 1),
(40371, 2004, 30004, 50078, 1260, '5.1', 1, 1),
(40372, 2004, 30004, 50078, 1263, '2001-04-10', 1, 1),
(40373, 2004, 30004, 50078, 1268, 'XHTML, noscript', 1, 1),
(40375, 2004, 30004, 50079, 1594, 'Opera 6.0', 1, 1),
(40376, 2004, 30004, 50079, 1260, '6.0', 1, 1),
(40377, 2004, 30004, 50079, 1263, '2001-12-18', 1, 1),
(40378, 2004, 30004, 50079, 1268, 'unicode, PNG alpha transparency', 1, 1),
(40380, 2004, 30004, 50080, 1594, 'Opera 7.0', 1, 1),
(40381, 2004, 30004, 50080, 1260, '7.0', 1, 1),
(40382, 2004, 30004, 50080, 1263, '2003-01-28', 1, 1),
(40383, 2004, 30004, 50080, 1268, 'Presto,DOM Level 2, WML 1.3 and 2.0 support', 1, 1),
(40390, 2004, 30004, 50082, 1594, 'Opera 7.2', 1, 1),
(40391, 2004, 30004, 50082, 1260, '7.2', 1, 1),
(40392, 2004, 30004, 50082, 1263, '2003-09-23', 1, 1),
(40393, 2004, 30004, 50082, 1268, 'DOM, CSS-DOM, media queries', 1, 1),
(40394, 2004, 30004, 50082, 1593, '15003', 1, 1),
(40395, 2004, 30004, 50083, 1594, 'Opera 8.0', 1, 1),
(40396, 2004, 30004, 50083, 1260, '8.0', 1, 1),
(40397, 2004, 30004, 50083, 1263, '2005-04-19', 1, 1),
(40398, 2004, 30004, 50083, 1268, 'SVG, Ajax, auto updates', 1, 1),
(40399, 2004, 30004, 50084, 1594, 'Opera 8.5', 1, 1),
(40400, 2004, 30004, 50084, 1260, '8.5', 1, 1),
(40401, 2004, 30004, 50084, 1263, '2005-09-20', 1, 1),
(40402, 2004, 30004, 50084, 1268, 'first completely free release', 1, 1),
(40403, 2004, 30004, 50085, 1594, 'Opera 9.0', 1, 1),
(40404, 2004, 30004, 50085, 1260, '9.0', 1, 1),
(40405, 2004, 30004, 50085, 1263, '2006-06-20', 1, 1),
(40406, 2004, 30004, 50085, 1268, 'canvas, webforms, Acid2, xml 1.1, Presto 2.0', 1, 1),
(40407, 2004, 30004, 50086, 1594, 'Opera 9.5', 1, 1),
(40408, 2004, 30004, 50086, 1260, '9.5', 1, 1),
(40409, 2004, 30004, 50086, 1263, '2008-06-12', 1, 1),
(40410, 2004, 30004, 50086, 1268, 'dragonfly, SVG, MathML, Presto 2.1', 1, 1),
(40411, 2004, 30004, 50087, 1594, 'Opera 10.0', 1, 1),
(40412, 2004, 30004, 50087, 1260, '10.0', 1, 1),
(40413, 2004, 30004, 50087, 1263, '2009-09-01', 1, 1),
(40414, 2004, 30004, 50087, 1268, 'Acid3, CSS selectors,Presto 2.2, SVG fonts', 1, 1),
(40415, 2004, 30004, 50088, 1594, 'Opera 10.5', 1, 1),
(40416, 2004, 30004, 50088, 1260, '10.5', 1, 1),
(40417, 2004, 30004, 50088, 1263, '2010-03-02', 1, 1),
(40418, 2004, 30004, 50088, 1268, 'JSON, Presto 2.5, CSS 2.1 visibility: collapse  CSS3 border-radius, CSS3 Backgrounds, Borders, CSS3 Transforms, Transitions  HTML5 <video>,  Web Storage: session and local, Carakan JavaScript', 1, 1),
(40419, 2004, 30004, 50089, 1594, 'Opera 10.6', 1, 1),
(40420, 2004, 30004, 50089, 1260, '10.6', 1, 1),
(40421, 2004, 30004, 50089, 1263, '2010-07-01', 1, 1),
(40422, 2004, 30004, 50089, 1268, 'resto 2.6, Geolocation services, Offline Web Applications, Web Workers, WebM', 1, 1),
(40423, 2004, 30004, 50090, 1594, 'Opera 11.0', 1, 1),
(40424, 2004, 30004, 50090, 1260, '11.0', 1, 1),
(40425, 2004, 30004, 50090, 1263, '2010-12-16', 1, 1),
(40426, 2004, 30004, 50090, 1268, 'Presto 2.7, WebSockets, CSS3 text, HTML5', 1, 1),
(40427, 2004, 30004, 50091, 1594, 'Opera 11.1', 1, 1),
(40428, 2004, 30004, 50091, 1260, '11.1', 1, 1),
(40429, 2004, 30004, 50091, 1263, '2011-04-12', 1, 1),
(40430, 2004, 30004, 50091, 1268, 'Presto 2.8, CSS cursor, multi-column, gradients, WOFF', 1, 1),
(40431, 2004, 30004, 50092, 1594, 'Opera 11.5', 1, 1),
(40432, 2004, 30004, 50092, 1260, '11.5', 1, 1),
(40433, 2004, 30004, 50092, 1263, '2011-06-28', 1, 1),
(40434, 2004, 30004, 50092, 1268, 'Presto 2.9,HTML5 dataset', 1, 1),
(40435, 2004, 30004, 50093, 1594, 'Opera 11.6', 1, 1),
(40436, 2004, 30004, 50093, 1260, '11.6', 1, 1),
(40437, 2004, 30004, 50093, 1263, '2011-12-06', 1, 1),
(40438, 2004, 30004, 50093, 1268, 'Presto 2.10, microdata, ECMAScript 5, CSS radial gradient', 1, 1),
(40439, 2004, 30004, 50094, 1594, 'Opera 12.0', 1, 1),
(40440, 2004, 30004, 50094, 1260, '12.0', 1, 1),
(40441, 2004, 30004, 50094, 1263, '2012-06-14', 1, 1),
(40442, 2004, 30004, 50094, 1268, 'CSS3 gradients, CORS, transforms, animations,Fullscreen API  Page Visibility API  WebSockets', 1, 1),
(40446, 2004, 30004, 50091, 1593, '15000', 1, 1),
(40447, 2004, 30004, 50095, 1594, 'Opera 11.61', 1, 1),
(40448, 2004, 30004, 50095, 1260, '11.61', 1, 1),
(40449, 2004, 30004, 50095, 1263, '2012-01-04', 1, 1),
(40450, 2004, 30004, 50095, 1268, '', 1, 1),
(40451, 2004, 30004, 50096, 1594, 'Opera 12.1', 1, 1),
(40452, 2004, 30004, 50096, 1260, '12.1', 1, 1),
(40453, 2004, 30004, 50096, 1263, '2012-11-06', 1, 1),
(40454, 2004, 30004, 50096, 1268, 'SPDY, fullscreen API, Page visibility API, WebSockets', 1, 1),
(40455, 2004, 30003, 50014, 1268, 'Gecko 1.8, SVG 1.1, canvas tag', 1, 1),
(40456, 2004, 30003, 50015, 1268, 'microsummaries, JavaScript 1.7, SVG text', 1, 1),
(40457, 2004, 30003, 50016, 1268, 'canvas transform, drag and drop, animated PNG, microforms, JS 1.8', 1, 1),
(40458, 2004, 30003, 50020, 1268, 'accessKey, CSS3 animations', 1, 1),
(40459, 2004, 30003, 50021, 1268, 'HTML5 progress, track, orientation, touch events', 1, 1),
(40460, 2004, 30003, 50022, 1268, 'Direct 2d Azure canvas, CSS text-overflow', 1, 1),
(40461, 2004, 30003, 50023, 1268, 'blobbuilder, resolution, scaled SVG background', 1, 1),
(40462, 2004, 30003, 50024, 1268, 'CSS3 font-stretch, columns, fullScreen API', 1, 1),
(40466, 2005, 30001, 50010, 1211, 'true', 1, 1),
(40467, 2004, 30017, 50501, 1597, '', 1, 1),
(40468, 2004, 30017, 50500, 1263, '1994-02-17', 1, 1),
(40469, 2004, 30017, 50501, 1263, '1994-03-17', 1, 1),
(40470, 2004, 30001, 50007, 1603, '/^Mozilla\\/4\\.0 \\(compatible; MSIE 6\\.0; Windows NT \\d\\.\\d(.*)\\)$/;', 1, 1),
(40471, 2004, 30001, 50010, 1603, '/^Mozilla\\/5\\.0 \\(compatible; MSIE 9\\.0; Windows NT \\d\\.\\d(.*)\\)$/', 1, 1),
(40472, 2004, 30001, 50011, 1603, '', 1, 1),
(40475, 2008, 30017, 50500, 1502, '0', 1, 1),
(40476, 2004, 30020, 50097, 1594, 'Opera Mini 1', 1, 1),
(40477, 2004, 30020, 50097, 1260, '1.0', 1, 1),
(40478, 2004, 30020, 50097, 1263, '2006-01-24', 1, 1),
(40480, 2004, 30020, 50097, 1268, 'first worldwide release', 1, 1),
(40482, 2004, 30020, 50098, 1594, 'Opera Mini 2', 1, 1),
(40483, 2004, 30020, 50098, 1260, '2.0', 1, 1),
(40484, 2004, 30020, 50098, 1263, '2006-05-03', 1, 1),
(40488, 2004, 30020, 50099, 1594, 'Opera Mini 3', 1, 1),
(40489, 2004, 30020, 50099, 1260, '3.0', 1, 1),
(40490, 2004, 30020, 50099, 1263, '2006-11-28', 1, 1),
(40494, 2004, 30020, 50098, 1268, 'improved rendering', 1, 1),
(40495, 2004, 30020, 50100, 1594, 'Opera Mini 4', 1, 1),
(40496, 2004, 30020, 50100, 1260, '4.0', 1, 1),
(40497, 2004, 30020, 50100, 1263, '2007-11-27', 1, 1),
(40499, 2004, 30020, 50100, 1268, 'first one with desktop rendering option, rewritten code', 1, 1),
(40500, 2004, 30020, 50099, 1268, 'MIDP 1, MIDP 2, MDIP 2 still available for very old mobiles', 1, 1),
(40501, 2004, 30020, 50101, 1594, 'Opera Mini 5', 1, 1),
(40502, 2004, 30020, 50101, 1260, '5.0', 1, 1),
(40503, 2004, 30020, 50101, 1263, '2009-08-16', 1, 1),
(40506, 2004, 30020, 50100, 1593, '15003', 1, 1),
(40507, 2004, 30020, 50102, 1594, 'Opera Mini 6', 1, 1),
(40508, 2004, 30020, 50102, 1260, '6.0', 1, 1),
(40509, 2004, 30020, 50102, 1263, '2011-03-23', 1, 1),
(40514, 2004, 30022, 50103, 1594, 'Opera Mobile 6', 1, 1),
(40515, 2004, 30022, 50103, 1260, '6.0', 1, 1),
(40516, 2004, 30022, 50103, 1263, '2003-06-25', 1, 1),
(40518, 2004, 30022, 50103, 1268, 'Presto based', 1, 1),
(40520, 2004, 30022, 50104, 1594, 'Opera Mobile 6.10', 1, 1),
(40521, 2004, 30022, 50104, 1260, '6.1', 1, 1),
(40522, 2004, 30022, 50104, 1263, '2003-10-27', 1, 1),
(40524, 2004, 30022, 50104, 1268, 'wap support, proxy support, multiple languages', 1, 1),
(40532, 2004, 30024, 50106, 1594, 'Opera Mini 2 MIDP 1', 1, 1),
(40533, 2004, 30024, 50106, 1260, '2.0', 1, 1),
(40534, 2004, 30024, 50106, 1263, '2006-05-03', 1, 1),
(40537, 2004, 30024, 50107, 1594, 'Opera Mini 3 MIDP 1', 1, 1),
(40543, 2004, 30024, 50108, 1260, '1.0', 1, 1),
(40544, 2004, 30024, 50108, 1263, '2006-01-24', 1, 1),
(40549, 2004, 30024, 50107, 1263, '2006-11-03', 1, 1),
(40550, 2004, 30024, 50108, 1593, '15001', 1, 1),
(40552, 2004, 30024, 50108, 1268, '', 1, 1),
(40553, 2004, 30024, 50107, 1260, '3.0', 1, 1),
(40554, 2004, 30024, 50108, 1594, 'Opera Mini 1 MIDP 1', 1, 1),
(40564, 2004, 30003, 50024, 1593, '15003', 1, 1),
(40565, 2004, 30018, 50109, 1594, 'Chrome 18', 1, 1),
(40566, 2004, 30018, 50109, 1260, '18.0', 1, 1),
(40567, 2004, 30018, 50109, 1263, '2012-03-28', 1, 1),
(40569, 2004, 30018, 50109, 1268, 'Hardware-accelerated Canvas2D graphics', 1, 1),
(40571, 2004, 30018, 50063, 1268, 'JavaScript fullscreen API enabled by default', 1, 1),
(40572, 2004, 30018, 50062, 1268, 'Web Audio API, Web Request extension API', 1, 1),
(40573, 2004, 30018, 50060, 1268, 'Hardware accelerated 3D CSS.', 1, 1),
(40574, 2004, 30018, 50059, 1268, 'HTML5 Speech Input API', 1, 1),
(40575, 2004, 30018, 50058, 1268, 'GPU accelerated video, webNavigation extension API', 1, 1),
(40576, 2004, 30018, 50057, 1268, 'WebGL enabled by default, WebP support', 1, 1),
(40577, 2004, 30018, 50056, 1268, 'PDF viewer inside built-in sandbox', 1, 1),
(40578, 2004, 30018, 50055, 1268, 'HTML5, file API', 1, 1),
(40579, 2004, 30018, 50054, 1268, 'WebM video', 1, 1),
(40580, 2004, 30018, 50053, 1268, 'integrated Flash, GeoLocation', 1, 1),
(40583, 2004, 30018, 50052, 1268, '', 1, 1),
(40584, 2004, 30018, 50051, 1268, 'HTML5 audio and video', 1, 1),
(40585, 2004, 30018, 50050, 1268, '', 1, 1),
(40586, 2004, 30018, 50049, 1268, 'first stable release', 1, 1),
(40587, 2004, 30018, 50110, 1594, 'Chrome 19', 1, 1),
(40588, 2004, 30018, 50110, 1260, '19.0', 1, 1),
(40589, 2004, 30018, 50110, 1263, '2012-05-15', 1, 1),
(40591, 2004, 30018, 50110, 1268, 'ECMA6, Web Intents API', 1, 1),
(40593, 2004, 30018, 50111, 1594, 'Chrome 20', 1, 1),
(40594, 2004, 30018, 50111, 1260, '20.0', 1, 1),
(40595, 2004, 30018, 50111, 1263, '2012-06-26', 1, 1),
(40599, 2004, 30018, 50112, 1594, 'Chrome 21', 1, 1),
(40600, 2004, 30018, 50112, 1260, '21.0', 1, 1),
(40601, 2004, 30018, 50112, 1263, '2012-07-31', 1, 1),
(40603, 2004, 30018, 50112, 1268, 'Media Stream API, GamePad API, pointer and hover CSS Media Queries', 1, 1),
(40606, 2004, 30018, 50113, 1594, 'Chrome 22', 1, 1),
(40607, 2004, 30018, 50113, 1260, '22.0', 1, 1),
(40608, 2004, 30018, 50113, 1263, '2012-09-25', 1, 1),
(40610, 2004, 30018, 50113, 1268, 'TLS 1.1', 1, 1),
(40612, 2004, 30018, 50114, 1594, 'Chrome 23', 1, 1),
(40613, 2004, 30018, 50114, 1260, '23.0', 1, 1),
(40614, 2004, 30018, 50114, 1263, '2012-11-26', 1, 1),
(40616, 2004, 30018, 50114, 1268, 'energy efficient video playback', 1, 1),
(40619, 2004, 30018, 50115, 1594, 'Chrome 24', 1, 1),
(40620, 2004, 30018, 50115, 1260, '24.0', 1, 1),
(40621, 2004, 30018, 50115, 1263, '2013-01-10', 1, 1),
(40623, 2004, 30018, 50115, 1268, 'MathML, CSS Custom Filters API', 1, 1),
(40625, 2004, 30018, 50116, 1594, 'Chrome 25', 1, 1),
(40626, 2004, 30018, 50116, 1260, '25.0', 1, 1),
(40627, 2004, 30018, 50116, 1263, '2013-02-21', 1, 1),
(40629, 2004, 30018, 50116, 1268, 'Opus audio, VP9 video, Web Speech API, disabled MathML', 1, 1),
(40630, 2004, 30018, 50116, 1593, '15003', 1, 1),
(40631, 2004, 30018, 50117, 1594, 'Chrome 26', 1, 1),
(40632, 2004, 30018, 50117, 1260, '26.0', 1, 1),
(40633, 2004, 30018, 50117, 1263, '2013-03-26', 1, 1),
(40635, 2004, 30018, 50117, 1268, '', 1, 1),
(40636, 2004, 30018, 50118, 1594, 'Chrome 27', 1, 1),
(40637, 2004, 30018, 50118, 1260, '27.0', 1, 1),
(40638, 2004, 30018, 50118, 1263, '2013-05-21', 1, 1),
(40640, 2004, 30018, 50118, 1268, 'Faster page loads, syncFileSystem', 1, 1),
(40641, 2004, 30018, 50119, 1594, 'Chrome 28', 1, 1),
(40642, 2004, 30018, 50119, 1260, '28.0', 1, 1),
(40643, 2004, 30018, 50119, 1263, '2013-06-17', 1, 1),
(40645, 2004, 30018, 50119, 1268, 'Replaced WebKit with Blink, a fork of WebKit', 1, 1),
(40646, 2004, 30018, 50120, 1594, 'Chrome 29', 1, 1),
(40647, 2004, 30018, 50120, 1260, '29.0', 1, 1),
(40648, 2004, 30018, 50120, 1263, '2013-06-25', 1, 1),
(40650, 2004, 30018, 50120, 1268, 'Web RTC, QUIC support, TLS 1.2', 1, 1),
(40651, 2020, 30018, 50057, 1345, 'true', 1, 1),
(40652, 2020, 30018, 50049, 1346, 'true', 1, 1),
(40653, 2020, 30018, 50049, 1347, 'true', 1, 1),
(40654, 2020, 30018, 50049, 1344, 'true', 1, 1),
(40655, 2020, 30018, 50116, 1604, 'true', 1, 1),
(40656, 2012, 30018, 50062, 1605, 'true', 1, 1),
(40657, 2005, 30001, 50005, 1585, 'true', 1, 1),
(40658, 2005, 30001, 50011, 1585, 'false', 1, 1),
(40659, 2012, 30018, 50049, 1493, 'true', 1, 1),
(40660, 2012, 30018, 50049, 1494, 'true', 1, 1),
(40688, 2004, 30018, 50049, 1295, 'false', 1, 1),
(40689, 2012, 30001, 50002, 1606, '1.0', 1, 1),
(40691, 2012, 30001, 50005, 1606, '1.3', 1, 1),
(40692, 2012, 30001, 50006, 1606, '1.4', 1, 1),
(40713, 2004, 30006, 50129, 1594, 'Netscape 1.0', 1, 1),
(40714, 2004, 30006, 50129, 1260, '1.0', 1, 1),
(40715, 2004, 30006, 50129, 1263, '1994-12-15', 1, 1),
(40717, 2004, 30006, 50129, 1268, 'first release', 1, 1),
(40718, 2004, 30006, 50130, 1594, 'Netscape 2.0', 1, 1),
(40719, 2004, 30006, 50130, 1260, '2.0', 1, 1),
(40720, 2004, 30006, 50130, 1263, '1995-09-18', 1, 1),
(40722, 2004, 30006, 50130, 1268, 'JavaScript support', 1, 1),
(40723, 2004, 30006, 50131, 1594, 'Netscape 3.0', 1, 1),
(40724, 2004, 30006, 50131, 1260, '3.0', 1, 1),
(40725, 2004, 30006, 50131, 1263, '1996-08-19', 1, 1),
(40727, 2004, 30006, 50131, 1268, '', 1, 1),
(40728, 2004, 30006, 50132, 1594, 'Netscape 4.0', 1, 1),
(40729, 2004, 30006, 50132, 1260, '4.0', 1, 1),
(40730, 2004, 30006, 50132, 1263, '1997-06-11', 1, 1),
(40732, 2004, 30006, 50132, 1268, 'Last release of Netscape', 1, 1),
(40733, 2012, 30006, 50130, 1606, '1.0', 1, 1),
(40734, 2012, 30006, 50131, 1606, '1.1', 1, 1),
(40735, 2012, 30006, 50132, 1606, '1.2', 1, 1),
(40736, 2005, 30001, 50000, 1140, 'false', 1, 1),
(40737, 2005, 30001, 50009, 1140, 'true', 1, 1),
(40804, 2004, 30023, 50145, 1594, 'iOS 1.0 Mobile Safari', 1, 1),
(40805, 2004, 30023, 50145, 1260, '1.0', 1, 1),
(40806, 2004, 30023, 50145, 1263, '2008-03-06', 1, 1),
(40808, 2004, 30023, 50145, 1268, 'first release', 1, 1),
(40809, 2004, 30023, 50146, 1594, 'iOS 2.0 Mobile Safari', 1, 1),
(40810, 2004, 30023, 50146, 1260, '2.0', 1, 1),
(40811, 2004, 30023, 50146, 1263, '2009-01-01', 1, 1),
(40814, 2004, 30023, 50147, 1594, 'iOS 3.0 Mobile Safari', 1, 1),
(40815, 2004, 30023, 50147, 1260, '3.0', 1, 1),
(40816, 2004, 30023, 50147, 1263, '2009-06-17', 1, 1),
(40819, 2004, 30023, 50148, 1594, 'iOS 4.0 Mobile Safari', 1, 1),
(40820, 2004, 30023, 50148, 1260, '4.0', 1, 1),
(40821, 2004, 30023, 50148, 1263, '2010-06-21', 1, 1),
(40822, 2004, 30023, 50148, 1593, '15003', 1, 1),
(40823, 2004, 30023, 50148, 1268, '', 1, 1),
(40824, 2004, 30023, 50149, 1594, 'iOS 4.2 Mobile Safari', 1, 1),
(40825, 2004, 30023, 50149, 1260, '4.2', 1, 1),
(40826, 2004, 30023, 50149, 1263, '2010-11-22', 1, 1),
(40828, 2004, 30023, 50149, 1268, 'full ipad compatibility, chinese URL support', 1, 1),
(40829, 2004, 30023, 50150, 1594, 'iOS 5.0 Mobile Safari', 1, 1),
(40830, 2004, 30023, 50150, 1260, '5.0', 1, 1),
(40831, 2004, 30023, 50150, 1263, '2011-06-06', 1, 1),
(40834, 2004, 30023, 50151, 1594, 'iOS 6.0 Mobile Safari', 1, 1),
(40835, 2004, 30023, 50151, 1260, '6.0', 1, 1),
(40836, 2004, 30023, 50151, 1263, '2012-06-11', 1, 1),
(40839, 2004, 30023, 50152, 1594, 'iOS 7.0 Mobile Safari', 1, 1),
(40840, 2004, 30023, 50152, 1260, '7.0', 1, 1),
(40841, 2004, 30023, 50152, 1263, '2013-06-10', 1, 1),
(40843, 2004, 30023, 50152, 1268, '', 1, 1),
(40845, 2004, 30023, 50153, 1594, 'iOS 3.2 iPad Mobile Safari', 1, 1),
(40846, 2004, 30023, 50153, 1260, '3.2', 1, 1),
(40847, 2004, 30023, 50153, 1263, '2010-04-03', 1, 1),
(40848, 2004, 30023, 50153, 1593, '15001', 1, 1),
(40849, 2004, 30023, 50153, 1268, 'iPad specific release', 1, 1),
(40850, 2004, 30023, 50147, 1268, '', 1, 1),
(40851, 2017, 30023, 50153, 1429, 'true', 1, 1),
(40852, 2004, 30026, 50154, 1594, 'Blackberry 7.0', 1, 1),
(40853, 2004, 30026, 50154, 1260, '7.0', 1, 1),
(40854, 2004, 30026, 50154, 1263, '2011-08-11', 1, 1),
(40857, 2004, 30026, 50155, 1594, 'Blackberry 10.1', 1, 1),
(40858, 2004, 30026, 50155, 1260, '10.1', 1, 1),
(40859, 2004, 30026, 50155, 1263, '2013-05-01', 1, 1),
(40860, 2004, 30026, 50155, 1593, '15001', 1, 1),
(40862, 2004, 30026, 50156, 1594, 'Blackberry 3.0', 1, 1),
(40863, 2004, 30026, 50156, 1260, '3.0', 1, 1),
(40864, 2004, 30026, 50156, 1263, '2002-03-11', 1, 1),
(40866, 2004, 30026, 50156, 1268, 'basic web browsing', 1, 1),
(40867, 2004, 30026, 50157, 1594, 'Blackberry 4.0', 1, 1),
(40868, 2004, 30026, 50157, 1260, '4.0', 1, 1),
(40869, 2004, 30026, 50157, 1263, '2004-01-01', 1, 1),
(40870, 2004, 30026, 50157, 1593, '15004', 1, 1),
(40871, 2004, 30026, 50157, 1268, 'color screens, better web browsing', 1, 1),
(40872, 2004, 30026, 50158, 1594, 'Blackberry 5.0', 1, 1),
(40873, 2004, 30026, 50158, 1260, '5.0', 1, 1),
(40874, 2004, 30026, 50158, 1263, '2008-08-04', 1, 1),
(40878, 2004, 30026, 50159, 1594, 'Blackberry 6.0', 1, 1),
(40879, 2004, 30026, 50159, 1260, '6.0', 1, 1),
(40880, 2004, 30026, 50159, 1263, '2010-04-01', 1, 1),
(40883, 2017, 30026, 50154, 1429, 'true', 1, 1),
(40884, 2004, 30005, 50160, 1594, 'Safari 6.0', 1, 1),
(40885, 2004, 30005, 50160, 1260, '6.0', 1, 1),
(40886, 2004, 30005, 50160, 1263, '2012-07-25', 1, 1),
(40887, 2004, 30005, 50160, 1593, 'common', 1, 1),
(40889, 2004, 30005, 50161, 1594, 'Safari 7.0', 1, 1),
(40890, 2004, 30005, 50161, 1260, '7.0', 1, 1),
(40891, 2004, 30005, 50161, 1263, '2013-10-22', 1, 1),
(40892, 2004, 30005, 50161, 1593, 'common', 1, 1),
(40893, 2004, 30005, 50161, 1268, '', 1, 1),
(40894, 2004, 30005, 50070, 1268, 'acid3 score pass', 1, 1),
(40895, 2004, 30005, 50068, 1268, '', 1, 1),
(40896, 2004, 30005, 50071, 1268, 'HTML5', 1, 1),
(40897, 2004, 30005, 50160, 1268, '-webkit-calc()', 1, 1),
(40898, 2017, 30005, 50072, 1429, 'true', 1, 1),
(40900, 2012, 30001, 50009, 1447, 'true', 1, 1),
(40901, 2017, 30003, 50015, 1429, 'true', 1, 1),
(40902, 2017, 30018, 50052, 1429, 'true', 1, 1),
(40903, 2017, 30001, 50009, 1429, 'true', 1, 1),
(40904, 2017, 30004, 50085, 1429, 'true', 1, 1),
(40905, 2017, 30020, 50101, 1429, 'true', 1, 1),
(40906, 2004, 30022, 50162, 1594, 'Opera Mobile 8.0', 1, 1),
(40907, 2004, 30022, 50162, 1260, '8.0', 1, 1),
(40908, 2004, 30022, 50162, 1263, '2005-07-13', 1, 1),
(40910, 2004, 30022, 50162, 1268, 'DHTML, improved web standard support', 1, 1),
(40911, 2004, 30022, 50163, 1594, 'Opera Mobile 8.6', 1, 1),
(40912, 2004, 30022, 50163, 1260, '8.6', 1, 1),
(40913, 2004, 30022, 50163, 1263, '2006-04-05', 1, 1),
(40915, 2004, 30022, 50163, 1268, 'SVG support', 1, 1),
(40916, 2004, 30022, 50164, 1594, 'Opera Mobile 9.5', 1, 1),
(40917, 2004, 30022, 50164, 1260, '9.5', 1, 1),
(40918, 2004, 30022, 50164, 1263, '2008-02-05', 1, 1),
(40920, 2004, 30022, 50164, 1268, '', 1, 1),
(40921, 2004, 30022, 50165, 1594, 'Opera Mobile 10.0', 1, 1),
(40922, 2004, 30022, 50165, 1260, '10.0', 1, 1),
(40923, 2004, 30022, 50165, 1263, '2009-11-02', 1, 1),
(40924, 2004, 30022, 50165, 1593, '15003', 1, 1),
(40925, 2004, 30022, 50165, 1268, 'first consistent ability across all Opera browsers', 1, 1),
(40926, 2004, 30022, 50166, 1594, 'Opera Mobile 11.0', 1, 1),
(40927, 2004, 30022, 50166, 1260, '11.0', 1, 1),
(40928, 2004, 30022, 50166, 1263, '2011-03-22', 1, 1),
(40930, 2004, 30022, 50166, 1268, 'first android version', 1, 1),
(40931, 2004, 30022, 50167, 1594, 'Opera Mobile 12.0', 1, 1),
(40932, 2004, 30022, 50167, 1260, '12.0', 1, 1),
(40933, 2004, 30022, 50167, 1263, '2012-02-27', 1, 1),
(40935, 2004, 30022, 50167, 1268, 'last Presto version', 1, 1),
(40936, 2004, 30022, 50168, 1594, 'Opera Mobile 14.0', 1, 1),
(40937, 2004, 30022, 50168, 1260, '14.0', 1, 1),
(40938, 2004, 30022, 50168, 1263, '2013-05-27', 1, 1),
(40940, 2004, 30022, 50168, 1268, 'webkit based browser', 1, 1),
(40941, 2004, 30022, 50169, 1594, 'Opera Mobile 11.5', 1, 1),
(40942, 2004, 30022, 50169, 1260, '11.5', 1, 1),
(40943, 2004, 30022, 50169, 1263, '2011-11-02', 1, 1),
(40945, 2004, 30022, 50169, 1268, '', 1, 1),
(40946, 2017, 30022, 50165, 1429, 'true', 1, 1),
(40948, 2021, 30026, 50154, 1332, 'true', 1, 1),
(40949, 2021, 30003, 50015, 1332, 'true', 1, 1),
(40950, 2021, 30018, 50052, 1332, 'true', 1, 1),
(40951, 2021, 30001, 50008, 1332, 'true', 1, 1),
(40952, 2021, 30004, 50085, 1332, 'true', 1, 1),
(40953, 2021, 30020, 50101, 1332, 'true', 1, 1),
(40954, 2021, 30022, 50165, 1332, 'true', 1, 1),
(40955, 2021, 30005, 50069, 1332, 'true', 1, 1),
(40956, 2021, 30023, 50153, 1332, 'true', 1, 1),
(40963, 2012, 30003, 50013, 1447, 'false', 1, 1),
(40965, 2012, 30026, 50156, 1447, 'false', 1, 1),
(40967, 2012, 30026, 50154, 1464, 'true', 1, 1),
(40968, 2012, 30003, 50017, 1464, 'true', 1, 1),
(40969, 2012, 30018, 50052, 1464, 'true', 1, 1),
(40970, 2012, 30001, 50009, 1464, 'true', 1, 1),
(40971, 2012, 30004, 50088, 1464, 'true', 1, 1),
(40972, 2012, 30020, 50101, 1464, 'true', 1, 1),
(40973, 2012, 30022, 50165, 1464, 'true', 1, 1),
(40974, 2012, 30005, 50070, 1464, 'true', 1, 1),
(40976, 2004, 30023, 50146, 1268, 'approx release date', 1, 1),
(40977, 2012, 30023, 50148, 1464, 'true', 1, 1),
(41072, 2027, 30026, 50154, 1326, 'true', 1, 1),
(41073, 2027, 30026, 50156, 1326, 'false', 1, 1),
(41074, 2027, 30018, 50052, 1326, 'true', 1, 1),
(41075, 2012, 30018, 50049, 1437, 'true', 1, 1),
(41076, 2012, 30018, 50061, 1473, 'true', 1, 1),
(41077, 2012, 30001, 50011, 1473, 'true', 1, 1),
(41078, 2012, 30003, 50025, 1473, 'true', 1, 1),
(41079, 2012, 30004, 50096, 1473, 'true', 1, 1),
(41089, 2004, 30026, 50154, 1268, 'true', 1, 1),
(41091, 2013, 30018, 50049, 1505, 'true', 1, 1),
(41092, 2013, 30003, 50013, 1505, 'true', 1, 1),
(41100, 2013, 30001, 50000, 1505, 'false', 1, 1),
(41102, 2013, 30001, 50005, 1505, 'true', 1, 1),
(41106, 2006, 30004, 50073, 1811, 'false', 1, 1),
(41107, 2006, 30004, 50073, 1380, 'false', 1, 1),
(41108, 2006, 30004, 50075, 1380, 'true', 1, 1),
(41109, 2006, 30004, 50083, 1811, 'true', 1, 1),
(41110, 2012, 30004, 50077, 1606, '1.3', 1, 1),
(41111, 2005, 30004, 50078, 1214, 'true', 1, 1),
(41112, 2005, 30004, 50073, 1214, 'false', 1, 1),
(41220, 2004, 30026, 50155, 1268, '', 1, 1),
(41221, 2004, 30026, 50502, 1594, 'Blackberry 10.2', 1, 1),
(41222, 2004, 30026, 50502, 1260, '10.2', 1, 1),
(41223, 2004, 30026, 50502, 1263, '2013-10-23', 1, 1),
(41224, 2004, 30026, 50502, 1593, '15001', 1, 1),
(41225, 2004, 30026, 50502, 1268, 'support for H.264', 1, 1),
(41232, 2022, 30026, 50155, 1351, 'true', 1, 1),
(41233, 2022, 30026, 50156, 1351, 'false', 1, 1),
(41234, 2022, 30017, 50500, 1351, 'false', 1, 1),
(41235, 2004, 30003, 50503, 1594, 'Firefox 22.0', 1, 1),
(41236, 2004, 30003, 50503, 1260, '22.0', 1, 1),
(41237, 2004, 30003, 50503, 1263, '2013-06-25', 1, 1),
(41239, 2004, 30003, 50503, 1268, 'WebRTC, CSS FlexBox by default', 1, 1),
(41240, 2004, 30003, 50504, 1594, 'Firefox 23.0', 1, 1),
(41241, 2004, 30003, 50504, 1260, '23.0', 1, 1),
(41242, 2004, 30003, 50504, 1263, '2013-08-06', 1, 1),
(41244, 2004, 30003, 50504, 1268, 'blink tag dripped, input type=range implemented', 1, 1),
(41245, 2004, 30003, 50505, 1594, 'Firefox 24.0', 1, 1),
(41246, 2004, 30003, 50505, 1260, '24.0', 1, 1),
(41247, 2004, 30003, 50505, 1263, '2013-09-12', 1, 1),
(41248, 2004, 30003, 50505, 1593, 'common', 1, 1),
(41249, 2004, 30003, 50505, 1268, 'better SVG rendering', 1, 1),
(41250, 2022, 30003, 50013, 1351, 'false', 1, 1),
(41251, 2022, 30018, 50054, 1351, 'true', 1, 1),
(41252, 2022, 30001, 50000, 1351, 'false', 1, 1),
(41253, 2022, 30001, 50010, 1351, 'true', 1, 1),
(41254, 2022, 30004, 50073, 1351, 'false', 1, 1),
(41255, 2022, 30005, 50071, 1351, 'true', 1, 1),
(41256, 2022, 30023, 50153, 1351, 'true', 1, 1),
(41257, 2004, 30018, 50506, 1594, 'Chrome 30', 1, 1),
(41258, 2004, 30018, 50506, 1260, '30.0', 1, 1),
(41259, 2004, 30018, 50506, 1263, '2013-10-01', 1, 1),
(41261, 2004, 30018, 50506, 1268, 'addresses multiple security problems', 1, 1),
(41262, 2004, 30018, 50507, 1594, 'Chrome 32', 1, 1),
(41263, 2004, 30018, 50507, 1260, '32.0', 1, 1),
(41264, 2004, 30018, 50507, 1263, '2014-01-14', 1, 1),
(41266, 2004, 30018, 50507, 1268, '', 1, 1),
(41267, 2008, 30018, 50112, 1500, '431', 1, 1),
(41268, 2008, 30018, 50113, 1500, '434', 1, 1),
(41269, 2008, 30018, 50064, 1500, '392', 1, 1),
(41270, 2008, 30018, 50062, 1500, '383', 1, 1),
(41271, 2008, 30018, 50054, 1500, '284', 1, 1),
(41272, 2008, 30018, 50058, 1500, '371', 1, 1),
(41273, 2008, 30018, 50109, 1500, '399', 1, 1),
(41274, 2008, 30018, 50111, 1500, '418', 1, 1),
(41276, 2008, 30018, 50115, 1500, '448', 1, 1),
(41277, 2008, 30018, 50116, 1500, '463', 1, 1),
(41278, 2008, 30018, 50117, 1500, '468', 1, 1),
(41279, 2008, 30018, 50120, 1500, '463', 1, 1),
(41535, 2004, 30017, 50501, 1593, '15004', 1, 1),
(41536, 2004, 30001, 50012, 1593, '15000', 1, 1),
(41537, 2004, 30001, 50008, 1593, '15003', 1, 1),
(41539, 2027, 30001, 50000, 1326, 'false', 1, 1),
(41540, 2027, 30001, 50010, 1326, 'true', 1, 1),
(41543, 2004, 30001, 50557, 1594, 'MSIE 5.0', 1, 1),
(41544, 2004, 30001, 50557, 1260, '5.0', 1, 1),
(41545, 2004, 30001, 50557, 1263, '1999-03-18', 1, 1),
(41546, 2004, 30001, 50557, 1593, '15004', 1, 1),
(41547, 2004, 30001, 50557, 1268, 'XMLHttpRequest, bi-directional text, ruby characters, XML, XSLT, compatibility mode', 1, 1),
(41548, 2004, 30001, 50009, 1593, '15000', 1, 1),
(41549, 2004, 30001, 50000, 1619, 'false', 1, 1),
(41550, 2004, 30001, 50003, 1619, 'true', 1, 1),
(41551, 2004, 30001, 50007, 1591, '', 1, 1),
(41564, 2004, 30043, 50558, 1594, 'MSIE 2.0 Mac', 1, 1),
(41565, 2004, 30043, 50558, 1260, '2.0', 1, 1),
(41566, 2004, 30043, 50558, 1263, '1996-01-23', 1, 1),
(41568, 2004, 30043, 50558, 1268, 'supported aiff, wav, quicktime, avi', 1, 1),
(41569, 2004, 30043, 50559, 1594, 'MSIE 3.0 Mac', 1, 1),
(41570, 2004, 30043, 50559, 1260, '3.0', 1, 1),
(41571, 2004, 30043, 50559, 1263, '1997-01-08', 1, 1),
(41573, 2004, 30043, 50559, 1268, 'SSL, HTML 3.2, CSS 1', 1, 1),
(41574, 2004, 30043, 50560, 1594, 'MSIE 4.0 Mac', 1, 1),
(41575, 2004, 30043, 50560, 1260, '4.0', 1, 1),
(41576, 2004, 30043, 50560, 1263, '1998-01-06', 1, 1),
(41578, 2004, 30043, 50560, 1268, 'Dynamic HTML DOM 0', 1, 1),
(41579, 2004, 30043, 50561, 1594, 'MSIE 4.5 Mac', 1, 1),
(41580, 2004, 30043, 50561, 1260, '4.5', 1, 1),
(41581, 2004, 30043, 50561, 1263, '1999-01-01', 1, 1),
(41584, 2004, 30043, 50562, 1594, 'MSIE 5.0 Mac', 1, 1),
(41585, 2004, 30043, 50562, 1260, '5.0', 1, 1),
(41586, 2004, 30043, 50562, 1263, '2000-03-27', 1, 1),
(41591, 2004, 30043, 50561, 1268, '', 1, 1),
(41592, 2004, 30043, 50562, 1268, 'HTML 4.0, CSS 1, DOM 1, ECMA', 1, 1),
(41593, 2004, 30043, 50563, 1594, 'MSIE 5.1 Mac', 1, 1),
(41594, 2004, 30043, 50563, 1260, '5.1', 1, 1),
(41595, 2004, 30043, 50563, 1263, '2003-06-16', 1, 1),
(41597, 2004, 30043, 50563, 1268, 'OS 8, 9', 1, 1),
(41598, 2004, 30043, 50564, 1594, 'MSIE 5.2 Mac', 1, 1),
(41599, 2004, 30043, 50564, 1260, '5.2', 1, 1),
(41600, 2004, 30043, 50564, 1263, '2003-07-07', 1, 1),
(41601, 2004, 30043, 50564, 1593, '15004', 1, 1),
(41602, 2004, 30043, 50564, 1268, 'OS X (final version)', 1, 1),
(41603, 2004, 30020, 50565, 1594, 'Opera Mini 7', 1, 1),
(41604, 2004, 30020, 50565, 1260, '7.0', 1, 1),
(41605, 2004, 30020, 50565, 1263, '2012-06-26', 1, 1),
(41606, 2004, 30020, 50565, 1593, 'common', 1, 1),
(41607, 2004, 30020, 50565, 1268, '', 1, 1),
(41608, 2004, 30044, 50566, 1594, 'UC Browser 6.0', 1, 1),
(41609, 2004, 30044, 50566, 1260, '6.0', 1, 1),
(41610, 2004, 30044, 50566, 1263, '2008-05-01', 1, 1),
(41613, 2004, 30044, 50567, 1594, 'UC Browser 7.0', 1, 1),
(41614, 2004, 30044, 50567, 1260, '7.0', 1, 1),
(41615, 2004, 30044, 50567, 1263, '2009-12-30', 1, 1),
(41616, 2004, 30044, 50567, 1593, '15004', 1, 1),
(41618, 2004, 30044, 50568, 1594, 'UC Browser 7.1', 1, 1),
(41619, 2004, 30044, 50568, 1260, '7.1', 1, 1),
(41620, 2004, 30044, 50568, 1263, '2010-02-21', 1, 1),
(41623, 2004, 30044, 50569, 1594, 'UC Browser 7.2', 1, 1),
(41624, 2004, 30044, 50569, 1260, '7.2', 1, 1),
(41625, 2004, 30044, 50569, 1263, '2010-03-24', 1, 1),
(41628, 2004, 30044, 50570, 1594, 'UC Browser 7.3', 1, 1),
(41629, 2004, 30044, 50570, 1260, '7.3', 1, 1),
(41630, 2004, 30044, 50570, 1263, '2010-07-16', 1, 1),
(41633, 2004, 30044, 50571, 1594, 'UC Browser 7.4', 1, 1),
(41634, 2004, 30044, 50571, 1260, '7.4', 1, 1),
(41635, 2004, 30044, 50571, 1263, '2010-11-03', 1, 1),
(41638, 2004, 30044, 50572, 1594, 'UC Browser 7.5', 1, 1),
(41639, 2004, 30044, 50572, 1260, '7.5', 1, 1),
(41640, 2004, 30044, 50572, 1263, '2010-12-03', 1, 1),
(41643, 2004, 30044, 50573, 1594, 'UC Browser 7.6', 1, 1),
(41644, 2004, 30044, 50573, 1260, '7.6', 1, 1),
(41645, 2004, 30044, 50573, 1263, '2011-03-16', 1, 1),
(41648, 2004, 30044, 50574, 1594, 'UC Browser 7.7', 1, 1),
(41649, 2004, 30044, 50574, 1260, '7.7', 1, 1),
(41650, 2004, 30044, 50574, 1263, '2011-05-12', 1, 1),
(41653, 2004, 30044, 50575, 1594, 'UC Browser 7.8', 1, 1),
(41654, 2004, 30044, 50575, 1260, '7.8', 1, 1),
(41655, 2004, 30044, 50575, 1263, '2011-09-16', 1, 1),
(41657, 2004, 30044, 50575, 1268, 'INCORRECT REL DATE', 1, 1),
(41658, 2004, 30044, 50576, 1594, 'UC Browser 7.9', 1, 1),
(41659, 2004, 30044, 50576, 1260, '7.9', 1, 1),
(41660, 2004, 30044, 50576, 1263, '2011-12-15', 1, 1),
(41662, 2004, 30044, 50576, 1268, 'INCORRECT REL DATE, possibly sept', 1, 1),
(41663, 2004, 30044, 50577, 1594, 'UC Browser 8.0', 1, 1),
(41664, 2004, 30044, 50577, 1260, '8.0', 1, 1),
(41668, 2004, 30044, 50578, 1594, 'UC Browser 8.1', 1, 1),
(41669, 2004, 30044, 50578, 1260, '8.1', 1, 1),
(41670, 2004, 30044, 50578, 1263, '2012-02-08', 1, 1),
(41674, 2004, 30044, 50579, 1594, 'UC Browser 8.2', 1, 1),
(41675, 2004, 30044, 50579, 1260, '8.2', 1, 1),
(41676, 2004, 30044, 50579, 1263, '2012-04-12', 1, 1),
(41678, 2004, 30044, 50579, 1268, 'INCORRECT DATE', 1, 1),
(41679, 2004, 30044, 50577, 1263, '2012-01-05', 1, 1),
(41680, 2004, 30044, 50580, 1594, 'UC Browser 8.3', 1, 1),
(41681, 2004, 30044, 50580, 1260, '8.3', 1, 1),
(41682, 2004, 30044, 50580, 1263, '2012-05-14', 1, 1),
(41685, 2004, 30044, 50581, 1594, 'UC Browser 8.4', 1, 1),
(41686, 2004, 30044, 50581, 1260, '8.4', 1, 1),
(41687, 2004, 30044, 50581, 1263, '2012-05-17', 1, 1),
(41690, 2004, 30044, 50582, 1594, 'UC Browser 8.5', 1, 1),
(41691, 2004, 30044, 50582, 1260, '8.5', 1, 1),
(41692, 2004, 30044, 50582, 1263, '2012-09-20', 1, 1),
(41695, 2004, 30044, 50583, 1594, 'UC Browser 8.6', 1, 1),
(41696, 2004, 30044, 50583, 1260, '8.6', 1, 1),
(41697, 2004, 30044, 50583, 1263, '2012-11-06', 1, 1),
(41699, 2004, 30044, 50583, 1268, '', 1, 1),
(41700, 2004, 30044, 50584, 1594, 'UC Browser 8.7', 1, 1),
(41701, 2004, 30044, 50584, 1260, '8.7', 1, 1),
(41702, 2004, 30044, 50584, 1263, '2012-11-08', 1, 1),
(41704, 2004, 30044, 50584, 1268, 'INCORRECT DATE', 1, 1),
(41705, 2004, 30044, 50585, 1594, 'UC Browser 8.8', 1, 1),
(41706, 2004, 30044, 50585, 1260, '8.8', 1, 1),
(41707, 2004, 30044, 50585, 1263, '2012-12-08', 1, 1),
(41710, 2004, 30044, 50586, 1594, 'UC Browser 8.9', 1, 1),
(41711, 2004, 30044, 50586, 1260, '8.9', 1, 1),
(41712, 2004, 30044, 50586, 1263, '2013-01-24', 1, 1),
(41714, 2004, 30044, 50586, 1268, '', 1, 1),
(41715, 2004, 30044, 50587, 1594, 'UC Browser 9.0', 1, 1),
(41716, 2004, 30044, 50587, 1260, '9.0', 1, 1),
(41717, 2004, 30044, 50587, 1263, '2013-04-03', 1, 1),
(41719, 2004, 30044, 50587, 1268, '', 1, 1),
(41720, 2004, 30044, 50588, 1594, 'UC Browser 9.1', 1, 1),
(41721, 2004, 30044, 50588, 1260, '9.1', 1, 1),
(41722, 2004, 30044, 50588, 1263, '2013-06-25', 1, 1),
(41724, 2004, 30044, 50588, 1268, '', 1, 1),
(41725, 2004, 30044, 50589, 1594, 'UC Browser 9.2', 1, 1),
(41726, 2004, 30044, 50589, 1260, '9.2', 1, 1),
(41727, 2004, 30044, 50589, 1263, '2013-07-19', 1, 1),
(41729, 2004, 30044, 50589, 1268, '', 1, 1),
(41730, 2004, 30044, 50590, 1594, 'UC Browser 9.3', 1, 1),
(41731, 2004, 30044, 50590, 1260, '9.3', 1, 1),
(41732, 2004, 30044, 50590, 1263, '2013-09-25', 1, 1),
(41734, 2004, 30044, 50590, 1268, '', 1, 1),
(41735, 2004, 30044, 50591, 1594, 'UC Browser 9.4', 1, 1),
(41736, 2004, 30044, 50591, 1260, '9.4', 1, 1),
(41737, 2004, 30044, 50591, 1263, '2013-11-18', 1, 1),
(41739, 2004, 30044, 50591, 1268, '', 1, 1),
(41740, 2004, 30044, 50592, 1594, 'UC Browser 9.5', 1, 1),
(41741, 2004, 30044, 50592, 1260, '9.5', 1, 1),
(41742, 2004, 30044, 50592, 1263, '2013-11-26', 1, 1),
(41743, 2004, 30044, 50592, 1593, '15001', 1, 1),
(41744, 2004, 30044, 50592, 1268, '', 1, 1),
(41753, 2004, 30044, 50573, 1593, '15003', 1, 1),
(41754, 2004, 30044, 50568, 1593, '15004', 1, 1),
(41769, 2004, 30044, 50577, 1593, '15001', 1, 1),
(41775, 2004, 30046, 50594, 1594, 'Netfront 3.0', 1, 1),
(41776, 2004, 30046, 50594, 1260, '3.0', 1, 1),
(41777, 2004, 30046, 50594, 1263, '2001-09-10', 1, 1),
(41779, 2004, 30046, 50594, 1268, 'first mention of beta', 1, 1),
(41780, 2004, 30046, 50595, 1594, 'Netfront 3.1', 1, 1),
(41781, 2004, 30046, 50595, 1260, '3.1', 1, 1),
(41782, 2004, 30046, 50595, 1263, '2002-07-24', 1, 1),
(41784, 2004, 30046, 50595, 1268, 'oldest reference to 3.1', 1, 1),
(41785, 2004, 30046, 50596, 1594, 'Netfront 3.2', 1, 1),
(41786, 2004, 30046, 50596, 1260, '3.2', 1, 1),
(41787, 2004, 30046, 50596, 1263, '2004-09-08', 1, 1),
(41789, 2004, 30046, 50596, 1268, 'oldest reference to 3.2', 1, 1),
(41790, 2004, 30046, 50597, 1594, 'Netfront 3.3', 1, 1),
(41791, 2004, 30046, 50597, 1260, '3.3', 1, 1),
(41792, 2004, 30046, 50597, 1263, '2005-01-20', 1, 1),
(41793, 2004, 30046, 50597, 1593, '15003', 1, 1),
(41795, 2004, 30046, 50598, 1594, 'Netfront 3.4', 1, 1),
(41796, 2004, 30046, 50598, 1260, '3.4', 1, 1),
(41797, 2004, 30046, 50598, 1263, '2007-12-05', 1, 1),
(41800, 2004, 30046, 50599, 1594, 'Netfront 3.5', 1, 1),
(41801, 2004, 30046, 50599, 1260, '3.5', 1, 1),
(41802, 2004, 30046, 50599, 1263, '2008-02-08', 1, 1),
(41804, 2004, 30046, 50599, 1268, '', 1, 1),
(41805, 2004, 30046, 50600, 1594, 'Netfront 4.0', 1, 1),
(41806, 2004, 30046, 50600, 1260, '4.0', 1, 1),
(41807, 2004, 30046, 50600, 1263, '2010-01-14', 1, 1),
(41809, 2004, 30046, 50600, 1268, '20x faster javascript', 1, 1),
(41810, 2004, 30046, 50601, 1594, 'Netfront 4.1', 1, 1),
(41811, 2004, 30046, 50601, 1260, '4.1', 1, 1),
(41812, 2004, 30046, 50601, 1263, '2010-10-18', 1, 1),
(41814, 2004, 30046, 50601, 1268, '', 1, 1),
(41815, 2004, 30046, 50602, 1594, 'Netfront 4.2', 1, 1),
(41816, 2004, 30046, 50602, 1260, '4.2', 1, 1),
(41817, 2004, 30046, 50602, 1263, '2011-03-11', 1, 1),
(41819, 2004, 30046, 50602, 1268, '', 1, 1),
(41825, 2004, 30086, 50603, 1594, 'Netfront Life 2.2', 1, 1),
(41826, 2004, 30086, 50603, 1260, '2.2', 1, 1),
(41827, 2004, 30086, 50603, 1263, '2010-11-17', 1, 1),
(41828, 2004, 30086, 50603, 1593, 'common', 1, 1),
(41829, 2004, 30086, 50603, 1268, '', 1, 1),
(41835, 2004, 30086, 50605, 1594, 'Netfront Life 2.3', 1, 1),
(41836, 2004, 30086, 50605, 1260, '2.3', 1, 1),
(41837, 2004, 30086, 50605, 1263, '2011-05-11', 1, 1),
(41838, 2004, 30086, 50605, 1593, 'common', 1, 1),
(41839, 2004, 30086, 50605, 1268, '', 1, 1),
(41845, 2004, 30022, 50607, 1594, 'Opera Mobile 15.0', 1, 1),
(41846, 2004, 30022, 50607, 1260, '15.0', 1, 1),
(41847, 2004, 30022, 50607, 1263, '2013-07-01', 1, 1),
(41850, 2004, 30022, 50608, 1594, 'Opera Mobile 16.0', 1, 1),
(41851, 2004, 30022, 50608, 1260, '16.0', 1, 1),
(41852, 2004, 30022, 50608, 1263, '2013-09-01', 1, 1),
(41854, 2004, 30022, 50608, 1268, 'android release', 1, 1),
(41855, 2004, 30022, 50609, 1594, 'Opera Mobile 18.0', 1, 1),
(41856, 2004, 30022, 50609, 1260, '18.0', 1, 1),
(41857, 2004, 30022, 50609, 1263, '2013-11-20', 1, 1),
(41858, 2004, 30022, 50609, 1593, '15001', 1, 1),
(41859, 2004, 30022, 50609, 1268, '', 1, 1),
(41860, 2004, 30087, 50610, 1594, 'Coast 1.0', 1, 1),
(41861, 2004, 30087, 50610, 1260, '1.0', 1, 1),
(41862, 2004, 30087, 50610, 1263, '2013-07-09', 1, 1),
(41863, 2004, 30087, 50610, 1593, 'common', 1, 1),
(41864, 2004, 30087, 50610, 1268, 'first release, some bugs', 1, 1),
(41865, 2004, 30088, 50611, 1594, 'Chrome for Android 16', 1, 1),
(41866, 2004, 30088, 50611, 1260, '16.0', 1, 1),
(41867, 2004, 30088, 50611, 1263, '2012-02-07', 1, 1),
(41869, 2004, 30088, 50611, 1268, 'Beta release', 1, 1),
(41870, 2004, 30088, 50612, 1594, 'Chrome for Android 18', 1, 1),
(41871, 2004, 30088, 50612, 1260, '18.0', 1, 1),
(41872, 2004, 30088, 50612, 1263, '2012-06-27', 1, 1),
(41874, 2004, 30088, 50612, 1268, 'First production release, on Intel systems', 1, 1),
(41875, 2004, 30088, 50613, 1594, 'Chrome for Android 25', 1, 1),
(41876, 2004, 30088, 50613, 1260, '25.0', 1, 1),
(41877, 2004, 30088, 50613, 1263, '2013-02-27', 1, 1),
(41881, 2004, 30088, 50614, 1594, 'Chrome for Android 26', 1, 1),
(41882, 2004, 30088, 50614, 1260, '26.0', 1, 1),
(41883, 2004, 30088, 50614, 1263, '2013-04-03', 1, 1),
(41886, 2004, 30088, 50615, 1594, 'Chrome for Android 27', 1, 1),
(41887, 2004, 30088, 50615, 1260, '27.0', 1, 1),
(41888, 2004, 30088, 50615, 1263, '2013-04-25', 1, 1),
(41891, 2004, 30088, 50616, 1594, 'Chrome for Android 28', 1, 1),
(41892, 2004, 30088, 50616, 1260, '28.0', 1, 1),
(41893, 2004, 30088, 50616, 1263, '2013-05-22', 1, 1),
(41894, 2004, 30088, 50616, 1593, '15001', 1, 1),
(41896, 2004, 30088, 50614, 1268, '', 1, 1),
(41897, 2004, 30089, 50617, 1594, 'Chrome for iOS 19', 1, 1),
(41898, 2004, 30089, 50617, 1260, '19,0', 1, 1),
(41899, 2004, 30089, 50617, 1263, '2012-06-28', 1, 1),
(41901, 2004, 30089, 50617, 1268, 'first stable release for iOS', 1, 1),
(41907, 2004, 30089, 50619, 1594, 'Chrome for iOS 21', 1, 1),
(41908, 2004, 30089, 50619, 1260, '21.1', 1, 1),
(41909, 2004, 30089, 50619, 1263, '2012-08-22', 1, 1),
(41911, 2004, 30089, 50619, 1268, '', 1, 1),
(41917, 2004, 30089, 50621, 1594, 'Chrome for iOS 23', 1, 1),
(41918, 2004, 30089, 50621, 1260, '23.0', 1, 1);
INSERT INTO `clients_properties` (`id`, `components_id`, `clients_id`, `clients_versions_id`, `properties_id`, `property_value`, `num_tests`, `confidence`) VALUES
(41919, 2004, 30089, 50621, 1263, '2012-11-28', 1, 1),
(41921, 2004, 30089, 50621, 1268, '', 1, 1),
(41927, 2004, 30089, 50623, 1594, 'Chrome for iOS 25', 1, 1),
(41928, 2004, 30089, 50623, 1260, '25.0', 1, 1),
(41929, 2004, 30089, 50623, 1263, '2013-03-04', 1, 1),
(41932, 2004, 30089, 50624, 1594, 'Chrome for iOS 26', 1, 1),
(41933, 2004, 30089, 50624, 1260, '26.0', 1, 1),
(41934, 2004, 30089, 50624, 1263, '2013-04-09', 1, 1),
(41937, 2004, 30089, 50625, 1594, 'Chrome for iOS 27', 1, 1),
(41938, 2004, 30089, 50625, 1260, '27.0', 1, 1),
(41939, 2004, 30089, 50625, 1263, '2013-06-13', 1, 1),
(41942, 2004, 30089, 50626, 1594, 'Chrome for iOS 28', 1, 1),
(41943, 2004, 30089, 50626, 1260, '28.0', 1, 1),
(41944, 2004, 30089, 50626, 1263, '2013-07-17', 1, 1),
(41947, 2004, 30089, 50627, 1594, 'Chrome for iOS 29', 1, 1),
(41948, 2004, 30089, 50627, 1260, '29.0', 1, 1),
(41949, 2004, 30089, 50627, 1263, '2013-08-17', 1, 1),
(41952, 2004, 30089, 50628, 1594, 'Chrome for iOS 30', 1, 1),
(41953, 2004, 30089, 50628, 1260, '30.0', 1, 1),
(41954, 2004, 30089, 50628, 1263, '2013-09-18', 1, 1),
(41957, 2004, 30089, 50629, 1594, 'Chrome for iOS 31', 1, 1),
(41958, 2004, 30089, 50629, 1260, '31.0', 1, 1),
(41959, 2004, 30089, 50629, 1263, '2013-11-20', 1, 1),
(41961, 2004, 30089, 50629, 1268, '', 1, 1),
(41962, 2004, 30089, 50629, 1593, '15001', 1, 1),
(41963, 2004, 30090, 50630, 1594, 'Chrome OS 8', 1, 1),
(41964, 2004, 30090, 50630, 1260, '8.0', 1, 1),
(41965, 2004, 30090, 50630, 1263, '2011-01-12', 1, 1),
(41966, 2004, 30090, 50630, 1593, '15000', 1, 1),
(41968, 2004, 30090, 50631, 1594, 'Chrome OS 10', 1, 1),
(41969, 2004, 30090, 50631, 1260, '10.0', 1, 1),
(41970, 2004, 30090, 50631, 1263, '2011-03-08', 1, 1),
(41971, 2004, 30090, 50631, 1593, 'common', 1, 1),
(41973, 2004, 30090, 50632, 1594, 'Chrome OS 11', 1, 1),
(41974, 2004, 30090, 50632, 1260, '11.0', 1, 1),
(41975, 2004, 30090, 50632, 1263, '2011-02-05', 1, 1),
(41976, 2004, 30090, 50632, 1593, 'common', 1, 1),
(41978, 2004, 30090, 50633, 1594, 'Chrome OS 12', 1, 1),
(41979, 2004, 30090, 50633, 1260, '12.0', 1, 1),
(41980, 2004, 30090, 50633, 1263, '2011-07-06', 1, 1),
(41981, 2004, 30090, 50633, 1593, 'common', 1, 1),
(41983, 2004, 30090, 50634, 1594, 'Chrome OS 13', 1, 1),
(41984, 2004, 30090, 50634, 1260, '13.0', 1, 1),
(41985, 2004, 30090, 50634, 1263, '2011-08-04', 1, 1),
(41986, 2004, 30090, 50634, 1593, 'common', 1, 1),
(41988, 2004, 30090, 50635, 1594, 'Chrome OS 14', 1, 1),
(41989, 2004, 30090, 50635, 1260, '14.0', 1, 1),
(41990, 2004, 30090, 50635, 1263, '2011-09-20', 1, 1),
(41991, 2004, 30090, 50635, 1593, 'common', 1, 1),
(41993, 2004, 30090, 50636, 1594, 'Chrome OS 15', 1, 1),
(41994, 2004, 30090, 50636, 1260, '15.0', 1, 1),
(41995, 2004, 30090, 50636, 1263, '2011-11-09', 1, 1),
(41996, 2004, 30090, 50636, 1593, 'common', 1, 1),
(41999, 2004, 30090, 50637, 1594, 'Chrome OS 16', 1, 1),
(42000, 2004, 30090, 50637, 1260, '16.0', 1, 1),
(42001, 2004, 30090, 50637, 1263, '2011-12-16', 1, 1),
(42002, 2004, 30090, 50637, 1593, 'common', 1, 1),
(42005, 2004, 30090, 50638, 1594, 'Chrome OS 17', 1, 1),
(42006, 2004, 30090, 50638, 1260, '17.0', 1, 1),
(42007, 2004, 30090, 50638, 1263, '2012-02-16', 1, 1),
(42008, 2004, 30090, 50638, 1593, 'common', 1, 1),
(42010, 2004, 30090, 50639, 1594, 'Chrome OS 18', 1, 1),
(42011, 2004, 30090, 50639, 1260, '18.0', 1, 1),
(42012, 2004, 30090, 50639, 1263, '2012-03-28', 1, 1),
(42013, 2004, 30090, 50639, 1593, 'common', 1, 1),
(42015, 2004, 30090, 50640, 1594, 'Chrome OS 19', 1, 1),
(42016, 2004, 30090, 50640, 1260, '19.0', 1, 1),
(42017, 2004, 30090, 50640, 1263, '2012-06-12', 1, 1),
(42018, 2004, 30090, 50640, 1593, 'common', 1, 1),
(42020, 2004, 30090, 50641, 1594, 'Chrome OS 20', 1, 1),
(42021, 2004, 30090, 50641, 1260, '20.0', 1, 1),
(42022, 2004, 30090, 50641, 1263, '2012-07-31', 1, 1),
(42023, 2004, 30090, 50641, 1593, 'common', 1, 1),
(42025, 2004, 30090, 50642, 1594, 'Chrome OS 21', 1, 1),
(42026, 2004, 30090, 50642, 1260, '21.0', 1, 1),
(42027, 2004, 30090, 50642, 1263, '2012-08-21', 1, 1),
(42028, 2004, 30090, 50642, 1593, 'common', 1, 1),
(42029, 2004, 30090, 50642, 1268, '', 1, 1),
(42030, 2004, 30090, 50643, 1594, 'Chrome OS 22', 1, 1),
(42031, 2004, 30090, 50643, 1260, '22.0', 1, 1),
(42032, 2004, 30090, 50643, 1263, '2012-09-12', 1, 1),
(42033, 2004, 30090, 50643, 1593, 'common', 1, 1),
(42034, 2004, 30090, 50643, 1268, 'BETA only', 1, 1),
(42035, 2004, 30090, 50644, 1594, 'Chrome OS 23', 1, 1),
(42036, 2004, 30090, 50644, 1260, '23.0', 1, 1),
(42037, 2004, 30090, 50644, 1263, '2012-11-02', 1, 1),
(42038, 2004, 30090, 50644, 1593, 'common', 1, 1),
(42039, 2004, 30090, 50644, 1268, '', 1, 1),
(42040, 2004, 30090, 50645, 1594, 'Chrome OS 24', 1, 1),
(42041, 2004, 30090, 50645, 1260, '24.0', 1, 1),
(42042, 2004, 30090, 50645, 1263, '2012-12-12', 1, 1),
(42043, 2004, 30090, 50645, 1593, 'common', 1, 1),
(42044, 2004, 30090, 50645, 1268, 'BETA only', 1, 1),
(42045, 2004, 30090, 50646, 1594, 'Chrome OS 25', 1, 1),
(42046, 2004, 30090, 50646, 1260, '25.0', 1, 1),
(42047, 2004, 30090, 50646, 1263, '2013-02-20', 1, 1),
(42048, 2004, 30090, 50646, 1593, 'common', 1, 1),
(42050, 2004, 30090, 50647, 1594, 'Chrome OS 26', 1, 1),
(42051, 2004, 30090, 50647, 1260, '26.0', 1, 1),
(42052, 2004, 30090, 50647, 1263, '2013-04-08', 1, 1),
(42053, 2004, 30090, 50647, 1593, 'common', 1, 1),
(42055, 2004, 30090, 50648, 1594, 'Chrome OS 27', 1, 1),
(42056, 2004, 30090, 50648, 1260, '27.0', 1, 1),
(42057, 2004, 30090, 50648, 1263, '2013-05-23', 1, 1),
(42058, 2004, 30090, 50648, 1593, 'common', 1, 1),
(42061, 2004, 30090, 50649, 1594, 'Chrome OS 28', 1, 1),
(42062, 2004, 30090, 50649, 1260, '28.0', 1, 1),
(42063, 2004, 30090, 50649, 1263, '2013-07-11', 1, 1),
(42064, 2004, 30090, 50649, 1593, 'common', 1, 1),
(42065, 2004, 30090, 50649, 1268, '', 1, 1),
(42066, 2004, 30090, 50650, 1594, 'Chrome OS 29', 1, 1),
(42067, 2004, 30090, 50650, 1260, '29.0', 1, 1),
(42068, 2004, 30090, 50650, 1263, '2013-08-22', 1, 1),
(42069, 2004, 30090, 50650, 1593, 'common', 1, 1),
(42071, 2004, 30090, 50651, 1594, 'Chrome OS 30', 1, 1),
(42072, 2004, 30090, 50651, 1260, '30.0', 1, 1),
(42073, 2004, 30090, 50651, 1263, '2013-10-14', 1, 1),
(42074, 2004, 30090, 50651, 1593, 'common', 1, 1),
(42076, 2004, 30090, 50652, 1594, 'Chrome OS 31', 1, 1),
(42077, 2004, 30090, 50652, 1260, '31,0', 1, 1),
(42078, 2004, 30090, 50652, 1263, '2013-11-21', 1, 1),
(42079, 2004, 30090, 50652, 1593, 'common', 1, 1),
(42081, 2004, 30091, 50653, 1594, 'Firefox Mobile 1', 1, 1),
(42082, 2004, 30091, 50653, 1260, '1.0', 1, 1),
(42083, 2004, 30091, 50653, 1263, '2010-01-28', 1, 1),
(42085, 2004, 30091, 50653, 1268, 'Includes betas, fennec', 1, 1),
(42086, 2004, 30092, 50654, 1594, 'Minimo 0.01', 1, 1),
(42087, 2004, 30092, 50654, 1260, '0.01', 1, 1),
(42088, 2004, 30092, 50654, 1263, '2004-12-13', 1, 1),
(42090, 2004, 30092, 50654, 1268, '', 1, 1),
(42091, 2004, 30092, 50655, 1594, 'Minimo 0.02', 1, 1),
(42092, 2004, 30092, 50655, 1260, '0.02', 1, 1),
(42093, 2004, 30092, 50655, 1263, '2006-01-01', 1, 1),
(42094, 2004, 30092, 50655, 1593, '15004', 1, 1),
(42095, 2004, 30092, 50655, 1268, 'estimated release date', 1, 1),
(42096, 2004, 30091, 50656, 1594, 'Firefox Mobile 4', 1, 1),
(42097, 2004, 30091, 50656, 1260, '4,0', 1, 1),
(42098, 2004, 30091, 50656, 1263, '2011-03-29', 1, 1),
(42099, 2004, 30091, 50656, 1593, '15003', 1, 1),
(42100, 2004, 30091, 50656, 1268, 'Also fennec', 1, 1),
(42101, 2004, 30091, 50657, 1594, 'Firefox Mobile 5', 1, 1),
(42102, 2004, 30091, 50657, 1260, '5.0', 1, 1),
(42103, 2004, 30091, 50657, 1263, '2011-06-21', 1, 1),
(42106, 2004, 30091, 50658, 1594, 'Firefox Mobile 6', 1, 1),
(42107, 2004, 30091, 50658, 1260, '6.0', 1, 1),
(42108, 2004, 30091, 50658, 1263, '2011-08-16', 1, 1),
(42111, 2004, 30091, 50659, 1594, 'Firefox Mobile 7', 1, 1),
(42112, 2004, 30091, 50659, 1260, '7.0', 1, 1),
(42113, 2004, 30091, 50659, 1263, '2011-09-27', 1, 1),
(42116, 2004, 30091, 50660, 1594, 'Firefox Mobile 8', 1, 1),
(42117, 2004, 30091, 50660, 1260, '8.0', 1, 1),
(42118, 2004, 30091, 50660, 1263, '2011-11-08', 1, 1),
(42121, 2004, 30091, 50661, 1594, 'Firefox Mobile 9', 1, 1),
(42122, 2004, 30091, 50661, 1260, '9.0', 1, 1),
(42123, 2004, 30091, 50661, 1263, '2011-12-21', 1, 1),
(42126, 2004, 30091, 50662, 1594, 'Firefox Mobile 10', 1, 1),
(42127, 2004, 30091, 50662, 1260, '10.0', 1, 1),
(42128, 2004, 30091, 50662, 1263, '2012-01-31', 1, 1),
(42131, 2004, 30091, 50663, 1594, 'Firefox Mobile 11', 1, 1),
(42132, 2004, 30091, 50663, 1260, '11.0', 1, 1),
(42133, 2004, 30091, 50663, 1263, '2012-02-16', 1, 1),
(42136, 2004, 30091, 50664, 1594, 'Firefox Mobile 12', 1, 1),
(42137, 2004, 30091, 50664, 1260, '12.0', 1, 1),
(42138, 2004, 30091, 50664, 1263, '2012-03-16', 1, 1),
(42142, 2004, 30091, 50665, 1594, 'Firefox Mobile 13', 1, 1),
(42143, 2004, 30091, 50665, 1260, '13.0', 1, 1),
(42144, 2004, 30091, 50665, 1263, '2012-04-27', 1, 1),
(42148, 2004, 30091, 50666, 1594, 'Firefox Mobile 14', 1, 1),
(42149, 2004, 30091, 50666, 1260, '14.0', 1, 1),
(42150, 2004, 30091, 50666, 1263, '2012-06-26', 1, 1),
(42153, 2004, 30091, 50667, 1594, 'Firefox Mobile 15', 1, 1),
(42154, 2004, 30091, 50667, 1260, '15.0', 1, 1),
(42155, 2004, 30091, 50667, 1263, '2012-08-28', 1, 1),
(42159, 2004, 30091, 50668, 1594, 'Firefox Mobile 16', 1, 1),
(42160, 2004, 30091, 50668, 1260, '16.0', 1, 1),
(42161, 2004, 30091, 50668, 1263, '2012-10-29', 1, 1),
(42165, 2004, 30091, 50669, 1594, 'Firefox Mobile 17', 1, 1),
(42166, 2004, 30091, 50669, 1260, '17.0', 1, 1),
(42167, 2004, 30091, 50669, 1263, '2012-11-19', 1, 1),
(42168, 2004, 30091, 50669, 1593, '15001', 1, 1),
(42176, 2004, 30091, 50657, 1593, '15003', 1, 1),
(42177, 2004, 30091, 50670, 1594, 'Firefox Mobile 18', 1, 1),
(42178, 2004, 30091, 50670, 1260, '18.0', 1, 1),
(42179, 2004, 30091, 50670, 1263, '2013-01-08', 1, 1),
(42180, 2004, 30091, 50670, 1593, '15001', 1, 1),
(42189, 2004, 30091, 50671, 1594, 'Firefox Mobile 19', 1, 1),
(42190, 2004, 30091, 50671, 1260, '19.0', 1, 1),
(42191, 2004, 30091, 50671, 1263, '2013-02-19', 1, 1),
(42192, 2004, 30091, 50671, 1593, 'common', 1, 1),
(42194, 2004, 30091, 50672, 1594, 'Firefox Mobile 20', 1, 1),
(42195, 2004, 30091, 50672, 1260, '20.0', 1, 1),
(42196, 2004, 30091, 50672, 1263, '2013-04-02', 1, 1),
(42197, 2004, 30091, 50672, 1593, 'common', 1, 1),
(42200, 2004, 30091, 50673, 1594, 'Firefox Mobile 21', 1, 1),
(42201, 2004, 30091, 50673, 1260, '21.0', 1, 1),
(42202, 2004, 30091, 50673, 1263, '2013-05-14', 1, 1),
(42203, 2004, 30091, 50673, 1593, 'common', 1, 1),
(42205, 2004, 30091, 50674, 1594, 'Firefox Mobile 22', 1, 1),
(42206, 2004, 30091, 50674, 1260, '22.0', 1, 1),
(42207, 2004, 30091, 50674, 1263, '2013-06-25', 1, 1),
(42208, 2004, 30091, 50674, 1593, 'common', 1, 1),
(42210, 2004, 30091, 50675, 1594, 'Firefox Mobile 23', 1, 1),
(42211, 2004, 30091, 50675, 1260, '23.0', 1, 1),
(42212, 2004, 30091, 50675, 1263, '2013-08-06', 1, 1),
(42213, 2004, 30091, 50675, 1593, 'common', 1, 1),
(42215, 2004, 30091, 50676, 1594, 'Firefox Mobile 24', 1, 1),
(42216, 2004, 30091, 50676, 1260, '24.0', 1, 1),
(42217, 2004, 30091, 50676, 1263, '2013-09-17', 1, 1),
(42218, 2004, 30091, 50676, 1593, 'common', 1, 1),
(42220, 2004, 30091, 50677, 1594, 'Firefox Mobile 25', 1, 1),
(42221, 2004, 30091, 50677, 1260, '25.0', 1, 1),
(42222, 2004, 30091, 50677, 1263, '2013-10-29', 1, 1),
(42223, 2004, 30091, 50677, 1593, 'common', 1, 1),
(42224, 2004, 30091, 50677, 1268, '', 1, 1),
(42225, 2004, 30091, 50678, 1594, 'Firefox Mobile 26', 1, 1),
(42226, 2004, 30091, 50678, 1260, '26.0', 1, 1),
(42227, 2004, 30091, 50678, 1263, '2013-12-10', 1, 1),
(42228, 2004, 30091, 50678, 1593, 'common', 1, 1),
(42230, 2004, 30091, 50679, 1594, 'Firefox Mobile 27', 1, 1),
(42231, 2004, 30091, 50679, 1260, '27.0', 1, 1),
(42232, 2004, 30091, 50679, 1263, '2013-12-12', 1, 1),
(42233, 2004, 30091, 50679, 1593, 'common', 1, 1),
(42235, 2004, 30026, 50680, 1594, 'Blackberry 3.8', 1, 1),
(42236, 2004, 30026, 50680, 1260, '3.8', 1, 1),
(42237, 2004, 30026, 50680, 1263, '2003-12-01', 1, 1),
(42238, 2004, 30026, 50680, 1593, '15004', 1, 1),
(42239, 2004, 30026, 50680, 1268, 'first JavaScript', 1, 1),
(42240, 2004, 30093, 50681, 1594, 'Openwave V2', 1, 1),
(42241, 2004, 30093, 50681, 1260, '2.0', 1, 1),
(42242, 2004, 30093, 50681, 1263, '1996-12-01', 1, 1),
(42245, 2004, 30093, 50682, 1594, 'Openwave V3', 1, 1),
(42246, 2004, 30093, 50682, 1260, '3.0', 1, 1),
(42247, 2004, 30093, 50682, 1263, '1998-12-01', 1, 1),
(42249, 2004, 30093, 50682, 1268, 'Estimate, HDML only, no WAP or WML', 1, 1),
(42250, 2004, 30093, 50683, 1594, 'Openwave V4', 1, 1),
(42251, 2004, 30093, 50683, 1260, '4.0', 1, 1),
(42252, 2004, 30093, 50683, 1263, '2000-12-01', 1, 1),
(42254, 2004, 30093, 50683, 1268, 'First WAP and WML, WMLScript', 1, 1),
(42255, 2004, 30093, 50684, 1594, 'Openwave V5', 1, 1),
(42256, 2004, 30093, 50684, 1260, '5.0', 1, 1),
(42257, 2004, 30093, 50684, 1263, '2002-01-01', 1, 1),
(42258, 2004, 30093, 50684, 1593, '15004', 1, 1),
(42259, 2004, 30093, 50684, 1268, '', 1, 1),
(42260, 2004, 30093, 50685, 1594, 'Openwave V6', 1, 1),
(42261, 2004, 30093, 50685, 1260, '6.0', 1, 1),
(42262, 2004, 30093, 50685, 1263, '2002-12-25', 1, 1),
(42264, 2004, 30093, 50685, 1268, 'XHTML-MP', 1, 1),
(42265, 2004, 30093, 50686, 1594, 'Openwave V7', 1, 1),
(42266, 2004, 30093, 50686, 1260, '7.0', 1, 1),
(42267, 2004, 30093, 50686, 1263, '2003-02-17', 1, 1),
(42268, 2004, 30093, 50686, 1593, '15001', 1, 1),
(42269, 2004, 30093, 50686, 1268, '', 1, 1),
(42271, 2004, 30094, 50687, 1594, 'Jasmine 0.8', 1, 1),
(42272, 2004, 30094, 50687, 1260, '0.8', 1, 1),
(42273, 2004, 30094, 50687, 1263, '2009-02-01', 1, 1),
(42275, 2004, 30094, 50687, 1268, 'approx, first appearance in user-agent scans', 1, 1),
(42276, 2004, 30094, 50688, 1594, 'Jasmine 1.0', 1, 1),
(42277, 2004, 30094, 50688, 1260, '1.0', 1, 1),
(42278, 2004, 30094, 50688, 1263, '2009-08-06', 1, 1),
(42279, 2004, 30094, 50688, 1593, '15001', 1, 1),
(42280, 2004, 30094, 50688, 1268, 'approx, first appearance in user-agent lists', 1, 1),
(42281, 2004, 30095, 50689, 1594, 'Kindle 1.0', 1, 1),
(42282, 2004, 30095, 50689, 1260, '1.0', 1, 1),
(42283, 2004, 30095, 50689, 1263, '2008-03-05', 1, 1),
(42286, 2004, 30095, 50690, 1594, 'Kindle 2.0', 1, 1),
(42287, 2004, 30095, 50690, 1260, '2.0', 1, 1),
(42288, 2004, 30095, 50690, 1263, '2009-02-10', 1, 1),
(42289, 2004, 30095, 50690, 1593, '15001', 1, 1),
(42291, 2004, 30095, 50691, 1594, 'Kindle 2.1', 1, 1),
(42292, 2004, 30095, 50691, 1260, '2.1', 1, 1),
(42293, 2004, 30095, 50691, 1263, '2009-8-20', 1, 1),
(42294, 2004, 30095, 50691, 1593, 'mobile', 1, 1),
(42296, 2004, 30095, 50692, 1594, 'Kindle 2.3', 1, 1),
(42297, 2004, 30095, 50692, 1260, '2.3', 1, 1),
(42298, 2004, 30095, 50692, 1263, '2009-12-20', 1, 1),
(42301, 2004, 30095, 50693, 1594, 'Kindle 2.5', 1, 1),
(42302, 2004, 30095, 50693, 1260, '2.5', 1, 1),
(42303, 2004, 30095, 50693, 1263, '2010-01-26', 1, 1),
(42306, 2004, 30095, 50694, 1594, 'Kindle 3.0', 1, 1),
(42307, 2004, 30095, 50694, 1260, '3.0', 1, 1),
(42308, 2004, 30095, 50694, 1263, '2010-07-28', 1, 1),
(42309, 2004, 30095, 50694, 1593, '15001', 1, 1),
(42311, 2004, 30095, 50690, 1268, 'estimate, amazon help', 1, 1),
(42312, 2004, 30095, 50694, 1268, 'first webkit engine', 1, 1),
(42313, 2004, 30096, 50695, 1594, 'Silk 1.0', 1, 1),
(42314, 2004, 30096, 50695, 1260, '1.0', 1, 1),
(42315, 2004, 30096, 50695, 1263, '2011-09-28', 1, 1),
(42317, 2004, 30096, 50695, 1268, 'first major version', 1, 1),
(42318, 2004, 30096, 50696, 1594, 'Silk 2.0', 1, 1),
(42319, 2004, 30096, 50696, 1260, '2.0', 1, 1),
(42320, 2004, 30096, 50696, 1263, '2012-09-26', 1, 1),
(42321, 2004, 30096, 50696, 1593, '15001', 1, 1),
(42322, 2004, 30096, 50696, 1268, 'second major version', 1, 1),
(42323, 2004, 30097, 50697, 1594, 'QQ Browser mini 2.0', 1, 1),
(42324, 2004, 30097, 50697, 1260, '2.0', 1, 1),
(42325, 2004, 30097, 50697, 1263, '2012-01-01', 1, 1),
(42327, 2004, 30097, 50697, 1268, 'weak release estimate', 1, 1),
(42333, 2004, 30097, 50699, 1594, 'QQ Browser mini 3.0', 1, 1),
(42334, 2004, 30097, 50699, 1260, '3.0', 1, 1),
(42335, 2004, 30097, 50699, 1263, '2012-08-27', 1, 1),
(42337, 2004, 30097, 50699, 1268, 'blackberry', 1, 1),
(42343, 2004, 30097, 50701, 1594, 'QQ Browser mini 4.0', 1, 1),
(42344, 2004, 30097, 50701, 1260, '4.0', 1, 1),
(42345, 2004, 30097, 50701, 1263, '2013-05-27', 1, 1),
(42346, 2004, 30097, 50701, 1593, '15001', 1, 1),
(42347, 2004, 30097, 50701, 1268, '', 1, 1),
(42374, 2004, 30099, 50707, 1594, 'IEMobile 6.0', 1, 1),
(42375, 2004, 30099, 50707, 1260, '6.0', 1, 1),
(42376, 2004, 30099, 50707, 1263, '2008-08-08', 1, 1),
(42378, 2004, 30099, 50707, 1268, 'based on IE 6', 1, 1),
(42379, 2004, 30099, 50708, 1594, 'IEMobile 7.0', 1, 1),
(42380, 2004, 30099, 50708, 1260, '7.0', 1, 1),
(42381, 2004, 30099, 50708, 1263, '2010-02-15', 1, 1),
(42383, 2004, 30099, 50708, 1268, 'render comparable to webkit', 1, 1),
(42384, 2004, 30099, 50709, 1594, 'IEMobile 8.0', 1, 1),
(42385, 2004, 30099, 50709, 1260, '8.0', 1, 1),
(42386, 2004, 30099, 50709, 1263, '2010-12-31', 1, 1),
(42388, 2004, 30099, 50709, 1268, 'estimate', 1, 1),
(42389, 2004, 30099, 50710, 1594, 'IEMobile 9.0', 1, 1),
(42390, 2004, 30099, 50710, 1260, '9.0', 1, 1),
(42391, 2004, 30099, 50710, 1263, '2011-02-01', 1, 1),
(42393, 2004, 30099, 50710, 1268, '', 1, 1),
(42394, 2004, 30099, 50711, 1594, 'IEMobile 10.0', 1, 1),
(42395, 2004, 30099, 50711, 1260, '10.0', 1, 1),
(42396, 2004, 30099, 50711, 1263, '2012-06-01', 1, 1),
(42401, 2004, 30100, 50712, 1594, 'Puffin 1.0', 1, 1),
(42402, 2004, 30100, 50712, 1260, '1.0', 1, 1),
(42403, 2004, 30100, 50712, 1263, '2011-01-01', 1, 1),
(42405, 2004, 30100, 50712, 1268, 'oldest mention (facebook)', 1, 1),
(42416, 2004, 30100, 50715, 1594, 'Puffin 1.5', 1, 1),
(42417, 2004, 30100, 50715, 1260, '1.5', 1, 1),
(42418, 2004, 30100, 50715, 1263, '2011-04-11', 1, 1),
(42420, 2004, 30100, 50715, 1268, 'flash keybboard input, 1.7 bugfix', 1, 1),
(42421, 2004, 30100, 50716, 1594, 'Puffin 2.0', 1, 1),
(42422, 2004, 30100, 50716, 1260, '2.0', 1, 1),
(42423, 2004, 30100, 50716, 1263, '2012-02-12', 1, 1),
(42425, 2004, 30100, 50716, 1268, '', 1, 1),
(42426, 2004, 30100, 50717, 1594, 'Puffin 3.0', 1, 1),
(42427, 2004, 30100, 50717, 1260, '3,0', 1, 1),
(42428, 2004, 30100, 50717, 1263, '2013-04-22', 1, 1),
(42429, 2004, 30100, 50717, 1593, '15001', 1, 1),
(42431, 2004, 30101, 50718, 1594, 'Dolphin 1.0', 1, 1),
(42432, 2004, 30101, 50718, 1260, '1.0', 1, 1),
(42433, 2004, 30101, 50718, 1263, '2009-11-30', 1, 1),
(42435, 2004, 30101, 50718, 1268, 'estimate, multitouch support', 1, 1),
(42436, 2004, 30101, 50719, 1594, 'Dolphin HD 2.0', 1, 1),
(42437, 2004, 30101, 50719, 1260, '2.0', 1, 1),
(42438, 2004, 30101, 50719, 1263, '2010-08-01', 1, 1),
(42440, 2004, 30101, 50719, 1268, 'estimate dolphin HD', 1, 1),
(42441, 2004, 30101, 50720, 1594, 'Dolphin HD 7.0', 1, 1),
(42442, 2004, 30101, 50720, 1260, '7.0', 1, 1),
(42443, 2004, 30101, 50720, 1263, '2011-10-11', 1, 1),
(42445, 2004, 30101, 50720, 1268, 'support for blackberry playbook, Dolphin Mini', 1, 1),
(42446, 2004, 30101, 50721, 1594, 'Dolphin HD 6.0', 1, 1),
(42447, 2004, 30101, 50721, 1260, '6.0', 1, 1),
(42448, 2004, 30101, 50721, 1263, '2011-07-18', 1, 1),
(42451, 2004, 30101, 50722, 1594, 'Dolphin HD 5.0', 1, 1),
(42452, 2004, 30101, 50722, 1260, '5.0', 1, 1),
(42453, 2004, 30101, 50722, 1263, '2011-06-01', 1, 1),
(42456, 2004, 30101, 50723, 1594, 'Dolphin HD 3.0', 1, 1),
(42457, 2004, 30101, 50723, 1260, '3.0', 1, 1),
(42458, 2004, 30101, 50723, 1263, '2010-09-27', 1, 1),
(42461, 2004, 30101, 50724, 1594, 'Dolphin HD 4.0', 1, 1),
(42462, 2004, 30101, 50724, 1260, '4.0', 1, 1),
(42463, 2004, 30101, 50724, 1263, '2010-10-28', 1, 1),
(42471, 2004, 30102, 50726, 1594, 'Dolphin Browser Mini 2.0', 1, 1),
(42472, 2004, 30102, 50726, 1260, '2.0', 1, 1),
(42473, 2004, 30102, 50726, 1263, '2011-02-26', 1, 1),
(42474, 2004, 30102, 50726, 1593, 'common', 1, 1),
(42475, 2004, 30102, 50726, 1268, '', 1, 1),
(42476, 2004, 30101, 50727, 1594, 'Dolphin HD 8.0', 1, 1),
(42477, 2004, 30101, 50727, 1260, '8.0', 1, 1),
(42478, 2004, 30101, 50727, 1263, '2012-04-11', 1, 1),
(42480, 2004, 30101, 50727, 1268, 'version 8.7 lost HD moniker', 1, 1),
(42481, 2004, 30101, 50728, 1594, 'Dolphin 10.0', 1, 1),
(42482, 2004, 30101, 50728, 1260, '10.0', 1, 1),
(42483, 2004, 30101, 50728, 1263, '2013-06-19', 1, 1),
(42485, 2004, 30101, 50728, 1268, '', 1, 1),
(42486, 2004, 30101, 50721, 1268, 'ipad support (lower version)', 1, 1),
(42487, 2004, 30101, 50729, 1594, 'Dolphin 9.0', 1, 1),
(42488, 2004, 30101, 50729, 1260, '9.0', 1, 1),
(42489, 2004, 30101, 50729, 1263, '2012-10-12', 1, 1),
(42490, 2004, 30101, 50729, 1593, '15001', 1, 1),
(42491, 2004, 30101, 50729, 1268, 'new faster rendering engine', 1, 1),
(42497, 2004, 30104, 50731, 1594, 'Dolfin 1.0', 1, 1),
(42498, 2004, 30104, 50731, 1260, '1.0', 1, 1),
(42499, 2004, 30104, 50731, 1263, '2010-04-01', 1, 1),
(42502, 2004, 30104, 50732, 1594, 'Dolfin 2.0', 1, 1),
(42503, 2004, 30104, 50732, 1260, '2.0', 1, 1),
(42504, 2004, 30104, 50732, 1263, '2011-02-15', 1, 1),
(42506, 2004, 30104, 50732, 1268, 'full html5, wac compatible', 1, 1),
(42507, 2004, 30104, 50733, 1594, 'Dolfin 3.0', 1, 1),
(42508, 2004, 30104, 50733, 1260, '3.0', 1, 1),
(42509, 2004, 30104, 50733, 1263, '2011-08-01', 1, 1),
(42510, 2004, 30104, 50733, 1593, '15001', 1, 1),
(42511, 2004, 30104, 50733, 1268, 'estimate', 1, 1),
(42512, 2004, 30105, 50734, 1594, 'Tizen 2.0', 1, 1),
(42513, 2004, 30105, 50734, 1260, '2.0', 1, 1),
(42514, 2004, 30105, 50734, 1263, '2013-02-18', 1, 1),
(42516, 2004, 30105, 50734, 1268, 'estimate, earliest reference', 1, 1),
(42517, 2004, 30105, 50735, 1594, 'Tizen 1.0', 1, 1),
(42518, 2004, 30105, 50735, 1260, '1.0', 1, 1),
(42519, 2004, 30105, 50735, 1263, '2012-04-30', 1, 1),
(42520, 2004, 30105, 50735, 1593, '15001', 1, 1),
(42521, 2004, 30105, 50735, 1268, '', 1, 1),
(42528, 2004, 30107, 50737, 1594, 'Ninesky 1.0', 1, 1),
(42529, 2004, 30107, 50737, 1260, '1.0', 1, 1),
(42530, 2004, 30107, 50737, 1263, '2010-01-01', 1, 1),
(42533, 2004, 30107, 50738, 1594, 'Ninesky 2.0', 1, 1),
(42534, 2004, 30107, 50738, 1260, '2.0', 1, 1),
(42535, 2004, 30107, 50738, 1263, '2013-01-01', 1, 1),
(42536, 2004, 30107, 50738, 1593, '15001', 1, 1),
(42537, 2004, 30107, 50738, 1268, 'estimate', 1, 1),
(42538, 2004, 30108, 50739, 1594, 'One Browser 3.0', 1, 1),
(42539, 2004, 30108, 50739, 1260, '3.0', 1, 1),
(42540, 2004, 30108, 50739, 1263, '2012-01-01', 1, 1),
(42542, 2004, 30108, 50739, 1268, 'estimate, first listed downloads on english sites', 1, 1),
(42543, 2004, 30108, 50740, 1594, 'One Browser 2.5', 1, 1),
(42544, 2004, 30108, 50740, 1260, '3.5', 1, 1),
(42545, 2004, 30108, 50740, 1263, '2011-07-01', 1, 1),
(42548, 2004, 30108, 50741, 1594, 'One Browser 4.0', 1, 1),
(42549, 2004, 30108, 50741, 1260, '4.0', 1, 1),
(42550, 2004, 30108, 50741, 1263, '2013-03-01', 1, 1),
(42551, 2004, 30108, 50741, 1593, '15001', 1, 1),
(42552, 2004, 30108, 50741, 1268, 'estimate', 1, 1),
(42553, 2004, 30109, 50742, 1594, 'DoCoMo 1.0', 1, 1),
(42554, 2004, 30109, 50742, 1260, '1.0', 1, 1),
(42555, 2004, 30109, 50742, 1263, '1999-01-01', 1, 1),
(42557, 2004, 30109, 50742, 1268, 'ancient mobile', 1, 1),
(42558, 2004, 30109, 50743, 1594, 'DoCoMo 2.0', 1, 1),
(42559, 2004, 30109, 50743, 1260, '2.0', 1, 1),
(42560, 2004, 30109, 50743, 1263, '2009-01-01', 1, 1),
(42561, 2004, 30109, 50743, 1593, '15001', 1, 1),
(42562, 2004, 30109, 50743, 1268, '', 1, 1),
(42563, 2004, 30110, 50744, 1594, 'SEMC Browser 1.0', 1, 1),
(42564, 2004, 30110, 50744, 1260, '1.0', 1, 1),
(42565, 2004, 30110, 50744, 1263, '2002-01-01', 1, 1),
(42568, 2004, 30110, 50745, 1594, 'SEMC Browser 4.0', 1, 1),
(42569, 2004, 30110, 50745, 1260, '4.0', 1, 1),
(42570, 2004, 30110, 50745, 1263, '2004-08-20', 1, 1),
(42573, 2004, 30111, 50746, 1594, 'MIB 2.0', 1, 1),
(42574, 2004, 30111, 50746, 1260, '2.0', 1, 1),
(42575, 2004, 30111, 50746, 1263, '2002-01-01', 1, 1),
(42576, 2004, 30111, 50746, 1593, '15004', 1, 1),
(42577, 2004, 30111, 50746, 1268, '', 1, 1),
(42578, 2004, 30112, 50747, 1594, 'Go Browser 2.0', 1, 1),
(42579, 2004, 30112, 50747, 1260, '2.0', 1, 1),
(42580, 2004, 30112, 50747, 1263, '2013-11-20', 1, 1),
(42582, 2004, 30112, 50747, 1268, '', 1, 1),
(42583, 2004, 30112, 50748, 1594, 'Go Browser 1.6', 1, 1),
(42584, 2004, 30112, 50748, 1260, '1.6', 1, 1),
(42585, 2004, 30112, 50748, 1263, '2013-01-01', 1, 1),
(42587, 2004, 30112, 50748, 1268, '', 1, 1),
(42588, 2004, 30112, 50749, 1594, 'Go Browser 1.0', 1, 1),
(42589, 2004, 30112, 50749, 1260, '1.0', 1, 1),
(42590, 2004, 30112, 50749, 1263, '2012-08-12', 1, 1),
(42591, 2004, 30112, 50749, 1593, '15001', 1, 1),
(42592, 2004, 30112, 50749, 1268, '', 1, 1),
(42593, 2004, 30113, 50750, 1594, 'Nokia Browser 7.1', 1, 1),
(42594, 2004, 30113, 50750, 1260, '7,1', 1, 1),
(42595, 2004, 30113, 50750, 1263, '2009-08-23', 1, 1),
(42598, 2004, 30113, 50751, 1594, 'Nokia Browser 7.2', 1, 1),
(42599, 2004, 30113, 50751, 1260, '7.2', 1, 1),
(42600, 2004, 30113, 50751, 1263, '2010-08-01', 1, 1),
(42603, 2004, 30113, 50752, 1594, 'Nokia Browser 7.3', 1, 1),
(42604, 2004, 30113, 50752, 1260, '7.3', 1, 1),
(42605, 2004, 30113, 50752, 1263, '2011-03-01', 1, 1),
(42607, 2004, 30113, 50752, 1268, 'Symbian Anna', 1, 1),
(42608, 2004, 30113, 50751, 1268, 'flash lite', 1, 1),
(42609, 2004, 30113, 50753, 1594, 'Nokia Browser 7.4', 1, 1),
(42610, 2004, 30113, 50753, 1260, '7.4', 1, 1),
(42611, 2004, 30113, 50753, 1263, '2011-04-01', 1, 1),
(42613, 2004, 30113, 50753, 1268, 'estimate', 1, 1),
(42614, 2004, 30113, 50754, 1594, 'Nokia Browser 8.0', 1, 1),
(42615, 2004, 30113, 50754, 1260, '8.0', 1, 1),
(42616, 2004, 30113, 50754, 1263, '2011-12-01', 1, 1),
(42617, 2004, 30113, 50754, 1593, '15001', 1, 1),
(42618, 2004, 30113, 50754, 1268, 'Last update, includes meego', 1, 1),
(42619, 2004, 30114, 50755, 1594, 'Nokia Browser s60v1', 1, 1),
(42620, 2004, 30114, 50755, 1260, '3.1', 1, 1),
(42621, 2004, 30114, 50755, 1263, '2005-11-02', 1, 1),
(42623, 2004, 30114, 50755, 1268, 'Introduced WebKit 413, CSS 2.1, JavaScript 1.5', 1, 1),
(42624, 2004, 30114, 50756, 1594, 'Nokia Browser s60v2', 1, 1),
(42626, 2004, 30114, 50756, 1263, '2007-10-01', 1, 1),
(42627, 2004, 30114, 50756, 1593, '15001', 1, 1),
(42634, 2004, 30114, 50756, 1260, '3.2', 1, 1),
(42650, 2004, 30116, 50761, 1594, 'Nokia s60 WAP 1.0', 1, 1),
(42651, 2004, 30116, 50761, 1260, '1.0', 1, 1),
(42652, 2004, 30116, 50761, 1263, '2002-11-01', 1, 1),
(42654, 2004, 30116, 50761, 1268, '', 1, 1),
(42655, 2004, 30116, 50762, 1594, 'Nokia s60 WAP 2.0', 1, 1),
(42656, 2004, 30116, 50762, 1260, '2.0', 1, 1),
(42657, 2004, 30116, 50762, 1263, '2003-10-10', 1, 1),
(42659, 2004, 30116, 50762, 1268, '', 1, 1),
(42660, 2004, 30116, 50763, 1594, 'Nokia s60 WAP 3.0', 1, 1),
(42661, 2004, 30116, 50763, 1260, '3.0', 1, 1),
(42662, 2004, 30116, 50763, 1263, '2004-11-01', 1, 1),
(42663, 2004, 30116, 50763, 1593, '15004', 1, 1),
(42664, 2004, 30116, 50763, 1268, '', 1, 1),
(42665, 2004, 30115, 50764, 1594, 'Nokia  s40 Ovi 1.0', 1, 1),
(42666, 2004, 30115, 50764, 1260, '1.0', 1, 1),
(42667, 2004, 30115, 50764, 1263, '2010-07-01', 1, 1),
(42670, 2004, 30115, 50765, 1594, 'Nokia s40 Ovi 1.4', 1, 1),
(42671, 2004, 30115, 50765, 1260, '1.4', 1, 1),
(42672, 2004, 30115, 50765, 1263, '2011-04-01', 1, 1),
(42675, 2004, 30115, 50766, 1594, 'Nokia s40 Ovi 1.5', 1, 1),
(42676, 2004, 30115, 50766, 1260, '1.5', 1, 1),
(42677, 2004, 30115, 50766, 1263, '2011-10-01', 1, 1),
(42680, 2004, 30115, 50767, 1594, 'Nokia s40 Ovi 1.8', 1, 1),
(42681, 2004, 30115, 50767, 1260, '1.8', 1, 1),
(42682, 2004, 30115, 50767, 1263, '2012-01-01', 1, 1),
(42685, 2004, 30115, 50768, 1594, 'Nokia s40 Ovi 2.0', 1, 1),
(42686, 2004, 30115, 50768, 1260, '2.0', 1, 1),
(42687, 2004, 30115, 50768, 1263, '2012-04-26', 1, 1),
(42689, 2004, 30115, 50768, 1268, 'Major upgrade', 1, 1),
(42690, 2004, 30115, 50769, 1594, 'Nokia s40 Ovi 3.0', 1, 1),
(42691, 2004, 30115, 50769, 1260, '3.0', 1, 1),
(42692, 2004, 30115, 50769, 1263, '2013-06-01', 1, 1),
(42693, 2004, 30115, 50769, 1593, '15001', 1, 1),
(42694, 2004, 30115, 50769, 1268, '', 1, 1),
(42695, 2004, 30004, 50770, 1594, 'Opera 7.5', 1, 1),
(42696, 2004, 30004, 50770, 1260, '7.5', 1, 1),
(42697, 2004, 30004, 50770, 1263, '2004-05-01', 1, 1),
(42698, 2004, 30004, 50770, 1593, '15004', 1, 1),
(42699, 2004, 30004, 50770, 1268, '', 1, 1),
(42700, 2004, 30006, 50771, 1594, 'Netscape 1.1', 1, 1),
(42701, 2004, 30006, 50771, 1260, '1.1', 1, 1),
(42702, 2004, 30006, 50771, 1263, '1995-04-01', 1, 1),
(42705, 2004, 30006, 50772, 1594, 'Netscape 4.5', 1, 1),
(42706, 2004, 30006, 50772, 1260, '4.5', 1, 1),
(42707, 2004, 30006, 50772, 1263, '1998-10-19', 1, 1),
(42710, 2004, 30006, 50773, 1594, 'Netscape 6.0', 1, 1),
(42711, 2004, 30006, 50773, 1260, '6.0', 1, 1),
(42712, 2004, 30006, 50773, 1263, '2000-11-14', 1, 1),
(42713, 2004, 30006, 50773, 1593, '15004', 1, 1),
(42715, 2004, 30006, 50774, 1594, 'Netscape 7.0', 1, 1),
(42716, 2004, 30006, 50774, 1260, '7.0', 1, 1),
(42717, 2004, 30006, 50774, 1263, '2002-08-29', 1, 1),
(42719, 2004, 30006, 50774, 1268, '', 1, 1),
(42720, 2004, 30006, 50775, 1594, 'Netscape 8.0', 1, 1),
(42721, 2004, 30006, 50775, 1260, '8.0', 1, 1),
(42722, 2004, 30006, 50775, 1263, '2005-05-19', 1, 1),
(42723, 2004, 30006, 50775, 1593, '15003', 1, 1),
(42724, 2004, 30006, 50775, 1268, 'overlaps with firefox 1', 1, 1),
(42731, 2004, 30117, 50777, 1594, 'NCSA Mosaic 1.0', 1, 1),
(42732, 2004, 30117, 50777, 1260, '1.0', 1, 1),
(42733, 2004, 30117, 50777, 1263, '1993-03-01', 1, 1),
(42736, 2004, 30117, 50778, 1594, 'NCSA Mosaic 2.0', 1, 1),
(42737, 2004, 30117, 50778, 1260, '2.0', 1, 1),
(42738, 2004, 30117, 50778, 1263, '1995-10-01', 1, 1),
(42746, 2004, 30117, 50780, 1594, 'NCSA Mosaic 3.0', 1, 1),
(42747, 2004, 30117, 50780, 1260, '3.0', 1, 1),
(42748, 2004, 30117, 50780, 1263, '1997-01-01', 1, 1),
(42749, 2004, 30117, 50780, 1593, '15004', 1, 1),
(42750, 2004, 30117, 50780, 1268, 'final version', 1, 1),
(42751, 2004, 30118, 50781, 1594, 'Flipboard 1.0', 1, 1),
(42752, 2004, 30118, 50781, 1260, '1.0', 1, 1),
(42753, 2004, 30118, 50781, 1263, '2010-12-10', 1, 1),
(42755, 2004, 30118, 50781, 1268, 'initial release', 1, 1),
(42756, 2004, 30119, 50782, 1594, 'Yandex Mobile 2.0', 1, 1),
(42757, 2004, 30119, 50782, 1260, '2.0', 1, 1),
(42758, 2004, 30119, 50782, 1263, '2013-08-01', 1, 1),
(42760, 2004, 30119, 50782, 1268, 'estimate', 1, 1),
(42761, 2004, 30119, 50783, 1594, 'Yandex Mobile 1.0', 1, 1),
(42762, 2004, 30119, 50783, 1260, '1.0', 1, 1),
(42763, 2004, 30119, 50783, 1263, '2013-06-18', 1, 1),
(42765, 2004, 30119, 50783, 1268, '', 1, 1),
(42766, 2004, 30120, 50784, 1594, 'Nokia MeeGo 8.5', 1, 1),
(42767, 2004, 30120, 50784, 1260, '8.5', 1, 1),
(42768, 2004, 30120, 50784, 1263, '2012-02-01', 1, 1),
(42769, 2004, 30120, 50784, 1593, '15001', 1, 1),
(42770, 2004, 30120, 50784, 1268, 'linux version, not windows phone browser', 1, 1),
(42771, 2004, 30121, 50785, 1594, 'N-Gage 1.0', 1, 1),
(42772, 2004, 30121, 50785, 1260, '1.0', 1, 1),
(42773, 2004, 30121, 50785, 1263, '2002-10-07', 1, 1),
(42774, 2004, 30121, 50785, 1593, '15004', 1, 1),
(42775, 2004, 30121, 50785, 1268, '', 1, 1),
(42776, 2004, 30123, 50786, 1594, 'Palm Blazer 1.0', 1, 1),
(42777, 2004, 30123, 50786, 1260, '1.0', 1, 1),
(42778, 2004, 30123, 50786, 1263, '2000-11-01', 1, 1),
(42780, 2004, 30123, 50786, 1268, 'first release, INOPERABLE today', 1, 1),
(42781, 2004, 30123, 50787, 1594, 'Palm Blazer 2.0', 1, 1),
(42782, 2004, 30123, 50787, 1260, '2.0', 1, 1),
(42783, 2004, 30123, 50787, 1263, '2002-01-01', 1, 1),
(42785, 2004, 30123, 50787, 1268, 'second release, INOPERABLE today', 1, 1),
(42786, 2004, 30123, 50788, 1594, 'Palm Blazer 3.0', 1, 1),
(42787, 2004, 30123, 50788, 1260, '3.0', 1, 1),
(42788, 2004, 30123, 50788, 1263, '2003-07-06', 1, 1),
(42790, 2004, 30123, 50788, 1268, 'estimate', 1, 1),
(42791, 2004, 30123, 50789, 1594, 'Palm Blazer 4.0', 1, 1),
(42792, 2004, 30123, 50789, 1260, '4.0', 1, 1),
(42793, 2004, 30123, 50789, 1263, '2004-12-01', 1, 1),
(42794, 2004, 30123, 50789, 1593, '15001', 1, 1),
(42795, 2004, 30123, 50789, 1268, ' HTML 4.01, XHTML 1.0, WML 1.3, SSL 3.0, cHTML, JavaScript 1.5, CSS 1.0 and 2.0 (partial', 1, 1),
(42796, 2004, 30110, 50790, 1594, 'SEMC Browser 4.1', 1, 1),
(42797, 2004, 30110, 50790, 1260, '4.1', 1, 1),
(42798, 2004, 30110, 50790, 1263, '2004-12-31', 1, 1),
(42801, 2004, 30110, 50791, 1594, 'SEMC Browser 4.2', 1, 1),
(42802, 2004, 30110, 50791, 1260, '4.2', 1, 1),
(42803, 2004, 30110, 50791, 1263, '2005-02-26', 1, 1),
(42804, 2004, 30110, 50791, 1593, '15004', 1, 1),
(42805, 2004, 30110, 50791, 1268, 'estimate', 1, 1),
(42806, 2004, 30124, 50792, 1594, 'Obigo 2.0', 1, 1),
(42807, 2004, 30124, 50792, 1260, '2.0', 1, 1),
(42808, 2004, 30124, 50792, 1263, '2002-01-01', 1, 1),
(42809, 2004, 30124, 50792, 1593, '15004', 1, 1),
(42810, 2004, 30124, 50792, 1268, 'estimate', 1, 1),
(42811, 2004, 30124, 50793, 1594, 'Obigo 3.0', 1, 1),
(42812, 2004, 30124, 50793, 1260, '3.0', 1, 1),
(42813, 2004, 30124, 50793, 1263, '2003-02-01', 1, 1),
(42814, 2004, 30124, 50793, 1593, 'common', 1, 1),
(42815, 2004, 30124, 50793, 1268, '', 1, 1),
(42816, 2004, 30124, 50794, 1594, 'Obigo 4.0', 1, 1),
(42817, 2004, 30124, 50794, 1260, '4.0', 1, 1),
(42818, 2004, 30124, 50794, 1263, '2004-01-01', 1, 1),
(42819, 2004, 30124, 50794, 1593, 'common', 1, 1),
(42820, 2004, 30124, 50794, 1268, '', 1, 1),
(42821, 2004, 30124, 50795, 1594, 'Obigo 5.0', 1, 1),
(42822, 2004, 30124, 50795, 1260, '5.0', 1, 1),
(42823, 2004, 30124, 50795, 1263, '2006-01-01', 1, 1),
(42824, 2004, 30124, 50795, 1593, 'common', 1, 1),
(42825, 2004, 30124, 50795, 1268, '', 1, 1),
(42826, 2004, 30124, 50796, 1594, 'Obigo 7.0', 1, 1),
(42827, 2004, 30124, 50796, 1260, '7.0', 1, 1),
(42828, 2004, 30124, 50796, 1263, '2007-04-01', 1, 1),
(42829, 2004, 30124, 50796, 1593, 'common', 1, 1),
(42830, 2004, 30124, 50796, 1268, '', 1, 1),
(42835, 2004, 30125, 50797, 1594, 'Uzardweb 1.0', 1, 1),
(42836, 2004, 30125, 50797, 1260, '1.0', 1, 1),
(42837, 2004, 30125, 50797, 1263, '2007-02-14', 1, 1),
(42839, 2004, 30125, 50797, 1268, '', 1, 1),
(42840, 2004, 30125, 50798, 1594, 'Uzardweb 2.0', 1, 1),
(42841, 2004, 30125, 50798, 1260, '2.0', 1, 1),
(42842, 2004, 30125, 50798, 1263, '2010-04-01', 1, 1),
(42843, 2004, 30125, 50798, 1593, '15001', 1, 1),
(42844, 2004, 30125, 50798, 1268, 'estimate', 1, 1),
(42845, 2004, 30126, 50799, 1594, 'Firefox OS 18', 1, 1),
(42846, 2004, 30126, 50799, 1260, '18.0', 1, 1),
(42847, 2004, 30126, 50799, 1263, '2012-12-22', 1, 1),
(42849, 2004, 30126, 50799, 1268, 'initial release', 1, 1),
(42850, 2004, 30126, 50800, 1594, 'Firefox OS 18.0', 1, 1),
(42851, 2004, 30126, 50800, 1260, '18.1', 1, 1),
(42852, 2004, 30126, 50800, 1263, '2013-10-21', 1, 1),
(42854, 2004, 30126, 50800, 1268, '', 1, 1),
(42855, 2004, 30126, 50801, 1594, 'Firefox OS 22.0', 1, 1),
(42856, 2004, 30126, 50801, 1260, '22.0', 1, 1),
(42857, 2004, 30126, 50801, 1263, '2013-11-09', 1, 1),
(42859, 2004, 30126, 50801, 1268, '', 1, 1),
(42860, 2004, 30126, 50802, 1594, 'Firefox OS 23.0', 1, 1),
(42861, 2004, 30126, 50802, 1260, '23.0', 1, 1),
(42862, 2004, 30126, 50802, 1263, '2013-11-15', 1, 1),
(42864, 2004, 30126, 50802, 1268, '', 1, 1),
(42865, 2004, 30126, 50803, 1594, 'Firefox OS 24.0', 1, 1),
(42866, 2004, 30126, 50803, 1260, '24.0', 1, 1),
(42867, 2004, 30126, 50803, 1263, '2013-11-30', 1, 1),
(42869, 2004, 30126, 50803, 1268, '', 1, 1),
(42870, 2004, 30126, 50804, 1594, 'Firefox OS 26.0', 1, 1),
(42871, 2004, 30126, 50804, 1260, '26.0', 1, 1),
(42872, 2004, 30126, 50804, 1263, '2013-12-09', 1, 1),
(42874, 2004, 30126, 50804, 1268, '', 1, 1),
(42876, 2004, 30126, 50801, 1593, '15001', 1, 1),
(42877, 2004, 30127, 50805, 1594, 'Playbook 1.0', 1, 1),
(42878, 2004, 30127, 50805, 1260, '1.0', 1, 1),
(42879, 2004, 30127, 50805, 1263, '2011-06-07', 1, 1),
(42881, 2004, 30127, 50805, 1268, '', 1, 1),
(42882, 2004, 30127, 50806, 1594, 'Playbook 2.0', 1, 1),
(42883, 2004, 30127, 50806, 1260, '2.0', 1, 1),
(42884, 2004, 30127, 50806, 1263, '2012-10-12', 1, 1),
(42885, 2004, 30127, 50806, 1593, '15001', 1, 1),
(42886, 2004, 30127, 50806, 1268, '', 1, 1),
(42887, 2004, 30118, 50807, 1594, 'Flipboard 2.0', 1, 1),
(42888, 2004, 30118, 50807, 1260, '2.0', 1, 1),
(42889, 2004, 30118, 50807, 1263, '2013-03-22', 1, 1),
(42890, 2004, 30118, 50807, 1593, '15001', 1, 1),
(42891, 2004, 30118, 50807, 1268, '', 1, 1),
(42892, 2004, 30129, 50808, 1594, 'PIE 1.0', 1, 1),
(42893, 2004, 30129, 50808, 1260, '1.0', 1, 1),
(42894, 2004, 30129, 50808, 1263, '1996-11-01', 1, 1),
(42896, 2004, 30129, 50808, 1268, 'first release', 1, 1),
(42897, 2004, 30129, 50809, 1594, 'PIE 2.0', 1, 1),
(42898, 2004, 30129, 50809, 1260, '2.0', 1, 1),
(42899, 2004, 30129, 50809, 1263, '1997-09-01', 1, 1),
(42902, 2004, 30129, 50810, 1594, 'PIE 3.0', 1, 1),
(42903, 2004, 30129, 50810, 1260, '3.0', 1, 1),
(42904, 2004, 30129, 50810, 1263, '1998-11-01', 1, 1),
(42906, 2004, 30129, 50810, 1268, '', 1, 1),
(42907, 2004, 30129, 50811, 1594, 'PIE 4.0', 1, 1),
(42908, 2004, 30129, 50811, 1260, '4.0', 1, 1),
(42909, 2004, 30129, 50811, 1263, '1999-02-01', 1, 1),
(42910, 2004, 30129, 50811, 1593, '15004', 1, 1),
(42911, 2004, 30129, 50811, 1268, 'DHTML support', 1, 1),
(42912, 2004, 30130, 50812, 1594, 'Palm WebPro 2.0', 1, 1),
(42913, 2004, 30130, 50812, 1260, '2.0', 1, 1),
(42914, 2004, 30130, 50812, 1263, '2002-11-01', 1, 1),
(42917, 2004, 30130, 50813, 1594, 'Palm WebPro 3.0', 1, 1),
(42918, 2004, 30130, 50813, 1260, '3.0', 1, 1),
(42919, 2004, 30130, 50813, 1263, '2003-10-01', 1, 1),
(42922, 2004, 30130, 50814, 1594, 'Palm WebPro 3.5', 1, 1),
(42923, 2004, 30130, 50814, 1260, '3.5', 1, 1),
(42924, 2004, 30130, 50814, 1263, '2004-09-01', 1, 1),
(42925, 2004, 30130, 50814, 1593, '15004', 1, 1),
(42927, 2004, 30130, 50814, 1268, 'estimate', 1, 1),
(42928, 2004, 30131, 50815, 1594, 'Universe (WebOS) 1.0', 1, 1),
(42929, 2004, 30131, 50815, 1260, '1.0', 1, 1),
(42930, 2004, 30131, 50815, 1263, '2009-06-05', 1, 1),
(42932, 2004, 30131, 50815, 1268, '', 1, 1),
(42933, 2004, 30131, 50816, 1594, 'Universe (WebOS) 1.4', 1, 1),
(42934, 2004, 30131, 50816, 1260, '1.4', 1, 1),
(42935, 2004, 30131, 50816, 1263, '2010-02-26', 1, 1),
(42936, 2004, 30131, 50816, 1593, '15001', 1, 1),
(42937, 2004, 30131, 50816, 1268, '', 1, 1),
(42938, 2004, 30132, 50817, 1594, 'Isis (WebOS) 2', 1, 1),
(42939, 2004, 30132, 50817, 1260, '2.0', 1, 1),
(42940, 2004, 30132, 50817, 1263, '2012-02-14', 1, 1),
(42941, 2004, 30132, 50817, 1593, '15001', 1, 1),
(42942, 2004, 30132, 50817, 1268, 'actual version are 221 and 234', 1, 1),
(42943, 2004, 30133, 50818, 1594, 'WebOS Browser 1.0', 1, 1),
(42944, 2004, 30133, 50818, 1260, '1.0', 1, 1),
(42945, 2004, 30133, 50818, 1263, '2009-06-05', 1, 1),
(42947, 2004, 30133, 50818, 1268, '', 1, 1),
(42948, 2004, 30133, 50819, 1594, 'WebOS Browser 1.3', 1, 1),
(42949, 2004, 30133, 50819, 1260, '1.3', 1, 1),
(42950, 2004, 30133, 50819, 1263, '2009-12-01', 1, 1),
(42952, 2004, 30133, 50819, 1268, '', 1, 1),
(42953, 2004, 30133, 50820, 1594, 'WebOS Browser 1.4', 1, 1),
(42954, 2004, 30133, 50820, 1260, '1.4', 1, 1),
(42955, 2004, 30133, 50820, 1263, '2010-02-26', 1, 1),
(42957, 2004, 30133, 50820, 1268, '', 1, 1),
(42958, 2004, 30133, 50821, 1594, 'WebOS Browser 2.0', 1, 1),
(42959, 2004, 30133, 50821, 1260, '2.0', 1, 1),
(42960, 2004, 30133, 50821, 1263, '2010-10-26', 1, 1),
(42962, 2004, 30133, 50821, 1268, '', 1, 1),
(42963, 2004, 30133, 50822, 1594, 'WebOS Browser 3.0', 1, 1),
(42964, 2004, 30133, 50822, 1260, '3.0', 1, 1),
(42965, 2004, 30133, 50822, 1263, '2012-01-01', 1, 1),
(42966, 2004, 30133, 50822, 1593, '15001', 1, 1),
(42967, 2004, 30133, 50822, 1268, '', 1, 1),
(42968, 2004, 30134, 50823, 1594, 'Polaris 5.0', 1, 1),
(42969, 2004, 30134, 50823, 1260, '5.0', 1, 1),
(42970, 2004, 30134, 50823, 1263, '2006-01-01', 1, 1),
(42971, 2004, 30134, 50823, 1593, '15004', 1, 1),
(42972, 2004, 30134, 50823, 1268, '1st browser 2002, but 5.0 first available', 1, 1),
(42973, 2004, 30134, 50824, 1594, 'Polaris 6.0', 1, 1),
(42974, 2004, 30134, 50824, 1260, '6.0', 1, 1),
(42975, 2004, 30134, 50824, 1263, '2007-04-01', 1, 1),
(42977, 2004, 30134, 50824, 1268, 'ajax support', 1, 1),
(42978, 2004, 30134, 50825, 1594, 'Polaris 7.0', 1, 1),
(42979, 2004, 30134, 50825, 1260, '7.0', 1, 1),
(42980, 2004, 30134, 50825, 1263, '2009-12-01', 1, 1),
(42981, 2004, 30134, 50825, 1593, '15001', 1, 1),
(42982, 2004, 30134, 50825, 1268, '', 1, 1),
(42988, 2004, 30135, 50827, 1594, 'Lynx 2.0', 1, 1),
(42989, 2004, 30135, 50827, 1260, '2.0', 1, 1),
(42990, 2004, 30135, 50827, 1263, '1993-03-01', 1, 1),
(42992, 2004, 30135, 50827, 1268, '', 1, 1),
(42993, 2004, 30135, 50828, 1594, 'Lynx 2.2', 1, 1),
(42994, 2004, 30135, 50828, 1260, '2.2', 1, 1),
(42995, 2004, 30135, 50828, 1263, '1994-02-01', 1, 1),
(42997, 2004, 30135, 50828, 1268, '', 1, 1),
(42998, 2004, 30135, 50829, 1594, 'Lynx 2.3', 1, 1),
(42999, 2004, 30135, 50829, 1260, '2.3', 1, 1),
(43000, 2004, 30135, 50829, 1263, '1994-05-01', 1, 1),
(43002, 2004, 30135, 50829, 1268, '', 1, 1),
(43003, 2004, 30135, 50830, 1594, 'Lynx 2.4', 1, 1),
(43004, 2004, 30135, 50830, 1260, '2.4', 1, 1),
(43005, 2004, 30135, 50830, 1263, '1995-06-01', 1, 1),
(43007, 2004, 30135, 50830, 1268, '', 1, 1),
(43008, 2004, 30135, 50831, 1594, 'Lynx 2.6', 1, 1),
(43009, 2004, 30135, 50831, 1260, '2.6', 1, 1),
(43010, 2004, 30135, 50831, 1263, '1996-09-01', 1, 1),
(43011, 2004, 30135, 50831, 1593, '15004', 1, 1),
(43012, 2004, 30135, 50831, 1268, '', 1, 1),
(43013, 2004, 30135, 50832, 1594, 'Lynx 2.7', 1, 1),
(43014, 2004, 30135, 50832, 1260, '2.7', 1, 1),
(43015, 2004, 30135, 50832, 1263, '1997-02-01', 1, 1),
(43016, 2004, 30135, 50832, 1593, 'common', 1, 1),
(43017, 2004, 30135, 50832, 1268, '', 1, 1),
(43018, 2004, 30135, 50833, 1594, 'Lynx 2.8', 1, 1),
(43019, 2004, 30135, 50833, 1260, '2.8', 1, 1),
(43020, 2004, 30135, 50833, 1263, '1998-03-01', 1, 1),
(43021, 2004, 30135, 50833, 1593, 'common', 1, 1),
(43022, 2004, 30135, 50833, 1268, '', 1, 1),
(43023, 2004, 30136, 50834, 1594, 'Amazon WindowShop 1.0', 1, 1),
(43024, 2004, 30136, 50834, 1260, '1.0', 1, 1),
(43025, 2004, 30136, 50834, 1263, '2010-10-01', 1, 1),
(43026, 2004, 30136, 50834, 1593, '15001', 1, 1),
(43027, 2004, 30136, 50834, 1268, '', 1, 1),
(43028, 2004, 30137, 50835, 1594, 'Roccat 2.0', 1, 1),
(43029, 2004, 30137, 50835, 1260, '2.0', 1, 1),
(43030, 2004, 30137, 50835, 1263, '2011-08-01', 1, 1),
(43031, 2004, 30137, 50835, 1593, '15003', 1, 1),
(43032, 2004, 30137, 50835, 1268, 'estimate', 1, 1),
(43033, 2004, 30137, 50836, 1594, 'Roccat 3.0', 1, 1),
(43034, 2004, 30137, 50836, 1260, '3.0', 1, 1),
(43035, 2004, 30137, 50836, 1263, '2012-04-01', 1, 1),
(43037, 2004, 30137, 50836, 1268, '', 1, 1),
(43038, 2004, 30138, 50837, 1594, 'Skyfire 1.0', 1, 1),
(43039, 2004, 30138, 50837, 1260, '1.0', 1, 1),
(43040, 2004, 30138, 50837, 1263, '2009-05-27', 1, 1),
(43043, 2004, 30138, 50838, 1594, 'Skyfire 1.5', 1, 1),
(43044, 2004, 30138, 50838, 1260, '1.5', 1, 1),
(43045, 2004, 30138, 50838, 1263, '2009-12-01', 1, 1),
(43046, 2004, 30138, 50838, 1593, '15004', 1, 1),
(43047, 2004, 30138, 50838, 1268, '', 1, 1),
(43048, 2004, 30138, 50839, 1594, 'Skyfire 2.0', 1, 1),
(43049, 2004, 30138, 50839, 1260, '2.0', 1, 1),
(43050, 2004, 30138, 50839, 1263, '2010-10-30', 1, 1),
(43051, 2004, 30138, 50839, 1593, '15003', 1, 1),
(43052, 2004, 30138, 50839, 1268, 'estimate', 1, 1),
(43053, 2004, 30139, 50840, 1594, 'Stainless 0.1', 1, 1),
(43054, 2004, 30139, 50840, 1260, '0.1', 1, 1),
(43055, 2004, 30139, 50840, 1263, '2008-11-05', 1, 1),
(43056, 2004, 30139, 50840, 1593, '15003', 1, 1),
(43057, 2004, 30139, 50840, 1268, '', 1, 1),
(43058, 2004, 30140, 50841, 1594, 'Teashark 1.0', 1, 1),
(43059, 2004, 30140, 50841, 1260, '1.0', 1, 1),
(43060, 2004, 30140, 50841, 1263, '2008-03-26', 1, 1),
(43061, 2004, 30140, 50841, 1593, '15008', 1, 1),
(43062, 2004, 30140, 50841, 1268, 'inactive servers', 1, 1),
(43088, 2018, 30133, 50821, 1385, 'false', 1, 1),
(43089, 2018, 30113, 50754, 1385, 'false', 1, 1),
(43090, 2004, 30143, 50847, 1594, 'Columbus 1.0', 1, 1),
(43091, 2004, 30143, 50847, 1260, '1.0', 1, 1),
(43092, 2004, 30143, 50847, 1263, '2010-12-01', 1, 1),
(43093, 2004, 30143, 50847, 1593, '15003', 1, 1),
(43094, 2004, 30143, 50847, 1268, 'estimate', 1, 1),
(43095, 2004, 30145, 50848, 1594, 'Dooble 1.0', 1, 1),
(43096, 2004, 30145, 50848, 1260, '1.0', 1, 1),
(43097, 2004, 30145, 50848, 1263, '2009-12-01', 1, 1),
(43100, 2004, 30145, 50849, 1594, 'Dooble 1.3', 1, 1),
(43101, 2004, 30145, 50849, 1260, '1.3', 1, 1),
(43102, 2004, 30145, 50849, 1263, '2011-05-10', 1, 1),
(43105, 2004, 30145, 50850, 1594, 'Dooble 1.4', 1, 1),
(43106, 2004, 30145, 50850, 1260, '1.4', 1, 1),
(43107, 2004, 30145, 50850, 1263, '2013-01-01', 1, 1),
(43109, 2004, 30145, 50850, 1268, 'estimate', 1, 1),
(43110, 2004, 30145, 50851, 1594, 'Dooble 1.6', 1, 1),
(43111, 2004, 30145, 50851, 1260, '1.6', 1, 1),
(43112, 2004, 30145, 50851, 1263, '2014-01-01', 1, 1),
(43113, 2004, 30145, 50851, 1593, '15003', 1, 1),
(43114, 2004, 30145, 50851, 1268, '', 1, 1),
(43116, 2004, 30146, 50852, 1594, 'iCab 2.0', 1, 1),
(43117, 2004, 30146, 50852, 1260, '2.0', 1, 1),
(43118, 2004, 30146, 50852, 1263, '1999-02-01', 1, 1),
(43119, 2004, 30146, 50852, 1593, '15004', 1, 1),
(43120, 2004, 30146, 50852, 1268, '', 1, 1),
(43121, 2004, 30146, 50853, 1594, 'iCab 2.5', 1, 1),
(43122, 2004, 30146, 50853, 1260, '2.5', 1, 1),
(43123, 2004, 30146, 50853, 1263, '2000-04-01', 1, 1),
(43124, 2004, 30146, 50853, 1593, 'common', 1, 1),
(43125, 2004, 30146, 50853, 1268, '', 1, 1),
(43126, 2004, 30146, 50854, 1594, 'iCab 3.0', 1, 1),
(43127, 2004, 30146, 50854, 1260, '3.0', 1, 1),
(43128, 2004, 30146, 50854, 1263, '2005-01-01', 1, 1),
(43129, 2004, 30146, 50854, 1593, 'common', 1, 1),
(43130, 2004, 30146, 50854, 1268, '', 1, 1),
(43131, 2004, 30146, 50855, 1594, 'iCab 4.0', 1, 1),
(43132, 2004, 30146, 50855, 1260, '4.0', 1, 1),
(43133, 2004, 30146, 50855, 1263, '2008-02-18', 1, 1),
(43134, 2004, 30146, 50855, 1593, 'common', 1, 1),
(43135, 2004, 30146, 50855, 1268, '', 1, 1),
(43136, 2004, 30146, 50856, 1594, 'iCab 4.5', 1, 1),
(43137, 2004, 30146, 50856, 1260, '4.5', 1, 1),
(43138, 2004, 30146, 50856, 1263, '2009-03-07', 1, 1),
(43139, 2004, 30146, 50856, 1593, 'common', 1, 1),
(43140, 2004, 30146, 50856, 1268, '', 1, 1),
(43141, 2004, 30146, 50857, 1594, 'iCab 4.6', 1, 1),
(43142, 2004, 30146, 50857, 1260, '4.6', 1, 1),
(43143, 2004, 30146, 50857, 1263, '2009-06-07', 1, 1),
(43144, 2004, 30146, 50857, 1593, 'common', 1, 1),
(43145, 2004, 30146, 50857, 1268, '', 1, 1),
(43146, 2004, 30146, 50858, 1594, 'iCab 4.7', 1, 1),
(43147, 2004, 30146, 50858, 1260, '4.7', 1, 1),
(43148, 2004, 30146, 50858, 1263, '2009-10-01', 1, 1),
(43149, 2004, 30146, 50858, 1593, 'common', 1, 1),
(43150, 2004, 30146, 50858, 1268, '', 1, 1),
(43151, 2004, 30146, 50859, 1594, 'iCab 4.8', 1, 1),
(43152, 2004, 30146, 50859, 1260, '4.8', 1, 1),
(43153, 2004, 30146, 50859, 1263, '2010-06-10', 1, 1),
(43154, 2004, 30146, 50859, 1593, 'common', 1, 1),
(43155, 2004, 30146, 50859, 1268, '', 1, 1),
(43156, 2004, 30146, 50860, 1594, 'iCab 5.0', 1, 1),
(43157, 2004, 30146, 50860, 1260, '5.0', 1, 1),
(43158, 2004, 30146, 50860, 1263, '2011-09-09', 1, 1),
(43159, 2004, 30146, 50860, 1593, 'common', 1, 1),
(43160, 2004, 30146, 50860, 1268, '', 1, 1),
(43161, 2004, 30146, 50861, 1594, 'iCab 7.0', 1, 1),
(43162, 2004, 30146, 50861, 1260, '7.0', 1, 1),
(43163, 2004, 30146, 50861, 1263, '2013-06-25', 1, 1),
(43164, 2004, 30146, 50861, 1593, 'common', 1, 1),
(43165, 2004, 30146, 50861, 1268, '', 1, 1),
(43166, 2004, 30148, 50862, 1594, 'Midori 0.2', 1, 1),
(43167, 2004, 30148, 50862, 1260, '0.2', 1, 1),
(43168, 2004, 30148, 50862, 1263, '2010-05-16', 1, 1),
(43170, 2004, 30148, 50862, 1268, '', 1, 1),
(43171, 2004, 30148, 50863, 1594, 'Midori 0.3', 1, 1),
(43172, 2004, 30148, 50863, 1260, '0.3', 1, 1),
(43173, 2004, 30148, 50863, 1263, '2011-01-11', 1, 1),
(43175, 2004, 30148, 50863, 1268, '', 1, 1),
(43176, 2004, 30148, 50864, 1594, 'Midori 0.4', 1, 1),
(43177, 2004, 30148, 50864, 1260, '0.4', 1, 1),
(43178, 2004, 30148, 50864, 1263, '2012-09-21', 1, 1),
(43180, 2004, 30148, 50864, 1268, '', 1, 1),
(43181, 2004, 30148, 50865, 1594, 'Midori 0.5', 1, 1),
(43182, 2004, 30148, 50865, 1260, '0.5', 1, 1),
(43183, 2004, 30148, 50865, 1263, '2012-04-26', 1, 1),
(43185, 2004, 30148, 50865, 1268, '', 1, 1),
(43186, 2004, 30148, 50866, 1594, 'Midori 0.1', 1, 1),
(43187, 2004, 30148, 50866, 1260, '0.1', 1, 1),
(43188, 2004, 30148, 50866, 1263, '2009-08-01', 1, 1),
(43189, 2004, 30148, 50866, 1593, '15003', 1, 1),
(43190, 2004, 30148, 50866, 1268, '', 1, 1),
(43191, 2004, 30149, 50867, 1594, 'Konqueror 1.0', 1, 1),
(43192, 2004, 30149, 50867, 1260, '1.0', 1, 1),
(43193, 2004, 30149, 50867, 1263, '2000-10-23', 1, 1),
(43195, 2004, 30149, 50867, 1268, '', 1, 1),
(43196, 2004, 30149, 50868, 1594, 'Konqueror 2.0', 1, 1),
(43197, 2004, 30149, 50868, 1260, '2.0', 1, 1),
(43198, 2004, 30149, 50868, 1263, '2001-08-15', 1, 1),
(43200, 2004, 30149, 50868, 1268, '', 1, 1),
(43201, 2004, 30149, 50869, 1594, 'Konqueror 3.0', 1, 1),
(43202, 2004, 30149, 50869, 1260, '3.0', 1, 1),
(43203, 2004, 30149, 50869, 1263, '2002-04-15', 1, 1),
(43205, 2004, 30149, 50869, 1268, '', 1, 1),
(43206, 2004, 30149, 50870, 1594, 'Konqueror 3.1', 1, 1),
(43207, 2004, 30149, 50870, 1260, '3.1', 1, 1),
(43208, 2004, 30149, 50870, 1263, '2003-01-08', 1, 1),
(43209, 2004, 30149, 50870, 1593, '15004', 1, 1),
(43210, 2004, 30149, 50870, 1268, '', 1, 1),
(43211, 2004, 30149, 50871, 1594, 'Konqueror 3.2', 1, 1),
(43212, 2004, 30149, 50871, 1260, '3.2', 1, 1),
(43213, 2004, 30149, 50871, 1263, '2004-02-15', 1, 1),
(43215, 2004, 30149, 50871, 1268, '', 1, 1),
(43216, 2004, 30149, 50872, 1594, 'Konqueror 3.3', 1, 1),
(43217, 2004, 30149, 50872, 1260, '3.3', 1, 1),
(43218, 2004, 30149, 50872, 1263, '2004-08-09', 1, 1),
(43220, 2004, 30149, 50872, 1268, '', 1, 1),
(43221, 2004, 30149, 50873, 1594, 'Konqueror 3.4', 1, 1),
(43222, 2004, 30149, 50873, 1260, '3.4', 1, 1),
(43223, 2004, 30149, 50873, 1263, '2005-03-16', 1, 1),
(43225, 2004, 30149, 50873, 1268, '', 1, 1),
(43226, 2004, 30149, 50874, 1594, 'Konqueror 3.5', 1, 1),
(43227, 2004, 30149, 50874, 1260, '3.5', 1, 1),
(43228, 2004, 30149, 50874, 1263, '2005-11-29', 1, 1),
(43230, 2004, 30149, 50874, 1268, '', 1, 1),
(43231, 2004, 30149, 50875, 1594, 'Konqueror 4.0', 1, 1),
(43232, 2004, 30149, 50875, 1260, '4.0', 1, 1),
(43233, 2004, 30149, 50875, 1263, '2008-01-11', 1, 1),
(43234, 2004, 30149, 50875, 1593, '15003', 1, 1),
(43235, 2004, 30149, 50875, 1268, '', 1, 1),
(43236, 2004, 30149, 50876, 1594, 'Konqueror 4.1', 1, 1),
(43237, 2004, 30149, 50876, 1260, '4,1', 1, 1),
(43238, 2004, 30149, 50876, 1263, '2008-08-29', 1, 1),
(43240, 2004, 30149, 50876, 1268, '', 1, 1),
(43241, 2004, 30149, 50877, 1594, 'Konqueror 4.2', 1, 1),
(43242, 2004, 30149, 50877, 1260, '4.2', 1, 1),
(43243, 2004, 30149, 50877, 1263, '2009-01-07', 1, 1),
(43245, 2004, 30149, 50877, 1268, '', 1, 1),
(43246, 2004, 30149, 50878, 1594, 'Konqueror 4.3', 1, 1),
(43247, 2004, 30149, 50878, 1260, '4.3', 1, 1),
(43248, 2004, 30149, 50878, 1263, '2009-08-04', 1, 1),
(43250, 2004, 30149, 50878, 1268, '', 1, 1),
(43251, 2004, 30149, 50879, 1594, 'Konqueror 4.4', 1, 1),
(43252, 2004, 30149, 50879, 1260, '4.4', 1, 1),
(43253, 2004, 30149, 50879, 1263, '2010-02-09', 1, 1),
(43255, 2004, 30149, 50879, 1268, '', 1, 1),
(43256, 2004, 30149, 50880, 1594, 'Konqueror 4.5', 1, 1),
(43257, 2004, 30149, 50880, 1260, '4.5', 1, 1),
(43258, 2004, 30149, 50880, 1263, '2010-05-26', 1, 1),
(43260, 2004, 30149, 50880, 1268, '', 1, 1);
INSERT INTO `clients_properties` (`id`, `components_id`, `clients_id`, `clients_versions_id`, `properties_id`, `property_value`, `num_tests`, `confidence`) VALUES
(43261, 2004, 30149, 50881, 1594, 'Konqueror 4.6', 1, 1),
(43262, 2004, 30149, 50881, 1260, '4.6', 1, 1),
(43263, 2004, 30149, 50881, 1263, '2011-01-26', 1, 1),
(43265, 2004, 30149, 50881, 1268, '', 1, 1),
(43266, 2004, 30149, 50882, 1594, 'Konqueror 4.7', 1, 1),
(43267, 2004, 30149, 50882, 1260, '4.7', 1, 1),
(43268, 2004, 30149, 50882, 1263, '2011-08-26', 1, 1),
(43270, 2004, 30149, 50882, 1268, '', 1, 1),
(43271, 2004, 30149, 50883, 1594, 'Konqueror 4.8', 1, 1),
(43272, 2004, 30149, 50883, 1260, '4.8', 1, 1),
(43273, 2004, 30149, 50883, 1263, '2012-01-25', 1, 1),
(43275, 2004, 30149, 50883, 1268, '', 1, 1),
(43276, 2004, 30149, 50884, 1594, 'Konqueror 4.9', 1, 1),
(43277, 2004, 30149, 50884, 1260, '4.9', 1, 1),
(43278, 2004, 30149, 50884, 1263, '2012-08-01', 1, 1),
(43279, 2004, 30149, 50884, 1593, 'common', 1, 1),
(43280, 2004, 30149, 50884, 1268, '', 1, 1),
(43284, 2004, 30149, 50879, 1593, '15003', 1, 1),
(43285, 2004, 30149, 50871, 1593, '15004', 1, 1),
(43286, 2004, 30150, 50885, 1594, 'Rekonq 1.0', 1, 1),
(43287, 2004, 30150, 50885, 1260, '1.0', 1, 1),
(43288, 2004, 30150, 50885, 1263, '2012-07-20', 1, 1),
(43290, 2004, 30150, 50885, 1268, '', 1, 1),
(43291, 2004, 30150, 50886, 1594, 'Rekonq 2.0', 1, 1),
(43292, 2004, 30150, 50886, 1260, '2.0', 1, 1),
(43293, 2004, 30150, 50886, 1263, '2012-12-29', 1, 1),
(43294, 2004, 30150, 50886, 1593, '15003', 1, 1),
(43295, 2004, 30150, 50886, 1268, '', 1, 1),
(43296, 2004, 30151, 50887, 1594, 'Netsurf 1.0', 1, 1),
(43297, 2004, 30151, 50887, 1260, '1.0', 1, 1),
(43298, 2004, 30151, 50887, 1263, '2007-05-19', 1, 1),
(43300, 2004, 30151, 50887, 1268, '', 1, 1),
(43301, 2004, 30151, 50888, 1594, 'Netsurf 2.0', 1, 1),
(43302, 2004, 30151, 50888, 1260, '2.0', 1, 1),
(43303, 2004, 30151, 50888, 1263, '2009-04-25', 1, 1),
(43304, 2004, 30151, 50888, 1593, '15003', 1, 1),
(43305, 2004, 30151, 50888, 1268, '', 1, 1),
(43306, 2004, 30151, 50887, 1593, '15004', 1, 1),
(43307, 2004, 30151, 50889, 1594, 'Netsurf 2.5', 1, 1),
(43308, 2004, 30151, 50889, 1260, '2.5', 1, 1),
(43309, 2004, 30151, 50889, 1263, '2010-04-24', 1, 1),
(43311, 2004, 30151, 50889, 1268, '', 1, 1),
(43312, 2004, 30151, 50890, 1594, 'Netsurf 2.9', 1, 1),
(43313, 2004, 30151, 50890, 1260, '2.9', 1, 1),
(43314, 2004, 30151, 50890, 1263, '2012-04-28', 1, 1),
(43316, 2004, 30151, 50890, 1268, '', 1, 1),
(43317, 2004, 30151, 50891, 1594, 'Netsurf 3.0', 1, 1),
(43318, 2004, 30151, 50891, 1260, '3.0', 1, 1),
(43319, 2004, 30151, 50891, 1263, '2013-04-20', 1, 1),
(43320, 2004, 30151, 50891, 1593, '15003', 1, 1),
(43321, 2004, 30151, 50891, 1268, '', 1, 1),
(43322, 2004, 30152, 50892, 1594, 'Leechcraft 0.2', 1, 1),
(43323, 2004, 30152, 50892, 1260, '0.2', 1, 1),
(43324, 2004, 30152, 50892, 1263, '2009-04-19', 1, 1),
(43326, 2004, 30152, 50892, 1268, '', 1, 1),
(43327, 2004, 30152, 50893, 1594, 'Leechcraft 0.3', 1, 1),
(43328, 2004, 30152, 50893, 1260, '0.3', 1, 1),
(43329, 2004, 30152, 50893, 1263, '2010-12-01', 1, 1),
(43331, 2004, 30152, 50893, 1268, '', 1, 1),
(43332, 2004, 30152, 50894, 1594, 'Leechcraft 0.5', 1, 1),
(43333, 2004, 30152, 50894, 1260, '0.5', 1, 1),
(43334, 2004, 30152, 50894, 1263, '2013-09-23', 1, 1),
(43336, 2004, 30152, 50894, 1268, '', 1, 1),
(43337, 2004, 30152, 50895, 1594, 'Leechcraft 0.4', 1, 1),
(43338, 2004, 30152, 50895, 1260, '0.4', 1, 1),
(43339, 2004, 30152, 50895, 1263, '2010-12-10', 1, 1),
(43340, 2004, 30152, 50895, 1593, '15003', 1, 1),
(43341, 2004, 30152, 50895, 1268, '', 1, 1),
(43342, 2004, 30153, 50896, 1594, 'Uzbl 1.x', 1, 1),
(43343, 2004, 30153, 50896, 1260, '1.0', 1, 1),
(43344, 2004, 30153, 50896, 1263, '2009-08-01', 1, 1),
(43346, 2004, 30153, 50896, 1268, '', 1, 1),
(43347, 2004, 30153, 50897, 1594, 'Uxbl 2.x', 1, 1),
(43348, 2004, 30153, 50897, 1260, '2.0', 1, 1),
(43349, 2004, 30153, 50897, 1263, '2013-05-01', 1, 1),
(43350, 2004, 30153, 50897, 1593, '15003', 1, 1),
(43351, 2004, 30153, 50897, 1268, '', 1, 1),
(43352, 2004, 30154, 50898, 1594, 'QTWeb 1.2', 1, 1),
(43353, 2004, 30154, 50898, 1260, '1.2', 1, 1),
(43354, 2004, 30154, 50898, 1263, '2008-12-02', 1, 1),
(43357, 2004, 30154, 50899, 1594, 'QTWeb 1.5', 1, 1),
(43358, 2004, 30154, 50899, 1260, '1.5', 1, 1),
(43359, 2004, 30154, 50899, 1263, '2009-01-06', 1, 1),
(43361, 2004, 30154, 50899, 1268, '', 1, 1),
(43362, 2004, 30154, 50900, 1594, 'QTWeb 1.7', 1, 1),
(43363, 2004, 30154, 50900, 1260, '1.7', 1, 1),
(43364, 2004, 30154, 50900, 1263, '2009-02-09', 1, 1),
(43366, 2004, 30154, 50900, 1268, '', 1, 1),
(43367, 2004, 30154, 50901, 1594, 'QTWeb 2.0', 1, 1),
(43368, 2004, 30154, 50901, 1260, '2.0', 1, 1),
(43369, 2004, 30154, 50901, 1263, '2009-02-23', 1, 1),
(43370, 2004, 30154, 50901, 1593, '15003', 1, 1),
(43371, 2004, 30154, 50901, 1268, '', 1, 1),
(43372, 2004, 30154, 50902, 1594, 'QTWeb 2.5', 1, 1),
(43373, 2004, 30154, 50902, 1260, '2.5', 1, 1),
(43374, 2004, 30154, 50902, 1263, '2009-05-08', 1, 1),
(43376, 2004, 30154, 50902, 1268, '', 1, 1),
(43377, 2004, 30154, 50903, 1594, 'QTWeb 3.0', 1, 1),
(43378, 2004, 30154, 50903, 1260, '3.0', 1, 1),
(43379, 2004, 30154, 50903, 1263, '2009-07-08', 1, 1),
(43381, 2004, 30154, 50903, 1268, '', 1, 1),
(43382, 2004, 30154, 50904, 1594, 'QTWeb 3.1', 1, 1),
(43383, 2004, 30154, 50904, 1260, '3.1', 1, 1),
(43384, 2004, 30154, 50904, 1263, '2009-09-11', 1, 1),
(43386, 2004, 30154, 50904, 1268, '', 1, 1),
(43387, 2004, 30154, 50905, 1594, 'QTWeb 3.3', 1, 1),
(43388, 2004, 30154, 50905, 1260, '3.3', 1, 1),
(43389, 2004, 30154, 50905, 1263, '2010-02-09', 1, 1),
(43391, 2004, 30154, 50905, 1268, '', 1, 1),
(43392, 2004, 30154, 50906, 1594, 'QTWeb 3.5', 1, 1),
(43393, 2004, 30154, 50906, 1260, '3.5', 1, 1),
(43394, 2004, 30154, 50906, 1263, '2010-10-09', 1, 1),
(43396, 2004, 30154, 50906, 1268, '', 1, 1),
(43397, 2004, 30154, 50907, 1594, 'QTWeb 3.7', 1, 1),
(43398, 2004, 30154, 50907, 1260, '3.7', 1, 1),
(43399, 2004, 30154, 50907, 1263, '2012-02-02', 1, 1),
(43401, 2004, 30154, 50907, 1268, '', 1, 1),
(43402, 2004, 30154, 50908, 1594, 'QTWeb 3.8', 1, 1),
(43403, 2004, 30154, 50908, 1260, '3.8', 1, 1),
(43404, 2004, 30154, 50908, 1263, '2013-09-09', 1, 1),
(43405, 2004, 30154, 50908, 1593, 'common', 1, 1),
(43406, 2004, 30154, 50908, 1268, '', 1, 1),
(43412, 2004, 30154, 50907, 1593, '15000', 1, 1),
(43413, 2004, 30155, 50909, 1594, 'Qupzilla 1.0', 1, 1),
(43414, 2004, 30155, 50909, 1260, '1.0', 1, 1),
(43415, 2004, 30155, 50909, 1263, '2011-11-08', 1, 1),
(43417, 2004, 30155, 50909, 1268, '', 1, 1),
(43418, 2004, 30155, 50910, 1594, 'Qupzilla 1.1', 1, 1),
(43419, 2004, 30155, 50910, 1260, '1.1', 1, 1),
(43420, 2004, 30155, 50910, 1263, '2011-12-14', 1, 1),
(43422, 2004, 30155, 50910, 1268, '', 1, 1),
(43423, 2004, 30155, 50911, 1594, 'Qupzilla 1.2', 1, 1),
(43424, 2004, 30155, 50911, 1260, '1.2', 1, 1),
(43425, 2004, 30155, 50911, 1263, '2012-04-05', 1, 1),
(43427, 2004, 30155, 50911, 1268, '', 1, 1),
(43428, 2004, 30155, 50912, 1594, 'Qupzilla 1.3', 1, 1),
(43429, 2004, 30155, 50912, 1260, '1.3', 1, 1),
(43430, 2004, 30155, 50912, 1263, '2013-03-11', 1, 1),
(43432, 2004, 30155, 50912, 1268, '', 1, 1),
(43433, 2004, 30155, 50913, 1594, 'Qupzilla 1.4', 1, 1),
(43434, 2004, 30155, 50913, 1260, '1.5', 1, 1),
(43435, 2004, 30155, 50913, 1263, '2013-09-30', 1, 1),
(43437, 2004, 30155, 50913, 1268, '', 1, 1),
(43438, 2004, 30155, 50914, 1594, 'Qupzilla 1.6', 1, 1),
(43439, 2004, 30155, 50914, 1260, '1.6', 1, 1),
(43440, 2004, 30155, 50914, 1263, '2014-01-01', 1, 1),
(43441, 2004, 30155, 50914, 1593, '15003', 1, 1),
(43442, 2004, 30155, 50914, 1268, '', 1, 1),
(43446, 2004, 30156, 50915, 1594, 'Cometbird 3.0', 1, 1),
(43447, 2004, 30156, 50915, 1260, '3.0', 1, 1),
(43448, 2004, 30156, 50915, 1263, '2010-09-17', 1, 1),
(43450, 2004, 30156, 50915, 1268, '', 1, 1),
(43451, 2004, 30156, 50916, 1594, 'Cometbird 4.0', 1, 1),
(43452, 2004, 30156, 50916, 1260, '4.0', 1, 1),
(43453, 2004, 30156, 50916, 1263, '2011-05-11', 1, 1),
(43455, 2004, 30156, 50916, 1268, '', 1, 1),
(43456, 2004, 30156, 50917, 1594, 'Cometbird 5.0', 1, 1),
(43457, 2004, 30156, 50917, 1260, '5.0', 1, 1),
(43458, 2004, 30156, 50917, 1263, '2011-07-07', 1, 1),
(43460, 2004, 30156, 50917, 1268, '', 1, 1),
(43461, 2004, 30156, 50918, 1594, 'Cometbird 6.0', 1, 1),
(43462, 2004, 30156, 50918, 1260, '6.0', 1, 1),
(43463, 2004, 30156, 50918, 1263, '2011-09-10', 1, 1),
(43465, 2004, 30156, 50918, 1268, '', 1, 1),
(43466, 2004, 30156, 50919, 1594, 'Cometbird 7.0', 1, 1),
(43467, 2004, 30156, 50919, 1260, '7.0', 1, 1),
(43468, 2004, 30156, 50919, 1263, '2011-10-08', 1, 1),
(43470, 2004, 30156, 50919, 1268, '', 1, 1),
(43471, 2004, 30156, 50920, 1594, 'Cometbird 8.0', 1, 1),
(43472, 2004, 30156, 50920, 1260, '8.0', 1, 1),
(43473, 2004, 30156, 50920, 1263, '2011-12-07', 1, 1),
(43475, 2004, 30156, 50920, 1268, '', 1, 1),
(43476, 2004, 30156, 50921, 1594, 'Cometbird 9.0', 1, 1),
(43477, 2004, 30156, 50921, 1260, '9.0', 1, 1),
(43478, 2004, 30156, 50921, 1263, '2012-11-21', 1, 1),
(43480, 2004, 30156, 50921, 1268, '', 1, 1),
(43481, 2004, 30156, 50922, 1594, 'Cometbird 11.0', 1, 1),
(43482, 2004, 30156, 50922, 1260, '11.0', 1, 1),
(43483, 2004, 30156, 50922, 1263, '2012-04-10', 1, 1),
(43485, 2004, 30156, 50922, 1268, '', 1, 1),
(43491, 2004, 30156, 50915, 1593, '15003', 1, 1),
(43492, 2004, 30157, 50923, 1594, 'K-Meleon 0.8', 1, 1),
(43493, 2004, 30157, 50923, 1260, '0.8', 1, 1),
(43494, 2004, 30157, 50923, 1263, '2003-11-11', 1, 1),
(43496, 2004, 30157, 50923, 1268, '', 1, 1),
(43497, 2004, 30157, 50924, 1594, 'K-Meleon 0.9', 1, 1),
(43498, 2004, 30157, 50924, 1260, '0.9', 1, 1),
(43499, 2004, 30157, 50924, 1263, '2005-01-08', 1, 1),
(43501, 2004, 30157, 50924, 1268, '', 1, 1),
(43502, 2004, 30157, 50925, 1594, 'K-Meleon 1.0', 1, 1),
(43503, 2004, 30157, 50925, 1260, '1.0', 1, 1),
(43504, 2004, 30157, 50925, 1263, '2006-07-15', 1, 1),
(43505, 2004, 30157, 50925, 1593, '15004', 1, 1),
(43506, 2004, 30157, 50925, 1268, '', 1, 1),
(43507, 2004, 30157, 50926, 1594, 'K-Meleon 1.1', 1, 1),
(43508, 2004, 30157, 50926, 1260, '1.1', 1, 1),
(43509, 2004, 30157, 50926, 1263, '2007-05-22', 1, 1),
(43511, 2004, 30157, 50926, 1268, '', 1, 1),
(43512, 2004, 30157, 50927, 1594, 'K-Meleon 1.5', 1, 1),
(43513, 2004, 30157, 50927, 1260, '1.5', 1, 1),
(43514, 2004, 30157, 50927, 1263, '2008-08-08', 1, 1),
(43516, 2004, 30157, 50927, 1268, '', 1, 1),
(43517, 2004, 30157, 50928, 1594, 'K-Meleon 1.6', 1, 1),
(43518, 2004, 30157, 50928, 1260, '1.6', 1, 1),
(43519, 2004, 30157, 50928, 1263, '2010-05-05', 1, 1),
(43521, 2004, 30157, 50928, 1268, '', 1, 1),
(43522, 2004, 30157, 50929, 1594, 'K-Meleon 1.7', 1, 1),
(43523, 2004, 30157, 50929, 1260, '1.7', 1, 1),
(43524, 2004, 30157, 50929, 1263, '2011-12-26', 1, 1),
(43525, 2004, 30157, 50929, 1593, '15003', 1, 1),
(43526, 2004, 30157, 50929, 1268, '', 1, 1),
(43530, 2004, 30158, 50930, 1594, 'Conkeror 1.0', 1, 1),
(43531, 2004, 30158, 50930, 1260, '1.0', 1, 1),
(43532, 2004, 30158, 50930, 1263, '2008-09-01', 1, 1),
(43533, 2004, 30158, 50930, 1593, '15003', 1, 1),
(43534, 2004, 30158, 50930, 1268, '', 1, 1),
(43535, 2004, 30160, 50931, 1594, 'Sunrise 1.0', 1, 1),
(43536, 2004, 30160, 50931, 1260, '1.0', 1, 1),
(43537, 2004, 30160, 50931, 1263, '2007-04-11', 1, 1),
(43539, 2004, 30160, 50931, 1268, 'first release', 1, 1),
(43540, 2004, 30160, 50932, 1594, 'Sunrise 2.0', 1, 1),
(43541, 2004, 30160, 50932, 1260, '2.0', 1, 1),
(43542, 2004, 30160, 50932, 1263, '2010-01-01', 1, 1),
(43545, 2004, 30160, 50933, 1594, 'Sunrise 1.6', 1, 1),
(43546, 2004, 30160, 50933, 1260, '1.6', 1, 1),
(43547, 2004, 30160, 50933, 1263, '2008-02-17', 1, 1),
(43550, 2004, 30160, 50934, 1594, 'Sunrise 1.5', 1, 1),
(43551, 2004, 30160, 50934, 1260, '1.5', 1, 1),
(43552, 2004, 30160, 50934, 1263, '2007-12-10', 1, 1),
(43555, 2004, 30160, 50935, 1594, 'Sunrise 1.2', 1, 1),
(43556, 2004, 30160, 50935, 1260, '1.2', 1, 1),
(43557, 2004, 30160, 50935, 1263, '2007-07-18', 1, 1),
(43559, 2004, 30160, 50935, 1268, '', 1, 1),
(43560, 2004, 30160, 50936, 1594, 'Sunrise 1.3', 1, 1),
(43561, 2004, 30160, 50936, 1260, '1.3', 1, 1),
(43562, 2004, 30160, 50936, 1263, '2007-05-01', 1, 1),
(43565, 2004, 30160, 50937, 1594, 'Sunrise 1.4', 1, 1),
(43566, 2004, 30160, 50937, 1260, '1.4', 1, 1),
(43567, 2004, 30160, 50937, 1263, '2007-06-01', 1, 1),
(43569, 2004, 30160, 50937, 1268, 'estimate', 1, 1),
(43571, 2004, 30160, 50938, 1594, 'Sunrise 1.7', 1, 1),
(43572, 2004, 30160, 50938, 1260, '1.7', 1, 1),
(43573, 2004, 30160, 50938, 1263, '2008-10-17', 1, 1),
(43576, 2004, 30160, 50939, 1594, 'Sunrise 1.8', 1, 1),
(43577, 2004, 30160, 50939, 1260, '1.8', 1, 1),
(43578, 2004, 30160, 50939, 1263, '2008-05-11', 1, 1),
(43581, 2004, 30160, 50940, 1594, 'Sunrise 2.2', 1, 1),
(43582, 2004, 30160, 50940, 1260, '2.2', 1, 1),
(43583, 2004, 30160, 50940, 1263, '2012-05-01', 1, 1),
(43584, 2004, 30160, 50940, 1593, '15003', 1, 1),
(43585, 2004, 30160, 50940, 1268, '', 1, 1),
(43586, 2004, 30161, 50941, 1594, 'Sundance 1.0', 1, 1),
(43587, 2004, 30161, 50941, 1260, '1.0', 1, 1),
(43588, 2004, 30161, 50941, 1263, '2011-12-01', 1, 1),
(43589, 2004, 30161, 50941, 1593, '15003', 1, 1),
(43590, 2004, 30161, 50941, 1268, 'first release, betas earlier that year', 1, 1),
(43591, 2004, 30161, 50942, 1594, 'Sundance 2.0', 1, 1),
(43592, 2004, 30161, 50942, 1260, '2.0', 1, 1),
(43593, 2004, 30161, 50942, 1263, '2012-06-01', 1, 1),
(43594, 2004, 30161, 50942, 1593, 'common', 1, 1),
(43596, 2004, 30161, 50943, 1594, 'Sundance 3.0', 1, 1),
(43597, 2004, 30161, 50943, 1260, '3.0', 1, 1),
(43598, 2004, 30161, 50943, 1263, '2013-02-01', 1, 1),
(43599, 2004, 30161, 50943, 1593, 'common', 1, 1),
(43600, 2004, 30161, 50943, 1268, 'estimate', 1, 1),
(43601, 2004, 30162, 50944, 1594, 'Skipstone 0.6', 1, 1),
(43602, 2004, 30162, 50944, 1260, '0.6', 1, 1),
(43603, 2004, 30162, 50944, 1263, '2000-10-10', 1, 1),
(43605, 2004, 30162, 50944, 1268, 'first noted release', 1, 1),
(43606, 2004, 30162, 50945, 1594, 'Skipstone 0.7', 1, 1),
(43607, 2004, 30162, 50945, 1260, '0.7', 1, 1),
(43608, 2004, 30162, 50945, 1263, '2001-04-13', 1, 1),
(43611, 2004, 30162, 50946, 1594, 'Skipstone 0.8', 1, 1),
(43612, 2004, 30162, 50946, 1260, '0.8', 1, 1),
(43613, 2004, 30162, 50946, 1263, '2002-03-08', 1, 1),
(43615, 2004, 30162, 50946, 1268, '', 1, 1),
(43616, 2004, 30162, 50947, 1594, 'Skipstone 0.9', 1, 1),
(43617, 2004, 30162, 50947, 1260, '0.9', 1, 1),
(43618, 2004, 30162, 50947, 1263, '2004-06-24', 1, 1),
(43620, 2004, 30162, 50947, 1268, 'GTK release', 1, 1),
(43621, 2004, 30162, 50948, 1594, 'Skipstone 1.0', 1, 1),
(43622, 2004, 30162, 50948, 1260, '1.0', 1, 1),
(43623, 2004, 30162, 50948, 1263, '2008-02-04', 1, 1),
(43624, 2004, 30162, 50948, 1593, '15004', 1, 1),
(43625, 2004, 30162, 50948, 1268, '', 1, 1),
(43626, 2004, 30163, 50949, 1594, 'Amaya 1.0', 1, 1),
(43627, 2004, 30163, 50949, 1260, '1.0', 1, 1),
(43628, 2004, 30163, 50949, 1263, '1997-04-07', 1, 1),
(43630, 2004, 30163, 50949, 1268, 'no javascript', 1, 1),
(43631, 2004, 30163, 50950, 1594, 'Amaya 2.0', 1, 1),
(43632, 2004, 30163, 50950, 1260, '2.0', 1, 1),
(43633, 2004, 30163, 50950, 1263, '1999-05-03', 1, 1),
(43636, 2004, 30163, 50951, 1594, 'Amaya 3.0', 1, 1),
(43637, 2004, 30163, 50951, 1260, '3.0', 1, 1),
(43638, 2004, 30163, 50951, 1263, '2000-03-31', 1, 1),
(43641, 2004, 30163, 50952, 1594, 'Amaya 4.0', 1, 1),
(43642, 2004, 30163, 50952, 1260, '4.0', 1, 1),
(43643, 2004, 30163, 50952, 1263, '2000-11-10', 1, 1),
(43646, 2004, 30163, 50953, 1594, 'Amaya 5.0', 1, 1),
(43647, 2004, 30163, 50953, 1260, '5.0', 1, 1),
(43648, 2004, 30163, 50953, 1263, '2001-07-04', 1, 1),
(43651, 2004, 30163, 50954, 1594, 'Amaya 6.0', 1, 1),
(43652, 2004, 30163, 50954, 1260, '6.0', 1, 1),
(43653, 2004, 30163, 50954, 1263, '2002-04-23', 1, 1),
(43656, 2004, 30163, 50955, 1594, 'Amaya 7.0', 1, 1),
(43657, 2004, 30163, 50955, 1260, '7.0', 1, 1),
(43658, 2004, 30163, 50955, 1263, '2002-12-03', 1, 1),
(43661, 2004, 30163, 50956, 1594, 'Amaya 8.0', 1, 1),
(43662, 2004, 30163, 50956, 1260, '8.0', 1, 1),
(43663, 2004, 30163, 50956, 1263, '2003-04-23', 1, 1),
(43666, 2004, 30163, 50957, 1594, 'Amaya 9.0', 1, 1),
(43667, 2004, 30163, 50957, 1260, '9.0', 1, 1),
(43668, 2004, 30163, 50957, 1263, '2005-01-06', 1, 1),
(43671, 2004, 30163, 50958, 1594, 'Amaya 10.0', 1, 1),
(43672, 2004, 30163, 50958, 1260, '10.0', 1, 1),
(43673, 2004, 30163, 50958, 1263, '2008-02-26', 1, 1),
(43674, 2004, 30163, 50958, 1593, '15003', 1, 1),
(43675, 2004, 30163, 50958, 1268, '', 1, 1),
(43676, 2004, 30163, 50959, 1594, 'Amaya 11.0', 1, 1),
(43677, 2004, 30163, 50959, 1260, '11.0', 1, 1),
(43678, 2004, 30163, 50959, 1263, '2008-12-16', 1, 1),
(43680, 2004, 30163, 50959, 1268, 'no javascript', 1, 1),
(43688, 2004, 30163, 50949, 1593, '15004', 1, 1),
(43689, 2004, 30163, 50957, 1593, '15003', 1, 1),
(43690, 2004, 30164, 50960, 1594, 'Kylo 1.0', 1, 1),
(43691, 2004, 30164, 50960, 1260, '1.0', 1, 1),
(43692, 2004, 30164, 50960, 1263, '2011-09-17', 1, 1),
(43693, 2004, 30164, 50960, 1593, '15003', 1, 1),
(43694, 2004, 30164, 50960, 1268, '', 1, 1),
(43695, 2004, 30165, 50961, 1594, 'Strata 4.0', 1, 1),
(43696, 2004, 30165, 50961, 1260, '4.0', 1, 1),
(43697, 2004, 30165, 50961, 1263, '2008-04-16', 1, 1),
(43699, 2004, 30165, 50961, 1268, '', 1, 1),
(43700, 2004, 30165, 50962, 1594, 'Strata 4.2', 1, 1),
(43701, 2004, 30165, 50962, 1260, '4.2', 1, 1),
(43702, 2004, 30165, 50962, 1263, '2008-11-04', 1, 1),
(43704, 2004, 30165, 50962, 1268, '', 1, 1),
(43705, 2004, 30165, 50963, 1594, 'Strata 4.3', 1, 1),
(43706, 2004, 30165, 50963, 1260, '4.3', 1, 1),
(43707, 2004, 30165, 50963, 1263, '2009-04-01', 1, 1),
(43709, 2004, 30165, 50963, 1268, '', 1, 1),
(43710, 2004, 30165, 50964, 1594, 'Strata 4.4', 1, 1),
(43711, 2004, 30165, 50964, 1260, '4.4', 1, 1),
(43712, 2004, 30165, 50964, 1263, '2010-02-13', 1, 1),
(43714, 2004, 30165, 50964, 1268, '', 1, 1),
(43715, 2004, 30165, 50965, 1594, 'Strata 4.5', 1, 1),
(43716, 2004, 30165, 50965, 1260, '4.5', 1, 1),
(43717, 2004, 30165, 50965, 1263, '2012-10-10', 1, 1),
(43718, 2004, 30165, 50965, 1593, '15003', 1, 1),
(43719, 2004, 30165, 50965, 1268, '', 1, 1),
(43720, 2004, 30166, 50966, 1594, 'Dillo 0.1', 1, 1),
(43721, 2004, 30166, 50966, 1260, '0.1', 1, 1),
(43722, 2004, 30166, 50966, 1263, '2000-03-30', 1, 1),
(43724, 2004, 30166, 50966, 1268, '', 1, 1),
(43725, 2004, 30166, 50967, 1594, 'Dillo 0.2', 1, 1),
(43726, 2004, 30166, 50967, 1260, '0.2', 1, 1),
(43727, 2004, 30166, 50967, 1263, '2000-06-07', 1, 1),
(43729, 2004, 30166, 50967, 1268, '', 1, 1),
(43730, 2004, 30166, 50968, 1594, 'Dillo 0.3', 1, 1),
(43731, 2004, 30166, 50968, 1260, '0.3', 1, 1),
(43732, 2004, 30166, 50968, 1263, '2000-11-13', 1, 1),
(43734, 2004, 30166, 50968, 1268, '', 1, 1),
(43735, 2004, 30166, 50969, 1594, 'Dillo 0.4', 1, 1),
(43736, 2004, 30166, 50969, 1260, '0.4', 1, 1),
(43737, 2004, 30166, 50969, 1263, '2001-03-03', 1, 1),
(43739, 2004, 30166, 50969, 1268, '', 1, 1),
(43740, 2004, 30166, 50970, 1594, 'Dillo 0.5', 1, 1),
(43741, 2004, 30166, 50970, 1260, '0.5', 1, 1),
(43742, 2004, 30166, 50970, 1263, '2001-05-10', 1, 1),
(43744, 2004, 30166, 50970, 1268, '', 1, 1),
(43745, 2004, 30166, 50971, 1594, 'Dillo 0.6', 1, 1),
(43746, 2004, 30166, 50971, 1260, '0.6', 1, 1),
(43747, 2004, 30166, 50971, 1263, '2001-07-31', 1, 1),
(43749, 2004, 30166, 50971, 1268, '', 1, 1),
(43750, 2004, 30166, 50972, 1594, 'Dillo 0.7', 1, 1),
(43751, 2004, 30166, 50972, 1260, '0.7', 1, 1),
(43752, 2004, 30166, 50972, 1263, '2003-02-17', 1, 1),
(43754, 2004, 30166, 50972, 1268, '', 1, 1),
(43755, 2004, 30166, 50973, 1594, 'Dillo 0.8', 1, 1),
(43756, 2004, 30166, 50973, 1260, '0.8', 1, 1),
(43757, 2004, 30166, 50973, 1263, '2004-02-08', 1, 1),
(43759, 2004, 30166, 50973, 1268, '', 1, 1),
(43760, 2004, 30166, 50974, 1594, 'Dillo 2.0', 1, 1),
(43761, 2004, 30166, 50974, 1260, '2.0', 1, 1),
(43762, 2004, 30166, 50974, 1263, '2008-10-04', 1, 1),
(43764, 2004, 30166, 50974, 1268, '', 1, 1),
(43765, 2004, 30166, 50975, 1594, 'Dillo 2.2', 1, 1),
(43766, 2004, 30166, 50975, 1260, '2.2', 1, 1),
(43767, 2004, 30166, 50975, 1263, '2010-02-11', 1, 1),
(43768, 2004, 30166, 50975, 1593, '15003', 1, 1),
(43769, 2004, 30166, 50975, 1268, '', 1, 1),
(43770, 2004, 30166, 50976, 1594, 'Dillo 3.0', 1, 1),
(43771, 2004, 30166, 50976, 1260, '3.0', 1, 1),
(43772, 2004, 30166, 50976, 1263, '2011-09-16', 1, 1),
(43774, 2004, 30166, 50976, 1268, '', 1, 1),
(43783, 2004, 30166, 50972, 1593, '15004', 1, 1),
(43784, 2004, 30166, 50974, 1593, '15003', 1, 1),
(43785, 2004, 30160, 50977, 1594, 'Sunrise 0.4', 1, 1),
(43786, 2004, 30160, 50977, 1260, '0.4', 1, 1),
(43787, 2004, 30160, 50977, 1263, '2007-01-01', 1, 1),
(43788, 2004, 30160, 50977, 1593, '15004', 1, 1),
(43789, 2004, 30160, 50977, 1268, 'beta, different UA, estimate', 1, 1),
(43790, 2004, 30167, 50978, 1594, 'DPlus 0.5', 1, 1),
(43791, 2004, 30167, 50978, 1260, '0.5', 1, 1),
(43792, 2004, 30167, 50978, 1263, '2013-10-13', 1, 1),
(43793, 2004, 30167, 50978, 1593, '15003', 1, 1),
(43794, 2004, 30167, 50978, 1268, '', 1, 1),
(43795, 2004, 30168, 50979, 1594, 'MiniBrowser 5.0', 1, 1),
(43796, 2004, 30168, 50979, 1260, '5.0', 1, 1),
(43797, 2004, 30168, 50979, 1263, '2011-01-01', 1, 1),
(43800, 2004, 30168, 50980, 1594, 'MiniBrowser 6.0', 1, 1),
(43801, 2004, 30168, 50980, 1260, '6.0', 1, 1),
(43802, 2004, 30168, 50980, 1263, '2012-01-01', 1, 1),
(43805, 2004, 30169, 50981, 1594, 'MiniBrowser Mobile 1.0', 1, 1),
(43806, 2004, 30169, 50981, 1260, '1.0', 1, 1),
(43807, 2004, 30169, 50981, 1263, '2012-01-01', 1, 1),
(43809, 2004, 30169, 50981, 1268, 'estimate', 1, 1),
(43810, 2004, 30169, 50982, 1594, 'MiniBrowser Mobile 2.0', 1, 1),
(43811, 2004, 30169, 50982, 1260, '2.0', 1, 1),
(43812, 2004, 30169, 50982, 1263, '2013-01-01', 1, 1),
(43813, 2004, 30169, 50982, 1593, '15001', 1, 1),
(43814, 2004, 30169, 50982, 1268, '', 1, 1),
(43815, 2004, 30168, 50983, 1594, 'MiniBrowser 3.0', 1, 1),
(43816, 2004, 30168, 50983, 1260, '3.0', 1, 1),
(43817, 2004, 30168, 50983, 1263, '2010-01-01', 1, 1),
(43818, 2004, 30168, 50983, 1593, '15003', 1, 1),
(43819, 2004, 30168, 50983, 1268, 'estimate', 1, 1),
(43820, 2004, 30170, 50984, 1594, 'UseJump 0.1', 1, 1),
(43821, 2004, 30170, 50984, 1260, '0.1', 1, 1),
(43822, 2004, 30170, 50984, 1263, '2010-04-03', 1, 1),
(43823, 2004, 30170, 50984, 1593, '15003', 1, 1),
(43824, 2004, 30170, 50984, 1268, '', 1, 1),
(43825, 2004, 30171, 50985, 1594, 'Webian Shell 0.1', 1, 1),
(43826, 2004, 30171, 50985, 1260, '0.1', 1, 1),
(43827, 2004, 30171, 50985, 1263, '2011-01-01', 1, 1),
(43828, 2004, 30171, 50985, 1593, '15003', 1, 1),
(43829, 2004, 30171, 50985, 1268, 'estimate', 1, 1),
(43830, 2004, 30172, 50986, 1594, 'Surf 0.6', 1, 1),
(43831, 2004, 30172, 50986, 1260, '0.6', 1, 1),
(43832, 2004, 30172, 50986, 1263, '2013-02-10', 1, 1),
(43834, 2004, 30172, 50986, 1268, '', 1, 1),
(43835, 2004, 30172, 50987, 1594, 'Surf 0.5', 1, 1),
(43836, 2004, 30172, 50987, 1260, '0.5', 1, 1),
(43837, 2004, 30172, 50987, 1263, '2012-01-01', 1, 1),
(43840, 2004, 30172, 50988, 1594, 'Surf 0.4', 1, 1),
(43841, 2004, 30172, 50988, 1260, '0.4', 1, 1),
(43842, 2004, 30172, 50988, 1263, '2011-01-01', 1, 1),
(43843, 2004, 30172, 50988, 1593, '15003', 1, 1),
(43844, 2004, 30172, 50988, 1268, 'estimate', 1, 1),
(43845, 2004, 30173, 50989, 1594, 'InternetSurfboard 1.0', 1, 1),
(43846, 2004, 30173, 50989, 1260, '1.0', 1, 1),
(43847, 2004, 30173, 50989, 1263, '2010-12-22', 1, 1),
(43848, 2004, 30173, 50989, 1593, '15003', 1, 1),
(43849, 2004, 30173, 50989, 1268, 'includes betas', 1, 1),
(43850, 2004, 30174, 50990, 1594, 'Google Earth 5', 1, 1),
(43851, 2004, 30174, 50990, 1260, '5.0', 1, 1),
(43852, 2004, 30174, 50990, 1263, '2009-11-09', 1, 1),
(43854, 2004, 30174, 50990, 1268, '', 1, 1),
(43855, 2004, 30174, 50991, 1594, 'Google Earth 6', 1, 1),
(43856, 2004, 30174, 50991, 1260, '6.0', 1, 1),
(43857, 2004, 30174, 50991, 1263, '2010-11-29', 1, 1),
(43859, 2004, 30174, 50991, 1268, '', 1, 1),
(43860, 2004, 30174, 50992, 1594, 'Google Earth 7', 1, 1),
(43861, 2004, 30174, 50992, 1260, '7.0', 1, 1),
(43862, 2004, 30174, 50992, 1263, '2013-03-22', 1, 1),
(43863, 2004, 30174, 50992, 1593, '15003', 1, 1),
(43864, 2004, 30174, 50992, 1268, '', 1, 1),
(43865, 2004, 30174, 50993, 1594, 'Google Earth 3', 1, 1),
(43866, 2004, 30174, 50993, 1260, '3.0', 1, 1),
(43867, 2004, 30174, 50993, 1263, '2006-06-13', 1, 1),
(43868, 2004, 30174, 50993, 1593, '15004', 1, 1),
(43869, 2004, 30174, 50993, 1268, '', 1, 1),
(43870, 2004, 30174, 50994, 1594, 'Google Earth 4', 1, 1),
(43871, 2004, 30174, 50994, 1260, '4.0', 1, 1),
(43872, 2004, 30174, 50994, 1263, '2007-01-07', 1, 1),
(43873, 2004, 30174, 50994, 1593, 'common', 1, 1),
(43874, 2004, 30174, 50994, 1268, '', 1, 1),
(43875, 2004, 30175, 50995, 1594, 'w3m 0.1', 1, 1),
(43876, 2004, 30175, 50995, 1260, '0.1', 1, 1),
(43877, 2004, 30175, 50995, 1263, '2001-04-01', 1, 1),
(43880, 2004, 30175, 50996, 1594, 'w3m 0.2', 1, 1),
(43881, 2004, 30175, 50996, 1260, '0.2', 1, 1),
(43882, 2004, 30175, 50996, 1263, '2002-01-01', 1, 1),
(43884, 2004, 30175, 50996, 1268, 'estimate', 1, 1),
(43885, 2004, 30175, 50997, 1594, 'w3m 0.3', 1, 1),
(43886, 2004, 30175, 50997, 1260, '0.3', 1, 1),
(43887, 2004, 30175, 50997, 1263, '2002-03-15', 1, 1),
(43889, 2004, 30175, 50997, 1268, '', 1, 1),
(43890, 2004, 30175, 50998, 1594, 'w3m 0.4', 1, 1),
(43891, 2004, 30175, 50998, 1260, '0.4', 1, 1),
(43892, 2004, 30175, 50998, 1263, '2003-02-24', 1, 1),
(43893, 2004, 30175, 50998, 1593, '15003', 1, 1),
(43894, 2004, 30175, 50998, 1268, '', 1, 1),
(43895, 2004, 30175, 50999, 1594, 'w3m 0.5', 1, 1),
(43896, 2004, 30175, 50999, 1260, '0.5', 1, 1),
(43897, 2004, 30175, 50999, 1263, '2011-01-15', 1, 1),
(43899, 2004, 30175, 50999, 1268, '', 1, 1),
(43902, 2004, 30175, 50995, 1593, '15004', 1, 1),
(43903, 2004, 30176, 51000, 1594, 'Links 1.0', 1, 1),
(43904, 2004, 30176, 51000, 1260, '1.0', 1, 1),
(43905, 2004, 30176, 51000, 1263, '2002-02-02', 1, 1),
(43907, 2004, 30176, 51000, 1268, 'estimate', 1, 1),
(43908, 2004, 30176, 51001, 1594, 'Links 2.0', 1, 1),
(43909, 2004, 30176, 51001, 1260, '2.0', 1, 1),
(43910, 2004, 30176, 51001, 1263, '2005-03-04', 1, 1),
(43912, 2004, 30176, 51001, 1268, '', 1, 1),
(43913, 2004, 30176, 51002, 1594, 'Links 2.1', 1, 1),
(43914, 2004, 30176, 51002, 1260, '2.1', 1, 1),
(43915, 2004, 30176, 51002, 1263, '2005-07-06', 1, 1),
(43917, 2004, 30176, 51002, 1268, '', 1, 1),
(43918, 2004, 30176, 51003, 1594, 'Links 2.2', 1, 1),
(43919, 2004, 30176, 51003, 1260, '2.2', 1, 1),
(43920, 2004, 30176, 51003, 1263, '2008-08-01', 1, 1),
(43922, 2004, 30176, 51003, 1268, '', 1, 1),
(43923, 2004, 30176, 51004, 1594, 'Links 2.3', 1, 1),
(43924, 2004, 30176, 51004, 1260, '2.3', 1, 1),
(43925, 2004, 30176, 51004, 1263, '2011-08-14', 1, 1),
(43927, 2004, 30176, 51004, 1268, '', 1, 1),
(43928, 2004, 30176, 51005, 1594, 'Links 2.4', 1, 1),
(43929, 2004, 30176, 51005, 1260, '2.4', 1, 1),
(43930, 2004, 30176, 51005, 1263, '2011-11-24', 1, 1),
(43932, 2004, 30176, 51005, 1268, '', 1, 1),
(43933, 2004, 30176, 51006, 1594, 'Links 2.5', 1, 1),
(43934, 2004, 30176, 51006, 1260, '2.5', 1, 1),
(43935, 2004, 30176, 51006, 1263, '2011-12-24', 1, 1),
(43937, 2004, 30176, 51006, 1268, '', 1, 1),
(43938, 2004, 30176, 51007, 1594, 'Links 2.6', 1, 1),
(43939, 2004, 30176, 51007, 1260, '2.6', 1, 1),
(43940, 2004, 30176, 51007, 1263, '2012-04-09', 1, 1),
(43942, 2004, 30176, 51007, 1268, '', 1, 1),
(43943, 2004, 30176, 51008, 1594, 'Links 2.7', 1, 1),
(43944, 2004, 30176, 51008, 1260, '2.7', 1, 1),
(43945, 2004, 30176, 51008, 1263, '2012-06-26', 1, 1),
(43947, 2004, 30176, 51008, 1268, '', 1, 1),
(43948, 2004, 30176, 51009, 1594, 'Links 2.8', 1, 1),
(43949, 2004, 30176, 51009, 1260, '2.8', 1, 1),
(43950, 2004, 30176, 51009, 1263, '2013-09-13', 1, 1),
(43952, 2004, 30176, 51009, 1268, '', 1, 1),
(43953, 2004, 30176, 51007, 1593, '15003', 1, 1),
(43959, 2004, 30176, 51001, 1593, '15004', 1, 1),
(43960, 2004, 30177, 51010, 1594, 'Amiga Voyager 3', 1, 1),
(43961, 2004, 30177, 51010, 1260, '3.0', 1, 1),
(43962, 2004, 30177, 51010, 1263, '1999-05-01', 1, 1),
(43964, 2004, 30177, 51010, 1268, '', 1, 1),
(43965, 2004, 30177, 51011, 1594, 'Amiga Voyager 2', 1, 1),
(43966, 2004, 30177, 51011, 1260, '2.0', 1, 1),
(43967, 2004, 30177, 51011, 1263, '1998-01-01', 1, 1),
(43968, 2004, 30177, 51011, 1593, '15004', 1, 1),
(43969, 2004, 30177, 51011, 1268, 'estimate', 1, 1),
(43970, 2004, 30178, 51012, 1594, 'iCab Mobile 1.0', 1, 1),
(43971, 2004, 30178, 51012, 1260, '1.0', 1, 1),
(43972, 2004, 30178, 51012, 1263, '2009-04-21', 1, 1),
(43974, 2004, 30178, 51012, 1268, '', 1, 1),
(43975, 2004, 30178, 51013, 1594, 'iCab Mobile 2.0', 1, 1),
(43976, 2004, 30178, 51013, 1260, '2.0', 1, 1),
(43977, 2004, 30178, 51013, 1263, '2009-11-05', 1, 1),
(43979, 2004, 30178, 51013, 1268, '', 1, 1),
(43980, 2004, 30178, 51014, 1594, 'iCab Mobile 3.0', 1, 1),
(43981, 2004, 30178, 51014, 1260, '3.0', 1, 1),
(43982, 2004, 30178, 51014, 1263, '2010-04-01', 1, 1),
(43984, 2004, 30178, 51014, 1268, '', 1, 1),
(43985, 2004, 30178, 51015, 1594, 'iCab Mobile 4.0', 1, 1),
(43986, 2004, 30178, 51015, 1260, '4.0', 1, 1),
(43987, 2004, 30178, 51015, 1263, '2010-10-08', 1, 1),
(43989, 2004, 30178, 51015, 1268, '', 1, 1),
(43990, 2004, 30178, 51016, 1594, 'iCab Mobile 5.0', 1, 1),
(43991, 2004, 30178, 51016, 1260, '5.0', 1, 1),
(43992, 2004, 30178, 51016, 1263, '2011-08-29', 1, 1),
(43994, 2004, 30178, 51016, 1268, '', 1, 1),
(43995, 2004, 30178, 51017, 1594, 'iCab Mobile 6.0', 1, 1),
(43996, 2004, 30178, 51017, 1260, '6.0', 1, 1),
(43997, 2004, 30178, 51017, 1263, '2012-07-21', 1, 1),
(43999, 2004, 30178, 51017, 1268, '', 1, 1),
(44000, 2004, 30178, 51018, 1594, 'iCab Mobile 7.0', 1, 1),
(44001, 2004, 30178, 51018, 1260, '7.0', 1, 1),
(44002, 2004, 30178, 51018, 1263, '2013-05-10', 1, 1),
(44004, 2004, 30178, 51018, 1268, '', 1, 1),
(44008, 2004, 30178, 51013, 1593, '15001', 1, 1),
(44009, 2004, 30179, 51019, 1594, 'Atomic Browser 2', 1, 1),
(44010, 2004, 30179, 51019, 1260, '2.0', 1, 1),
(44011, 2004, 30179, 51019, 1263, '2010-03-30', 1, 1),
(44013, 2004, 30179, 51019, 1268, '', 1, 1),
(44014, 2004, 30179, 51020, 1594, 'Atomic Browser 3', 1, 1),
(44015, 2004, 30179, 51020, 1260, '3.0', 1, 1),
(44016, 2004, 30179, 51020, 1263, '2010-06-13', 1, 1),
(44018, 2004, 30179, 51020, 1268, '', 1, 1),
(44019, 2004, 30179, 51021, 1594, 'Atomic Browser 4', 1, 1),
(44020, 2004, 30179, 51021, 1260, '4.0', 1, 1),
(44021, 2004, 30179, 51021, 1263, '2011-12-12', 1, 1),
(44023, 2004, 30179, 51021, 1268, '', 1, 1),
(44024, 2004, 30179, 51022, 1594, 'Atomic Browser 5', 1, 1),
(44025, 2004, 30179, 51022, 1260, '5.0', 1, 1),
(44026, 2004, 30179, 51022, 1263, '2011-01-13', 1, 1),
(44028, 2004, 30179, 51022, 1268, '', 1, 1),
(44029, 2004, 30179, 51023, 1594, 'Atomic Browser 6', 1, 1),
(44030, 2004, 30179, 51023, 1260, '6.0', 1, 1),
(44031, 2004, 30179, 51023, 1263, '2011-12-13', 1, 1),
(44033, 2004, 30179, 51023, 1268, '', 1, 1),
(44034, 2004, 30179, 51024, 1594, 'Atomic Browser 7', 1, 1),
(44035, 2004, 30179, 51024, 1260, '7.0', 1, 1),
(44036, 2004, 30179, 51024, 1263, '2014-01-01', 1, 1),
(44037, 2004, 30179, 51024, 1593, '15001', 1, 1),
(44038, 2004, 30179, 51024, 1268, '', 1, 1),
(44039, 2004, 30180, 51025, 1594, 'Mobicip 1.0', 1, 1),
(44040, 2004, 30180, 51025, 1260, '1.0', 1, 1),
(44041, 2004, 30180, 51025, 1263, '2009-02-05', 1, 1),
(44043, 2004, 30180, 51025, 1268, '', 1, 1),
(44044, 2004, 30180, 51026, 1594, 'Mobicip 2.0', 1, 1),
(44045, 2004, 30180, 51026, 1260, '2.0', 1, 1),
(44046, 2004, 30180, 51026, 1263, '2009-07-30', 1, 1),
(44048, 2004, 30180, 51026, 1268, '', 1, 1),
(44049, 2004, 30180, 51027, 1594, 'Mobicip 3.0', 1, 1),
(44050, 2004, 30180, 51027, 1260, '3.0', 1, 1),
(44051, 2004, 30180, 51027, 1263, '2012-06-29', 1, 1),
(44052, 2004, 30180, 51027, 1593, '15001', 1, 1),
(44053, 2004, 30180, 51027, 1268, '', 1, 1),
(44054, 2004, 30181, 51028, 1594, 'Mercury Browser 8.0', 1, 1),
(44055, 2004, 30181, 51028, 1260, '8.0', 1, 1),
(44056, 2004, 30181, 51028, 1263, '2014-01-01', 1, 1),
(44057, 2004, 30181, 51028, 1593, '15001', 1, 1),
(44058, 2004, 30181, 51028, 1268, '', 1, 1),
(44059, 2004, 30182, 51029, 1594, 'Camino 0.7', 1, 1),
(44060, 2004, 30182, 51029, 1260, '0.7', 1, 1),
(44061, 2004, 30182, 51029, 1263, '2003-03-06', 1, 1),
(44064, 2004, 30182, 51030, 1594, 'Camino 0.8', 1, 1),
(44065, 2004, 30182, 51030, 1260, '0.8', 1, 1),
(44066, 2004, 30182, 51030, 1263, '2004-06-23', 1, 1),
(44069, 2004, 30182, 51031, 1594, 'Camino 1.0', 1, 1),
(44070, 2004, 30182, 51031, 1260, '1.0', 1, 1),
(44071, 2004, 30182, 51031, 1263, '2006-02-14', 1, 1),
(44074, 2004, 30182, 51032, 1594, 'Camino 1.5', 1, 1),
(44075, 2004, 30182, 51032, 1260, '1.5', 1, 1),
(44076, 2004, 30182, 51032, 1263, '2007-06-15', 1, 1),
(44079, 2004, 30182, 51033, 1594, 'Camino 1.6', 1, 1),
(44080, 2004, 30182, 51033, 1260, '1.6', 1, 1),
(44081, 2004, 30182, 51033, 1263, '2008-04-17', 1, 1),
(44084, 2004, 30182, 51034, 1594, 'Camino 2.0', 1, 1),
(44085, 2004, 30182, 51034, 1260, '2.0', 1, 1),
(44086, 2004, 30182, 51034, 1263, '2009-11-18', 1, 1),
(44089, 2004, 30182, 51035, 1594, 'Camino 2.1', 1, 1),
(44090, 2004, 30182, 51035, 1260, '2.1', 1, 1),
(44091, 2004, 30182, 51035, 1263, '2011-11-09', 1, 1),
(44093, 2004, 30182, 51035, 1268, '', 1, 1),
(44094, 2004, 30183, 51036, 1594, 'SeaMonkey 1.0', 1, 1),
(44095, 2004, 30183, 51036, 1260, '1.0', 1, 1),
(44096, 2004, 30183, 51036, 1263, '2006-01-10', 1, 1),
(44098, 2004, 30183, 51036, 1268, 'FF 1.5', 1, 1),
(44099, 2004, 30183, 51037, 1594, 'SeaMonkey 1.1', 1, 1),
(44100, 2004, 30183, 51037, 1260, '1.1', 1, 1),
(44101, 2004, 30183, 51037, 1263, '2007-01-18', 1, 1),
(44103, 2004, 30183, 51037, 1268, 'FF 2.0', 1, 1),
(44104, 2004, 30183, 51038, 1594, 'SeaMonkey 2.0', 1, 1),
(44105, 2004, 30183, 51038, 1260, '2.0', 1, 1),
(44106, 2004, 30183, 51038, 1263, '2009-10-27', 1, 1),
(44107, 2004, 30183, 51038, 1593, '15004', 1, 1),
(44109, 2004, 30183, 51039, 1594, 'SeaMonkey 2.1', 1, 1),
(44110, 2004, 30183, 51039, 1260, '2.1', 1, 1),
(44111, 2004, 30183, 51039, 1263, '2011-06-10', 1, 1),
(44114, 2004, 30183, 51040, 1594, 'SeaMonkey 2.2', 1, 1),
(44115, 2004, 30183, 51040, 1260, '2.2', 1, 1),
(44116, 2004, 30183, 51040, 1263, '2011-07-07', 1, 1),
(44119, 2004, 30183, 51041, 1594, 'SeaMonkey 2.3', 1, 1),
(44120, 2004, 30183, 51041, 1260, '2.3', 1, 1),
(44121, 2004, 30183, 51041, 1263, '2011-08-16', 1, 1),
(44124, 2004, 30183, 51042, 1594, 'SeaMonkey 2.4', 1, 1),
(44125, 2004, 30183, 51042, 1260, '2.4', 1, 1),
(44126, 2004, 30183, 51042, 1263, '2011-09-27', 1, 1),
(44129, 2004, 30183, 51043, 1594, 'SeaMonkey 2.5', 1, 1),
(44130, 2004, 30183, 51043, 1260, '2.5', 1, 1),
(44131, 2004, 30183, 51043, 1263, '2011-11-22', 1, 1),
(44134, 2004, 30183, 51044, 1594, 'SeaMonkey 2.6', 1, 1),
(44135, 2004, 30183, 51044, 1260, '2.6', 1, 1),
(44136, 2004, 30183, 51044, 1263, '2011-12-20', 1, 1),
(44139, 2004, 30183, 51045, 1594, 'SeaMonkey 2.7', 1, 1),
(44140, 2004, 30183, 51045, 1260, '2.7', 1, 1),
(44141, 2004, 30183, 51045, 1263, '2012-01-31', 1, 1),
(44144, 2004, 30183, 51046, 1594, 'SeaMonkey 2.8', 1, 1),
(44145, 2004, 30183, 51046, 1260, '2.8', 1, 1),
(44146, 2004, 30183, 51046, 1263, '2012-03-13', 1, 1),
(44149, 2004, 30183, 51047, 1594, 'SeaMonkey 2.9', 1, 1),
(44150, 2004, 30183, 51047, 1260, '2.9', 1, 1),
(44151, 2004, 30183, 51047, 1263, '2012-04-24', 1, 1),
(44153, 2004, 30183, 51047, 1268, 'FF 12.0', 1, 1),
(44154, 2004, 30183, 51038, 1268, 'FF 3.5', 1, 1),
(44155, 2004, 30183, 51039, 1268, 'FF 4.0', 1, 1),
(44158, 2004, 30183, 51040, 1268, 'FF 5.0', 1, 1),
(44159, 2004, 30183, 51042, 1268, 'FF 6.0', 1, 1),
(44160, 2004, 30183, 51043, 1268, 'FF 7.0', 1, 1),
(44161, 2004, 30183, 51044, 1268, 'FF 9.0', 1, 1),
(44162, 2004, 30183, 51045, 1268, 'FF 10.0', 1, 1),
(44163, 2004, 30183, 51046, 1268, 'FF 11.0', 1, 1),
(44164, 2004, 30183, 51048, 1594, 'SeaMonkey 2.10', 1, 1),
(44165, 2004, 30183, 51048, 1260, '2.10', 1, 1),
(44166, 2004, 30183, 51048, 1263, '2012-06-06', 1, 1),
(44168, 2004, 30183, 51048, 1268, 'FF 13.0', 1, 1),
(44169, 2004, 30183, 51049, 1594, 'SeaMonkey 2.11', 1, 1),
(44170, 2004, 30183, 51049, 1260, '2.11', 1, 1),
(44171, 2004, 30183, 51049, 1263, '2012-06-14', 1, 1),
(44173, 2004, 30183, 51049, 1268, 'FF 14.0', 1, 1),
(44174, 2004, 30183, 51050, 1594, 'SeaMonkey 2.12', 1, 1),
(44175, 2004, 30183, 51050, 1260, '2.12', 1, 1),
(44176, 2004, 30183, 51050, 1263, '2012-08-28', 1, 1),
(44178, 2004, 30183, 51050, 1268, 'FF 15.0', 1, 1),
(44179, 2004, 30183, 51051, 1594, 'SeaMonkey 2.13', 1, 1),
(44180, 2004, 30183, 51051, 1260, '2.13', 1, 1),
(44181, 2004, 30183, 51051, 1263, '2012-10-09', 1, 1),
(44183, 2004, 30183, 51051, 1268, 'FF 16.0', 1, 1),
(44184, 2004, 30183, 51052, 1594, 'SeaMonkey 2.14', 1, 1),
(44185, 2004, 30183, 51052, 1260, '2.14', 1, 1),
(44186, 2004, 30183, 51052, 1263, '2012-11-20', 1, 1),
(44188, 2004, 30183, 51052, 1268, '', 1, 1),
(44189, 2004, 30183, 51053, 1594, 'SeaMonkey 2.15', 1, 1),
(44190, 2004, 30183, 51053, 1260, '2.15', 1, 1),
(44191, 2004, 30183, 51053, 1263, '2013-01-28', 1, 1),
(44193, 2004, 30183, 51053, 1268, '', 1, 1),
(44194, 2004, 30183, 51054, 1594, 'SeaMonkey 2.16', 1, 1),
(44195, 2004, 30183, 51054, 1260, '2.16', 1, 1),
(44196, 2004, 30183, 51054, 1263, '2013-02-21', 1, 1),
(44198, 2004, 30183, 51054, 1268, '', 1, 1),
(44199, 2004, 30183, 51055, 1594, 'SeaMonkey 2.17', 1, 1),
(44200, 2004, 30183, 51055, 1260, '2.17', 1, 1),
(44201, 2004, 30183, 51055, 1263, '2013-04-02', 1, 1),
(44203, 2004, 30183, 51055, 1268, '', 1, 1),
(44204, 2004, 30183, 51056, 1594, 'SeaMonkey 2.18', 1, 1),
(44205, 2004, 30183, 51056, 1260, '2.18', 1, 1),
(44206, 2004, 30183, 51056, 1263, '2013-05-03', 1, 1),
(44208, 2004, 30183, 51056, 1268, '', 1, 1),
(44209, 2004, 30183, 51057, 1594, 'SeaMonkey 2.19', 1, 1),
(44210, 2004, 30183, 51057, 1260, '2.19', 1, 1),
(44211, 2004, 30183, 51057, 1263, '2013-07-02', 1, 1),
(44213, 2004, 30183, 51057, 1268, '', 1, 1),
(44214, 2004, 30183, 51058, 1594, 'SeaMonkey 2.20', 1, 1),
(44215, 2004, 30183, 51058, 1260, '2.20', 1, 1),
(44216, 2004, 30183, 51058, 1263, '2013-08-06', 1, 1),
(44218, 2004, 30183, 51058, 1268, '', 1, 1),
(44219, 2004, 30183, 51059, 1594, 'SeaMonkey 2.21', 1, 1),
(44220, 2004, 30183, 51059, 1260, '2.21', 1, 1),
(44221, 2004, 30183, 51059, 1263, '2013-09-17', 1, 1),
(44223, 2004, 30183, 51059, 1268, '', 1, 1),
(44224, 2004, 30183, 51060, 1594, 'SeaMonkey 2.22', 1, 1),
(44225, 2004, 30183, 51060, 1260, '2.22', 1, 1),
(44226, 2004, 30183, 51060, 1263, '2013-10-30', 1, 1),
(44228, 2004, 30183, 51060, 1268, '', 1, 1),
(44229, 2004, 30183, 51061, 1594, 'SeaMonkey 2.23', 1, 1),
(44230, 2004, 30183, 51061, 1260, '2.23', 1, 1),
(44231, 2004, 30183, 51061, 1263, '2013-12-12', 1, 1),
(44233, 2004, 30183, 51061, 1268, '', 1, 1),
(44234, 2004, 30183, 51062, 1594, 'SeaMonkey 2.24', 1, 1),
(44235, 2004, 30183, 51062, 1260, '2.24', 1, 1),
(44236, 2004, 30183, 51062, 1263, '2014-02-06', 1, 1),
(44238, 2004, 30183, 51062, 1268, '', 1, 1),
(44246, 2004, 30183, 51053, 1593, '15003', 1, 1),
(44247, 2004, 30184, 51063, 1594, 'Galeon 1.0', 1, 1),
(44248, 2004, 30184, 51063, 1260, '1.0', 1, 1),
(44249, 2004, 30184, 51063, 1263, '2001-11-01', 1, 1),
(44251, 2004, 30184, 51063, 1268, 'betas from June 2000', 1, 1),
(44252, 2004, 30184, 51064, 1594, 'Galeon 1.2', 1, 1),
(44253, 2004, 30184, 51064, 1260, '1.2', 1, 1),
(44254, 2004, 30184, 51064, 1263, '2002-03-12', 1, 1),
(44256, 2004, 30184, 51064, 1268, 'team split november 2002', 1, 1),
(44257, 2004, 30184, 51065, 1594, 'Galeon 1.3', 1, 1),
(44258, 2004, 30184, 51065, 1260, '1.3', 1, 1),
(44259, 2004, 30184, 51065, 1263, '2005-03-12', 1, 1),
(44262, 2004, 30184, 51066, 1594, 'Galeon 2.0', 1, 1),
(44263, 2004, 30184, 51066, 1260, '2.0', 1, 1),
(44264, 2004, 30184, 51066, 1263, '2004-07-06', 1, 1),
(44265, 2004, 30184, 51066, 1593, '15004', 1, 1),
(44266, 2004, 30184, 51066, 1268, '', 1, 1),
(44267, 2004, 30185, 51067, 1594, 'Epiphany 1.0', 1, 1),
(44268, 2004, 30185, 51067, 1260, '1.0', 1, 1),
(44269, 2004, 30185, 51067, 1263, '2003-09-08', 1, 1),
(44272, 2004, 30185, 51068, 1594, 'Epiphany 1.4', 1, 1),
(44273, 2004, 30185, 51068, 1260, '1.4', 1, 1),
(44274, 2004, 30185, 51068, 1263, '2004-09-13', 1, 1),
(44276, 2004, 30185, 51068, 1268, '', 1, 1),
(44277, 2004, 30185, 51069, 1594, 'Epiphany 2.1', 1, 1),
(44278, 2004, 30185, 51069, 1260, '2.1', 1, 1),
(44279, 2004, 30185, 51069, 1263, '2006-03-12', 1, 1),
(44281, 2004, 30185, 51069, 1268, 'switch from Gecko to WebKit/GTK', 1, 1),
(44282, 2004, 30185, 51070, 1594, 'Epiphany 2.2', 1, 1),
(44283, 2004, 30185, 51070, 1260, '2.2', 1, 1),
(44284, 2004, 30185, 51070, 1263, '2007-09-19', 1, 1),
(44285, 2004, 30185, 51070, 1593, '15004', 1, 1),
(44286, 2004, 30185, 51070, 1268, '', 1, 1),
(44287, 2004, 30185, 51071, 1594, 'Epiphany 2.3', 1, 1),
(44288, 2004, 30185, 51071, 1260, '2.3', 1, 1),
(44289, 2004, 30185, 51071, 1263, '2010-03-31', 1, 1),
(44291, 2004, 30185, 51071, 1268, '', 1, 1),
(44292, 2004, 30185, 51072, 1594, 'Epiphany 3.0', 1, 1),
(44293, 2004, 30185, 51072, 1260, '3.0', 1, 1),
(44294, 2004, 30185, 51072, 1263, '2011-04-16', 1, 1),
(44296, 2004, 30185, 51072, 1268, '', 1, 1),
(44297, 2004, 30185, 51073, 1594, 'Epiphany 3.2', 1, 1),
(44298, 2004, 30185, 51073, 1260, '3.2', 1, 1),
(44299, 2004, 30185, 51073, 1263, '2011-09-18', 1, 1),
(44301, 2004, 30185, 51073, 1268, '', 1, 1),
(44302, 2004, 30185, 51074, 1594, 'Epiphany 3.4', 1, 1),
(44303, 2004, 30185, 51074, 1260, '3.4', 1, 1),
(44304, 2004, 30185, 51074, 1263, '2012-03-18', 1, 1),
(44306, 2004, 30185, 51074, 1268, '', 1, 1),
(44307, 2004, 30185, 51075, 1594, 'Epiphany 3.6', 1, 1),
(44308, 2004, 30185, 51075, 1260, '3.6', 1, 1),
(44309, 2004, 30185, 51075, 1263, '2012-09-26', 1, 1),
(44311, 2004, 30185, 51075, 1268, '', 1, 1),
(44312, 2004, 30185, 51076, 1594, 'Epiphany 3.8', 1, 1),
(44313, 2004, 30185, 51076, 1260, '3.8', 1, 1),
(44314, 2004, 30185, 51076, 1263, '2013-03-27', 1, 1),
(44316, 2004, 30185, 51076, 1268, '', 1, 1),
(44317, 2004, 30185, 51077, 1594, 'Epiphany 3.10', 1, 1),
(44318, 2004, 30185, 51077, 1260, '3.10', 1, 1),
(44319, 2004, 30185, 51077, 1263, '2013-09-26', 1, 1),
(44320, 2004, 30185, 51077, 1593, '15003', 1, 1),
(44321, 2004, 30185, 51077, 1268, '', 1, 1),
(44324, 2004, 30185, 51067, 1593, '15004', 1, 1),
(44329, 2004, 30185, 51072, 1593, '15003', 1, 1),
(44330, 2004, 30186, 51078, 1594, 'Arora 0.2', 1, 1),
(44331, 2004, 30186, 51078, 1260, '0.2', 1, 1),
(44332, 2004, 30186, 51078, 1263, '2008-06-14', 1, 1),
(44334, 2004, 30186, 51078, 1268, '', 1, 1),
(44335, 2004, 30186, 51079, 1594, 'Arora 0.3', 1, 1),
(44336, 2004, 30186, 51079, 1260, '0.3', 1, 1),
(44337, 2004, 30186, 51079, 1263, '2008-08-04', 1, 1),
(44339, 2004, 30186, 51079, 1268, '', 1, 1),
(44340, 2004, 30186, 51080, 1594, 'Arora 0.4', 1, 1),
(44341, 2004, 30186, 51080, 1260, '0.4', 1, 1),
(44342, 2004, 30186, 51080, 1263, '2008-10-01', 1, 1),
(44344, 2004, 30186, 51080, 1268, '', 1, 1),
(44345, 2004, 30186, 51081, 1594, 'Arora 0.5', 1, 1),
(44346, 2004, 30186, 51081, 1260, '0.5', 1, 1),
(44347, 2004, 30186, 51081, 1263, '2009-02-20', 1, 1),
(44349, 2004, 30186, 51081, 1268, '', 1, 1),
(44350, 2004, 30186, 51082, 1594, 'Arora 0.6', 1, 1),
(44351, 2004, 30186, 51082, 1260, '0.6', 1, 1),
(44352, 2004, 30186, 51082, 1263, '2009-03-30', 1, 1),
(44354, 2004, 30186, 51082, 1268, '', 1, 1),
(44355, 2004, 30186, 51083, 1594, 'Arora 0.8', 1, 1),
(44356, 2004, 30186, 51083, 1260, '0.8', 1, 1),
(44357, 2004, 30186, 51083, 1263, '2009-05-24', 1, 1),
(44359, 2004, 30186, 51083, 1268, '', 1, 1),
(44360, 2004, 30186, 51084, 1594, 'Arora 0.9', 1, 1),
(44361, 2004, 30186, 51084, 1260, '0.9', 1, 1),
(44362, 2004, 30186, 51084, 1263, '2009-07-20', 1, 1),
(44364, 2004, 30186, 51084, 1268, '', 1, 1),
(44365, 2004, 30186, 51085, 1594, 'Arora 0.11 (1.1)', 1, 1),
(44367, 2004, 30186, 51085, 1263, '2010-09-27', 1, 1),
(44369, 2004, 30186, 51085, 1268, '', 1, 1),
(44370, 2004, 30186, 51086, 1594, 'Arora 0.10 (1.0)', 1, 1),
(44371, 2004, 30186, 51086, 1260, '1.0', 1, 1),
(44372, 2004, 30186, 51086, 1263, '2009-10-05', 1, 1),
(44374, 2004, 30186, 51086, 1268, '', 1, 1),
(44381, 2004, 30186, 51078, 1593, '15004', 1, 1),
(44382, 2004, 30186, 51085, 1260, '1.1', 1, 1),
(44383, 2004, 30187, 51087, 1594, 'Omniweb 4.0', 1, 1),
(44384, 2004, 30187, 51087, 1260, '4.0', 1, 1),
(44385, 2004, 30187, 51087, 1263, '2001-03-01', 1, 1),
(44386, 2004, 30187, 51087, 1593, 'common', 1, 1),
(44388, 2004, 30187, 51088, 1594, 'Omniweb 5.0', 1, 1),
(44389, 2004, 30187, 51088, 1260, '5.0', 1, 1),
(44390, 2004, 30187, 51088, 1263, '2004-07-01', 1, 1),
(44391, 2004, 30187, 51088, 1593, 'common', 1, 1),
(44392, 2004, 30187, 51088, 1268, 'estimate', 1, 1),
(44393, 2004, 30187, 51089, 1594, 'Omniweb 6.0', 1, 1),
(44394, 2004, 30187, 51089, 1260, '6.0', 1, 1),
(44395, 2004, 30187, 51089, 1263, '2013-08-08', 1, 1),
(44396, 2004, 30187, 51089, 1593, 'common', 1, 1),
(44397, 2004, 30187, 51089, 1268, 'experimental new release', 1, 1),
(44398, 2004, 30182, 51090, 1594, 'Camino 0.6', 1, 1),
(44399, 2004, 30182, 51090, 1260, '0.6', 1, 1),
(44400, 2004, 30182, 51090, 1263, '2002-11-01', 1, 1),
(44402, 2004, 30182, 51090, 1268, 'called chimera at this time', 1, 1),
(44403, 2004, 30188, 51091, 1594, 'Element Browser 5.0', 1, 1),
(44404, 2004, 30188, 51091, 1260, '5.0', 1, 1),
(44405, 2004, 30188, 51091, 1263, '2009-04-01', 1, 1),
(44407, 2004, 30188, 51091, 1268, '', 1, 1),
(44408, 2004, 30188, 51092, 1594, 'Element Browser 6.0', 1, 1),
(44409, 2004, 30188, 51092, 1260, '6.0', 1, 1),
(44410, 2004, 30188, 51092, 1263, '2010-07-01', 1, 1),
(44411, 2004, 30188, 51092, 1593, '15004', 1, 1),
(44412, 2004, 30188, 51092, 1268, '', 1, 1),
(44413, 2004, 30189, 51093, 1594, 'YRCWebLink 1.0', 1, 1),
(44414, 2004, 30189, 51093, 1260, '1.0', 1, 1),
(44415, 2004, 30189, 51093, 1263, '2012-12-18', 1, 1),
(44417, 2004, 30189, 51093, 1268, '', 1, 1),
(44418, 2004, 30189, 51094, 1594, 'YRCWebLink 1.1', 1, 1),
(44419, 2004, 30189, 51094, 1260, '1.1', 1, 1),
(44420, 2004, 30189, 51094, 1263, '2013-06-25', 1, 1),
(44422, 2004, 30189, 51094, 1268, '', 1, 1),
(44423, 2004, 30189, 51095, 1594, 'YRCWebLink 1.2', 1, 1),
(44424, 2004, 30189, 51095, 1260, '1.2', 1, 1),
(44425, 2004, 30189, 51095, 1263, '2013-07-21', 1, 1),
(44427, 2004, 30189, 51095, 1268, '', 1, 1),
(44428, 2004, 30189, 51096, 1594, 'YRCWebLink 1.3', 1, 1),
(44429, 2004, 30189, 51096, 1260, '1.3', 1, 1),
(44430, 2004, 30189, 51096, 1263, '2013-08-20', 1, 1),
(44432, 2004, 30189, 51096, 1268, '', 1, 1),
(44433, 2004, 30189, 51097, 1594, 'YRCWebLink 1.4', 1, 1),
(44434, 2004, 30189, 51097, 1260, '1.4', 1, 1),
(44435, 2004, 30189, 51097, 1263, '2013-12-12', 1, 1),
(44436, 2004, 30189, 51097, 1593, '15003', 1, 1),
(44437, 2004, 30189, 51097, 1268, '', 1, 1),
(44438, 2004, 30190, 51098, 1594, 'X-Smiles 1.0', 1, 1),
(44439, 2004, 30190, 51098, 1260, '1.0', 1, 1),
(44440, 2004, 30190, 51098, 1263, '2001-09-01', 1, 1),
(44442, 2004, 30190, 51098, 1268, '', 1, 1),
(44443, 2004, 30190, 51099, 1594, 'X-Smiles 1.2', 1, 1),
(44444, 2004, 30190, 51099, 1260, '1.2', 1, 1),
(44445, 2004, 30190, 51099, 1263, '2008-04-04', 1, 1),
(44446, 2004, 30190, 51099, 1593, '15004', 1, 1),
(44447, 2004, 30190, 51099, 1268, 'last update', 1, 1),
(44448, 2004, 30191, 51100, 1594, 'My Internet Browser 2.0', 1, 1),
(44449, 2004, 30191, 51100, 1260, '2.0', 1, 1),
(44450, 2004, 30191, 51100, 1263, '2009-03-01', 1, 1),
(44452, 2004, 30191, 51100, 1268, 'estimate', 1, 1),
(44453, 2004, 30191, 51101, 1594, 'My Internet Browser 3.0', 1, 1),
(44454, 2004, 30191, 51101, 1260, '3.0', 1, 1),
(44455, 2004, 30191, 51101, 1263, '2009-10-01', 1, 1),
(44458, 2004, 30191, 51102, 1594, 'My Internet Browser 4.0', 1, 1),
(44459, 2004, 30191, 51102, 1260, '4.0', 1, 1),
(44460, 2004, 30191, 51102, 1263, '2010-10-20', 1, 1),
(44463, 2004, 30191, 51103, 1594, 'My Internet Browser 5.0', 1, 1),
(44464, 2004, 30191, 51103, 1260, '5.0', 1, 1),
(44465, 2004, 30191, 51103, 1263, '2011-08-15', 1, 1),
(44467, 2004, 30191, 51103, 1268, '', 1, 1),
(44468, 2004, 30191, 51104, 1594, 'My Internet Browser 6.0', 1, 1),
(44469, 2004, 30191, 51104, 1260, '6.0', 1, 1),
(44470, 2004, 30191, 51104, 1263, '2012-01-04', 1, 1),
(44471, 2004, 30191, 51104, 1593, '15004', 1, 1),
(44472, 2004, 30191, 51104, 1268, 'last release', 1, 1),
(44473, 2004, 30192, 51105, 1594, 'WinWap 1.0', 1, 1),
(44474, 2004, 30192, 51105, 1260, '1.0', 1, 1),
(44475, 2004, 30192, 51105, 1263, '2005-03-03', 1, 1),
(44477, 2004, 30192, 51105, 1268, '', 1, 1),
(44478, 2004, 30192, 51106, 1594, 'WinWap 2.0', 1, 1),
(44479, 2004, 30192, 51106, 1260, '2.0', 1, 1),
(44480, 2004, 30192, 51106, 1263, '2006-01-01', 1, 1),
(44482, 2004, 30192, 51106, 1268, 'estimate', 1, 1),
(44483, 2004, 30192, 51107, 1594, 'WinWap 3.0', 1, 1),
(44484, 2004, 30192, 51107, 1260, '3.0', 1, 1),
(44485, 2004, 30192, 51107, 1263, '2007-04-01', 1, 1),
(44487, 2004, 30192, 51107, 1268, '', 1, 1),
(44488, 2004, 30192, 51108, 1594, 'WinWap 4.0', 1, 1),
(44489, 2004, 30192, 51108, 1260, '4.0', 1, 1),
(44490, 2004, 30192, 51108, 1263, '2008-06-10', 1, 1),
(44491, 2004, 30192, 51108, 1593, '15004', 1, 1),
(44492, 2004, 30192, 51108, 1268, '', 1, 1),
(44494, 2004, 30193, 51109, 1594, 'Doris 1.0', 1, 1),
(44495, 2004, 30193, 51109, 1260, '1.0', 1, 1),
(44496, 2004, 30193, 51109, 1263, '2003-01-01', 1, 1),
(44497, 2004, 30193, 51109, 1593, '15004', 1, 1),
(44498, 2004, 30193, 51109, 1268, '', 1, 1),
(44499, 2004, 30194, 51110, 1594, 'Blackbird 1.0', 1, 1),
(44500, 2004, 30194, 51110, 1260, '1.0', 1, 1),
(44501, 2004, 30194, 51110, 1263, '2008-12-01', 1, 1),
(44502, 2004, 30194, 51110, 1593, '15004', 1, 1),
(44503, 2004, 30194, 51110, 1268, '', 1, 1),
(44504, 2004, 30195, 51111, 1594, 'Beonex 0.8', 1, 1),
(44505, 2004, 30195, 51111, 1260, '0.8', 1, 1),
(44506, 2004, 30195, 51111, 1263, '2002-09-19', 1, 1),
(44507, 2004, 30195, 51111, 1593, '15004', 1, 1),
(44508, 2004, 30195, 51111, 1268, '', 1, 1),
(44509, 2004, 30196, 51112, 1594, 'K-Ninja 2.0', 1, 1),
(44510, 2004, 30196, 51112, 1260, '2.0', 1, 1),
(44511, 2004, 30196, 51112, 1263, '2006-06-03', 1, 1),
(44512, 2004, 30196, 51112, 1593, '15004', 1, 1),
(44513, 2004, 30196, 51112, 1268, '', 1, 1),
(44514, 2004, 30198, 51113, 1594, 'Kazehakase 0.1', 1, 1),
(44515, 2004, 30198, 51113, 1260, '0.1', 1, 1),
(44516, 2004, 30198, 51113, 1263, '2004-01-03', 1, 1),
(44518, 2004, 30198, 51113, 1268, '', 1, 1),
(44519, 2004, 30198, 51114, 1594, 'Kazehakase 0.2', 1, 1),
(44520, 2004, 30198, 51114, 1260, '0.2', 1, 1),
(44521, 2004, 30198, 51114, 1263, '2004-09-28', 1, 1),
(44523, 2004, 30198, 51114, 1268, '', 1, 1),
(44524, 2004, 30198, 51115, 1594, 'Kazehakase 0.3', 1, 1),
(44525, 2004, 30198, 51115, 1260, '0.3', 1, 1),
(44526, 2004, 30198, 51115, 1263, '2005-09-29', 1, 1),
(44528, 2004, 30198, 51115, 1268, '', 1, 1),
(44529, 2004, 30198, 51116, 1594, 'Kazehakase 0.4', 1, 1),
(44530, 2004, 30198, 51116, 1260, '0.4', 1, 1),
(44531, 2004, 30198, 51116, 1263, '2006-09-29', 1, 1),
(44533, 2004, 30198, 51116, 1268, '', 1, 1),
(44534, 2004, 30198, 51117, 1594, 'Kazehakase 0.5', 1, 1),
(44535, 2004, 30198, 51117, 1260, '0.5', 1, 1),
(44536, 2004, 30198, 51117, 1263, '2007-10-29', 1, 1),
(44537, 2004, 30198, 51117, 1593, '15004', 1, 1),
(44538, 2004, 30198, 51117, 1268, '', 1, 1),
(44539, 2004, 30199, 51118, 1594, 'Oregano', 1, 1),
(44540, 2004, 30199, 51118, 1260, '1.0', 1, 1),
(44541, 2004, 30199, 51118, 1263, '2003-06-06', 1, 1),
(44542, 2004, 30199, 51118, 1593, '15004', 1, 1),
(44543, 2004, 30199, 51118, 1268, '', 1, 1),
(44544, 2004, 30200, 51119, 1594, 'AvantGo 3.0', 1, 1),
(44545, 2004, 30200, 51119, 1260, '3.0', 1, 1),
(44546, 2004, 30200, 51119, 1263, '2001-01-01', 1, 1),
(44548, 2004, 30200, 51119, 1268, 'estimate', 1, 1),
(44549, 2004, 30200, 51120, 1594, 'AvantGo 4.0', 1, 1),
(44550, 2004, 30200, 51120, 1260, '4.0', 1, 1),
(44551, 2004, 30200, 51120, 1263, '2002-01-01', 1, 1);
INSERT INTO `clients_properties` (`id`, `components_id`, `clients_id`, `clients_versions_id`, `properties_id`, `property_value`, `num_tests`, `confidence`) VALUES
(44553, 2004, 30200, 51120, 1268, '', 1, 1),
(44554, 2004, 30200, 51121, 1594, 'AvantGo 5.0', 1, 1),
(44555, 2004, 30200, 51121, 1260, '5.0', 1, 1),
(44556, 2004, 30200, 51121, 1263, '2003-07-07', 1, 1),
(44557, 2004, 30200, 51121, 1593, '15004', 1, 1),
(44558, 2004, 30200, 51121, 1268, '', 1, 1),
(44559, 2004, 30201, 51122, 1594, 'WebTV 1.0', 1, 1),
(44560, 2004, 30201, 51122, 1260, '1.0', 1, 1),
(44561, 2004, 30201, 51122, 1263, '1998-01-01', 1, 1),
(44563, 2004, 30201, 51122, 1268, 'estimate', 1, 1),
(44564, 2004, 30201, 51123, 1594, 'WebTV 2.0', 1, 1),
(44565, 2004, 30201, 51123, 1260, '2.0', 1, 1),
(44566, 2004, 30201, 51123, 1263, '2000-01-01', 1, 1),
(44567, 2004, 30201, 51123, 1593, '15004', 1, 1),
(44568, 2004, 30201, 51123, 1268, 'minimal javascript', 1, 1),
(44569, 2004, 30202, 51124, 1594, 'Classilla 9.0', 1, 1),
(44570, 2004, 30202, 51124, 1260, '9.0', 1, 1),
(44571, 2004, 30202, 51124, 1263, '2009-06-01', 1, 1),
(44572, 2004, 30202, 51124, 1593, '15004', 1, 1),
(44573, 2004, 30202, 51124, 1268, 'version must be added', 1, 1),
(44574, 2004, 30203, 51125, 1594, 'Shiira 1.0', 1, 1),
(44575, 2004, 30203, 51125, 1260, '1.0', 1, 1),
(44576, 2004, 30203, 51125, 1263, '2004-04-11', 1, 1),
(44577, 2004, 30203, 51125, 1593, '15004', 1, 1),
(44578, 2004, 30203, 51125, 1268, '', 1, 1),
(44579, 2004, 30204, 51126, 1594, 'Ryouko 1.0', 1, 1),
(44580, 2004, 30204, 51126, 1260, '1.0', 1, 1),
(44581, 2004, 30204, 51126, 1263, '2012-08-06', 1, 1),
(44582, 2004, 30204, 51126, 1593, '15004', 1, 1),
(44583, 2004, 30204, 51126, 1268, '', 1, 1),
(44584, 2004, 30205, 51127, 1594, 'DeskBrowse 1.0', 1, 1),
(44585, 2004, 30205, 51127, 1260, '1.0', 1, 1),
(44586, 2004, 30205, 51127, 1263, '2008-11-05', 1, 1),
(44587, 2004, 30205, 51127, 1593, '15004', 1, 1),
(44588, 2004, 30205, 51127, 1268, '', 1, 1),
(44589, 2004, 30206, 51128, 1594, 'EdBrowse 1.0', 1, 1),
(44590, 2004, 30206, 51128, 1260, '1.0', 1, 1),
(44591, 2004, 30206, 51128, 1263, '2005-06-01', 1, 1),
(44592, 2004, 30206, 51128, 1593, '15004', 1, 1),
(44593, 2004, 30206, 51128, 1268, 'Perl version, not supported', 1, 1),
(44594, 2004, 30206, 51129, 1594, 'EdBrowse 2.0', 1, 1),
(44595, 2004, 30206, 51129, 1260, '2.0', 1, 1),
(44596, 2004, 30206, 51129, 1263, '2009-07-01', 1, 1),
(44598, 2004, 30206, 51129, 1268, 'javascript', 1, 1),
(44599, 2004, 30206, 51130, 1594, 'EdBrowse 3.0', 1, 1),
(44600, 2004, 30206, 51130, 1260, '3.0', 1, 1),
(44601, 2004, 30206, 51130, 1263, '2010-03-01', 1, 1),
(44602, 2004, 30206, 51130, 1593, '15003', 1, 1),
(44603, 2004, 30206, 51130, 1268, '', 1, 1),
(44604, 2004, 30207, 51131, 1594, 'hv3 1.0', 1, 1),
(44605, 2004, 30207, 51131, 1260, '1.0', 1, 1),
(44606, 2004, 30207, 51131, 1263, '2008-02-03', 1, 1),
(44607, 2004, 30207, 51131, 1593, '15004', 1, 1),
(44608, 2004, 30207, 51131, 1268, '', 1, 1),
(44609, 2004, 30209, 51132, 1594, 'Nagara Browser 1.0', 1, 1),
(44610, 2004, 30209, 51132, 1260, '1.0', 1, 1),
(44611, 2004, 30209, 51132, 1263, '2003-07-31', 1, 1),
(44612, 2004, 30209, 51132, 1593, '15004', 1, 1),
(44613, 2004, 30209, 51132, 1268, '', 1, 1),
(44614, 2004, 30210, 51133, 1594, 'Hana 1.0', 1, 1),
(44615, 2004, 30210, 51133, 1260, '1.0', 1, 1),
(44616, 2004, 30210, 51133, 1263, '2007-12-01', 1, 1),
(44617, 2004, 30210, 51133, 1593, '15004', 1, 1),
(44618, 2004, 30210, 51133, 1268, 'estimate', 1, 1),
(44619, 2004, 30211, 51134, 1594, 'CyberDragon 1.5', 1, 1),
(44620, 2004, 30211, 51134, 1260, '1.5', 1, 1),
(44621, 2004, 30211, 51134, 1263, '2013-11-30', 1, 1),
(44623, 2004, 30211, 51134, 1268, '', 1, 1),
(44624, 2004, 30211, 51135, 1594, 'CyberDragon 1.6', 1, 1),
(44625, 2004, 30211, 51135, 1260, '1.6', 1, 1),
(44626, 2004, 30211, 51135, 1263, '2014-02-19', 1, 1),
(44627, 2004, 30211, 51135, 1593, '15003', 1, 1),
(44628, 2004, 30211, 51135, 1268, '', 1, 1),
(44629, 2004, 30212, 51136, 1594, 'ICE Browser 5', 1, 1),
(44630, 2004, 30212, 51136, 1260, '5.0', 1, 1),
(44631, 2004, 30212, 51136, 1263, '2002-01-29', 1, 1),
(44633, 2004, 30212, 51136, 1268, '', 1, 1),
(44634, 2004, 30212, 51137, 1594, 'ICE Browser 6', 1, 1),
(44635, 2004, 30212, 51137, 1260, '6.0', 1, 1),
(44636, 2004, 30212, 51137, 1263, '2004-05-01', 1, 1),
(44637, 2004, 30212, 51137, 1593, '15004', 1, 1),
(44639, 2004, 30213, 51138, 1594, 'retawq 0.2', 1, 1),
(44640, 2004, 30213, 51138, 1260, '0.2', 1, 1),
(44641, 2004, 30213, 51138, 1263, '2006-03-19', 1, 1),
(44642, 2004, 30213, 51138, 1593, 'common', 1, 1),
(44643, 2004, 30213, 51138, 1268, '', 1, 1),
(44644, 2004, 30214, 51139, 1594, 'DocZilla 1.0', 1, 1),
(44645, 2004, 30214, 51139, 1260, '1.0', 1, 1),
(44646, 2004, 30214, 51139, 1263, '2002-08-04', 1, 1),
(44647, 2004, 30214, 51139, 1593, 'common', 1, 1),
(44648, 2004, 30214, 51139, 1268, '', 1, 1),
(44649, 2004, 30214, 51140, 1594, 'DocZilla 2.0', 1, 1),
(44650, 2004, 30214, 51140, 1260, '2.0', 1, 1),
(44651, 2004, 30214, 51140, 1263, '2005-07-07', 1, 1),
(44652, 2004, 30214, 51140, 1593, 'common', 1, 1),
(44653, 2004, 30214, 51140, 1268, '', 1, 1),
(44654, 2004, 30215, 51141, 1594, 'MultiZilla 1.0', 1, 1),
(44655, 2004, 30215, 51141, 1260, '1.0', 1, 1),
(44656, 2004, 30215, 51141, 1263, '2001-04-01', 1, 1),
(44657, 2004, 30215, 51141, 1593, '15004', 1, 1),
(44658, 2004, 30215, 51141, 1268, 'estimage', 1, 1),
(44659, 2004, 30216, 51142, 1594, 'Prism 1.0', 1, 1),
(44660, 2004, 30216, 51142, 1260, '1.0', 1, 1),
(44661, 2004, 30216, 51142, 1263, '2007-10-01', 1, 1),
(44662, 2004, 30216, 51142, 1593, '15004', 1, 1),
(44663, 2004, 30216, 51142, 1268, '', 1, 1),
(44664, 2004, 30217, 51143, 1594, 'BrowseX 2.0', 1, 1),
(44665, 2004, 30217, 51143, 1260, '2.0', 1, 1),
(44666, 2004, 30217, 51143, 1263, '2003-01-30', 1, 1),
(44667, 2004, 30217, 51143, 1593, '15004', 1, 1),
(44668, 2004, 30217, 51143, 1268, '', 1, 1),
(44669, 2004, 30218, 51144, 1594, 'Vonkeror 1.0', 1, 1),
(44670, 2004, 30218, 51144, 1260, '1.0', 1, 1),
(44671, 2004, 30218, 51144, 1263, '2008-11-02', 1, 1),
(44672, 2004, 30218, 51144, 1593, '15004', 1, 1),
(44673, 2004, 30218, 51144, 1268, 'only version ever present', 1, 1),
(44674, 2004, 30182, 51145, 1594, 'Camino 2.2', 1, 1),
(44675, 2004, 30182, 51145, 1260, '2.2', 1, 1),
(44676, 2004, 30182, 51145, 1263, '2012-03-14', 1, 1),
(44677, 2004, 30182, 51145, 1593, '15004', 1, 1),
(44678, 2004, 30182, 51145, 1268, 'last version, discontinued', 1, 1),
(44679, 2004, 30220, 51146, 1594, 'xStand (wKiosk) 6.0', 1, 1),
(44680, 2004, 30220, 51146, 1260, '6.0', 1, 1),
(44681, 2004, 30220, 51146, 1263, '2010-05-12', 1, 1),
(44683, 2004, 30220, 51146, 1268, '', 1, 1),
(44684, 2004, 30220, 51147, 1594, 'wKiosk 5.0', 1, 1),
(44685, 2004, 30220, 51147, 1260, '5.0', 1, 1),
(44686, 2004, 30220, 51147, 1263, '2007-05-02', 1, 1),
(44688, 2004, 30220, 51147, 1268, '', 1, 1),
(44689, 2004, 30220, 51148, 1594, 'wKiosk 4.0', 1, 1),
(44690, 2004, 30220, 51148, 1260, '4.0', 1, 1),
(44691, 2004, 30220, 51148, 1263, '2005-06-17', 1, 1),
(44693, 2004, 30220, 51148, 1268, '', 1, 1),
(44694, 2004, 30220, 51149, 1594, 'wKiosk 3.0', 1, 1),
(44695, 2004, 30220, 51149, 1260, '3.0', 1, 1),
(44696, 2004, 30220, 51149, 1263, '2003-12-01', 1, 1),
(44698, 2004, 30220, 51149, 1268, '', 1, 1),
(44699, 2004, 30220, 51147, 1593, '15004', 1, 1),
(44700, 2004, 30220, 51146, 1593, '15003', 1, 1),
(44701, 2004, 30221, 51150, 1594, 'Flock 1.0', 1, 1),
(44702, 2004, 30221, 51150, 1260, '1.0', 1, 1),
(44703, 2004, 30221, 51150, 1263, '2005-04-11', 1, 1),
(44706, 2004, 30221, 51151, 1594, 'Flock 1.1', 1, 1),
(44707, 2004, 30221, 51151, 1260, '1.1', 1, 1),
(44708, 2004, 30221, 51151, 1263, '2008-03-16', 1, 1),
(44711, 2004, 30221, 51152, 1594, 'Flock 1.2', 1, 1),
(44712, 2004, 30221, 51152, 1260, '1.2', 1, 1),
(44713, 2004, 30221, 51152, 1263, '2008-05-30', 1, 1),
(44716, 2004, 30221, 51153, 1594, 'Flock 2.0', 1, 1),
(44717, 2004, 30221, 51153, 1260, '2.0', 1, 1),
(44718, 2004, 30221, 51153, 1263, '2008-10-15', 1, 1),
(44721, 2004, 30221, 51154, 1594, 'Flock 2.5', 1, 1),
(44722, 2004, 30221, 51154, 1260, '2.5', 1, 1),
(44723, 2004, 30221, 51154, 1263, '2009-05-19', 1, 1),
(44725, 2004, 30221, 51154, 1268, '', 1, 1),
(44726, 2004, 30221, 51155, 1594, 'Flock 2.6', 1, 1),
(44727, 2004, 30221, 51155, 1260, '2.6', 1, 1),
(44728, 2004, 30221, 51155, 1263, '2010-06-16', 1, 1),
(44730, 2004, 30221, 51155, 1268, 'Last version based on FF', 1, 1),
(44731, 2004, 30221, 51156, 1594, 'Flock 3.0', 1, 1),
(44732, 2004, 30221, 51156, 1260, '3.0', 1, 1),
(44733, 2004, 30221, 51156, 1263, '2010-06-17', 1, 1),
(44735, 2004, 30221, 51156, 1268, 'chromium version', 1, 1),
(44736, 2004, 30221, 51157, 1594, 'Flock 3.5', 1, 1),
(44737, 2004, 30221, 51157, 1260, '3.5', 1, 1),
(44738, 2004, 30221, 51157, 1263, '2010-11-30', 1, 1),
(44740, 2004, 30221, 51157, 1268, 'final release', 1, 1),
(44745, 2004, 30221, 51151, 1593, '15004', 1, 1),
(44746, 2004, 30222, 51158, 1594, 'RockMelt 0.1', 1, 1),
(44747, 2004, 30222, 51158, 1260, '0.1', 1, 1),
(44748, 2004, 30222, 51158, 1263, '2010-11-01', 1, 1),
(44750, 2004, 30222, 51158, 1268, '', 1, 1),
(44751, 2004, 30223, 51159, 1594, 'RockMelt 1.0', 1, 1),
(44752, 2004, 30223, 51159, 1260, '1.0', 1, 1),
(44753, 2004, 30223, 51159, 1263, '2010-03-11', 1, 1),
(44754, 2004, 30223, 51159, 1593, '15001', 1, 1),
(44755, 2004, 30223, 51159, 1268, 'contains all beta versions', 1, 1),
(44756, 2004, 30224, 51160, 1594, 'Arachne 1.0', 1, 1),
(44757, 2004, 30224, 51160, 1260, '1.0', 1, 1),
(44758, 2004, 30224, 51160, 1263, '1997-04-30', 1, 1),
(44760, 2004, 30224, 51160, 1268, '', 1, 1),
(44761, 2004, 30224, 51161, 1594, 'Arachne 1.4', 1, 1),
(44762, 2004, 30224, 51161, 1260, '1.4', 1, 1),
(44763, 2004, 30224, 51161, 1263, '1998-10-24', 1, 1),
(44765, 2004, 30224, 51161, 1268, '', 1, 1),
(44766, 2004, 30224, 51162, 1594, 'Arachne 1.5', 1, 1),
(44767, 2004, 30224, 51162, 1260, '1.5', 1, 1),
(44768, 2004, 30224, 51162, 1263, '1999-06-20', 1, 1),
(44770, 2004, 30224, 51162, 1268, '', 1, 1),
(44771, 2004, 30224, 51163, 1594, 'Arachne 1.6', 1, 1),
(44772, 2004, 30224, 51163, 1260, '1.6', 1, 1),
(44773, 2004, 30224, 51163, 1263, '2000-03-17', 1, 1),
(44775, 2004, 30224, 51163, 1268, '', 1, 1),
(44776, 2004, 30224, 51164, 1594, 'Arachne 1.7', 1, 1),
(44777, 2004, 30224, 51164, 1260, '1.7', 1, 1),
(44778, 2004, 30224, 51164, 1263, '2001-01-22', 1, 1),
(44780, 2004, 30224, 51164, 1268, '', 1, 1),
(44781, 2004, 30224, 51165, 1594, 'Arachne 1.8', 1, 1),
(44782, 2004, 30224, 51165, 1260, '1.8', 1, 1),
(44783, 2004, 30224, 51165, 1263, '2005-02-16', 1, 1),
(44784, 2004, 30224, 51165, 1593, '15004', 1, 1),
(44785, 2004, 30224, 51165, 1268, '', 1, 1),
(44786, 2004, 30224, 51166, 1594, 'Arachne 1.9', 1, 1),
(44787, 2004, 30224, 51166, 1260, '1.9', 1, 1),
(44788, 2004, 30224, 51166, 1263, '2013-03-24', 1, 1),
(44789, 2004, 30224, 51166, 1593, '15003', 1, 1),
(44790, 2004, 30224, 51166, 1268, '', 1, 1),
(44792, 2004, 30224, 51163, 1593, '15004', 1, 1),
(44793, 2004, 30225, 51167, 1594, 'osb-browser 0.5', 1, 1),
(44794, 2004, 30225, 51167, 1260, '0.5', 1, 1),
(44795, 2004, 30225, 51167, 1263, '2004-10-24', 1, 1),
(44796, 2004, 30225, 51167, 1593, '15004', 1, 1),
(44797, 2004, 30225, 51167, 1268, '', 1, 1),
(44798, 2012, 30224, 51160, 1595, 'false', 1, 1),
(44799, 2021, 30224, 51161, 1829, 'true', 1, 1),
(44800, 2021, 30224, 51161, 1329, 'true', 1, 1),
(44801, 2021, 30224, 51161, 1328, 'true', 1, 1),
(44802, 2021, 30224, 51161, 1331, 'true', 1, 1),
(44803, 2004, 30226, 51168, 1594, 'Cyberdog 1.0', 1, 1),
(44804, 2004, 30226, 51168, 1260, '1.0', 1, 1),
(44805, 2004, 30226, 51168, 1263, '1996-12-04', 1, 1),
(44807, 2004, 30226, 51168, 1268, '', 1, 1),
(44808, 2004, 30226, 51169, 1594, 'Cyberdog 2.0', 1, 1),
(44809, 2004, 30226, 51169, 1260, '2.0', 1, 1),
(44810, 2004, 30226, 51169, 1263, '1997-04-28', 1, 1),
(44811, 2004, 30226, 51169, 1593, '15004', 1, 1),
(44812, 2004, 30226, 51169, 1268, '', 1, 1),
(44813, 2004, 30227, 51170, 1594, 'HotJava 1.0', 1, 1),
(44814, 2004, 30227, 51170, 1260, '1.0', 1, 1),
(44815, 2004, 30227, 51170, 1263, '1997-03-04', 1, 1),
(44817, 2004, 30227, 51170, 1268, '', 1, 1),
(44818, 2004, 30227, 51171, 1594, 'HotJava 2.0', 1, 1),
(44819, 2004, 30227, 51171, 1260, '2.0', 1, 1),
(44820, 2004, 30227, 51171, 1263, '1998-04-04', 1, 1),
(44822, 2004, 30227, 51171, 1268, 'estimate', 1, 1),
(44823, 2004, 30227, 51172, 1594, 'HotJava 3.0', 1, 1),
(44824, 2004, 30227, 51172, 1260, '3.0', 1, 1),
(44825, 2004, 30227, 51172, 1263, '1999-05-03', 1, 1),
(44826, 2004, 30227, 51172, 1593, '15004', 1, 1),
(44827, 2004, 30227, 51172, 1268, '', 1, 1),
(44828, 2004, 30006, 51173, 1594, 'Netscape 4.7', 1, 1),
(44829, 2004, 30006, 51173, 1260, '4.7', 1, 1),
(44830, 2004, 30006, 51173, 1263, '1999-09-30', 1, 1),
(44832, 2004, 30006, 51173, 1268, '', 1, 1),
(44833, 2004, 30006, 51174, 1594, 'Netscape 4.6', 1, 1),
(44834, 2004, 30006, 51174, 1260, '4.6', 1, 1),
(44835, 2004, 30006, 51174, 1263, '1999-05-18', 1, 1),
(44836, 2004, 30006, 51174, 1593, '15004', 1, 1),
(44838, 2004, 30228, 51175, 1594, 'Bolt 1.0', 1, 1),
(44839, 2004, 30228, 51175, 1260, '1.0', 1, 1),
(44840, 2004, 30228, 51175, 1263, '2009-10-07', 1, 1),
(44843, 2004, 30228, 51176, 1594, 'Bolt 1.6', 1, 1),
(44844, 2004, 30228, 51176, 1260, '1.6', 1, 1),
(44845, 2004, 30228, 51176, 1263, '2009-12-07', 1, 1),
(44848, 2004, 30228, 51175, 1268, '', 1, 1),
(44849, 2004, 30228, 51176, 1268, '100 percent acid3 test', 1, 1),
(44850, 2004, 30228, 51177, 1594, 'Bolt 1.7', 1, 1),
(44851, 2004, 30228, 51177, 1260, '1.7', 1, 1),
(44852, 2004, 30228, 51177, 1263, '2010-02-15', 1, 1),
(44854, 2004, 30228, 51177, 1268, '', 1, 1),
(44855, 2004, 30228, 51178, 1594, 'Bolt 2.0', 1, 1),
(44856, 2004, 30228, 51178, 1260, '2.0', 1, 1),
(44857, 2004, 30228, 51178, 1263, '2010-10-16', 1, 1),
(44858, 2004, 30228, 51178, 1593, '15004', 1, 1),
(44859, 2004, 30228, 51178, 1268, 'webkkit upgrade, final version', 1, 1),
(44860, 2004, 30229, 51179, 1594, 'Klondike 1.1', 1, 1),
(44861, 2004, 30229, 51179, 1260, '1.1', 1, 1),
(44862, 2004, 30229, 51179, 1263, '2000-08-01', 1, 1),
(44865, 2004, 30229, 51180, 1594, 'Klondike 1.5', 1, 1),
(44866, 2004, 30229, 51180, 1260, '1.5', 1, 1),
(44867, 2004, 30229, 51180, 1263, '2001-05-01', 1, 1),
(44870, 2004, 30229, 51181, 1594, 'Klondike 1.7', 1, 1),
(44871, 2004, 30229, 51181, 1260, '1.7', 1, 1),
(44872, 2004, 30229, 51181, 1263, '2002-07-01', 1, 1),
(44875, 2004, 30229, 51181, 1593, '15004', 1, 1),
(44876, 2004, 30229, 51181, 1268, 'estimate', 1, 1),
(44877, 2004, 30230, 51182, 1594, 'Ubuntu Touch 537', 1, 1),
(44878, 2004, 30230, 51182, 1260, '537', 1, 1),
(44879, 2004, 30230, 51182, 1263, '2013-06-14', 1, 1),
(44880, 2004, 30230, 51182, 1593, '15001', 1, 1),
(44881, 2004, 30230, 51182, 1268, 'development release', 1, 1),
(44882, 2004, 30232, 51183, 1594, 'Roccat Mobile 1.0', 1, 1),
(44883, 2004, 30232, 51183, 1260, '1.0', 1, 1),
(44884, 2004, 30232, 51183, 1263, '2012-07-30', 1, 1),
(44886, 2004, 30232, 51183, 1268, '', 1, 1),
(44887, 2004, 30232, 51184, 1594, 'Roccat Connect 1.5', 1, 1),
(44888, 2004, 30232, 51184, 1260, '1.5', 1, 1),
(44889, 2004, 30232, 51184, 1263, '2012-11-30', 1, 1),
(44891, 2004, 30232, 51184, 1268, 'ui update', 1, 1),
(44892, 2004, 30232, 51185, 1594, 'Roccat Connect 2.0', 1, 1),
(44893, 2004, 30232, 51185, 1260, '2.0', 1, 1),
(44894, 2004, 30232, 51185, 1263, '2013-06-12', 1, 1),
(44897, 2004, 30232, 51186, 1594, 'Roccat Connect 2.2', 1, 1),
(44898, 2004, 30232, 51186, 1260, '2.2', 1, 1),
(44899, 2004, 30232, 51186, 1263, '2013-07-03', 1, 1),
(44901, 2004, 30232, 51186, 1268, '', 1, 1),
(44902, 2004, 30232, 51187, 1594, 'Roccat Connect 2.4', 1, 1),
(44903, 2004, 30232, 51187, 1260, '2.4', 1, 1),
(44904, 2004, 30232, 51187, 1263, '2013-08-24', 1, 1),
(44907, 2004, 30232, 51188, 1594, 'Roccat Connect 2.6', 1, 1),
(44908, 2004, 30232, 51188, 1260, '2.6', 1, 1),
(44909, 2004, 30232, 51188, 1263, '2013-09-12', 1, 1),
(44911, 2004, 30232, 51188, 1268, 'ui update', 1, 1),
(44912, 2004, 30232, 51189, 1594, 'Roccat Connect 2.7', 1, 1),
(44913, 2004, 30232, 51189, 1260, '2.7', 1, 1),
(44914, 2004, 30232, 51189, 1263, '2013-10-03', 1, 1),
(44915, 2004, 30232, 51189, 1593, '15001', 1, 1),
(44916, 2004, 30232, 51189, 1268, 'iOS 7 update', 1, 1),
(44917, 2004, 30233, 51190, 1594, 'Lobo 0.90', 1, 1),
(44918, 2004, 30233, 51190, 1260, '0.90', 1, 1),
(44919, 2004, 30233, 51190, 1263, '2005-05-29', 1, 1),
(44921, 2004, 30233, 51190, 1268, '', 1, 1),
(44926, 2004, 30232, 51186, 1593, '15003', 1, 1),
(44927, 2004, 30233, 51191, 1594, 'Lobo 0.91', 1, 1),
(44928, 2004, 30233, 51191, 1260, '0.91', 1, 1),
(44929, 2004, 30233, 51191, 1263, '2005-06-06', 1, 1),
(44931, 2004, 30233, 51191, 1268, '', 1, 1),
(44932, 2004, 30233, 51192, 1594, 'Lobo 0.92', 1, 1),
(44933, 2004, 30233, 51192, 1260, '0.92', 1, 1),
(44934, 2004, 30233, 51192, 1263, '2005-06-27', 1, 1),
(44936, 2004, 30233, 51192, 1268, '', 1, 1),
(44937, 2004, 30233, 51193, 1594, 'Lobo 0.93', 1, 1),
(44938, 2004, 30233, 51193, 1260, '0.93', 1, 1),
(44939, 2004, 30233, 51193, 1263, '2005-08-08', 1, 1),
(44941, 2004, 30233, 51193, 1268, '', 1, 1),
(44942, 2004, 30233, 51194, 1594, 'Lobo 0.94', 1, 1),
(44943, 2004, 30233, 51194, 1260, '0.94', 1, 1),
(44944, 2004, 30233, 51194, 1263, '2005-09-22', 1, 1),
(44946, 2004, 30233, 51194, 1268, '', 1, 1),
(44947, 2004, 30233, 51195, 1594, 'Lobo 0.96', 1, 1),
(44948, 2004, 30233, 51195, 1260, '0.95', 1, 1),
(44949, 2004, 30233, 51195, 1263, '2005-11-27', 1, 1),
(44951, 2004, 30233, 51195, 1268, '', 1, 1),
(44952, 2004, 30233, 51196, 1594, 'Lobo 0.97', 1, 1),
(44953, 2004, 30233, 51196, 1260, '0.97', 1, 1),
(44954, 2004, 30233, 51196, 1263, '2007-07-08', 1, 1),
(44956, 2004, 30233, 51196, 1268, '', 1, 1),
(44957, 2004, 30233, 51197, 1594, 'Lobo 0.98', 1, 1),
(44958, 2004, 30233, 51197, 1260, '0.98', 1, 1),
(44959, 2004, 30233, 51197, 1263, '2008-03-10', 1, 1),
(44961, 2004, 30233, 51197, 1268, '', 1, 1),
(44966, 2004, 30233, 51191, 1593, '15004', 1, 1),
(44967, 2004, 30234, 51198, 1594, 'OffByOne 3.0', 1, 1),
(44968, 2004, 30234, 51198, 1260, '3.0', 1, 1),
(44969, 2004, 30234, 51198, 1263, '2006-01-02', 1, 1),
(44970, 2004, 30234, 51198, 1593, '15004', 1, 1),
(44971, 2004, 30234, 51198, 1268, 'all 3.x versions back to 2001', 1, 1),
(44972, 2004, 30235, 51199, 1594, 'NetPositive 2.0', 1, 1),
(44973, 2004, 30235, 51199, 1260, '2.0', 1, 1),
(44974, 2004, 30235, 51199, 1263, '2001-11-01', 1, 1),
(44975, 2004, 30235, 51199, 1593, '15004', 1, 1),
(44976, 2004, 30235, 51199, 1268, '', 1, 1),
(44977, 2004, 30236, 51200, 1594, 'AWeb 3.4', 1, 1),
(44978, 2004, 30236, 51200, 1260, '3.4', 1, 1),
(44979, 2004, 30236, 51200, 1263, '2000-12-01', 1, 1),
(44980, 2004, 30236, 51200, 1593, '15004', 1, 1),
(44981, 2004, 30236, 51200, 1268, '', 1, 1),
(44982, 2004, 30237, 51201, 1594, 'Iris 1.0', 1, 1),
(44983, 2004, 30237, 51201, 1260, '1.0', 1, 1),
(44984, 2004, 30237, 51201, 1263, '2008-02-01', 1, 1),
(44985, 2004, 30237, 51201, 1593, '15004', 1, 1),
(44986, 2004, 30237, 51201, 1268, '', 1, 1),
(44987, 2004, 30238, 51202, 1594, 'Contiki 2.1', 1, 1),
(44988, 2004, 30238, 51202, 1260, '2.1', 1, 1),
(44989, 2004, 30238, 51202, 1263, '2007-12-01', 1, 1),
(44992, 2004, 30238, 51203, 1594, 'Contiki 2.2', 1, 1),
(44993, 2004, 30238, 51203, 1260, '2.2', 1, 1),
(44994, 2004, 30238, 51203, 1263, '2008-07-12', 1, 1),
(44996, 2004, 30238, 51203, 1268, '', 1, 1),
(44997, 2004, 30238, 51204, 1594, 'Contiki 2.3', 1, 1),
(44998, 2004, 30238, 51204, 1260, '2.3', 1, 1),
(44999, 2004, 30238, 51204, 1263, '2009-06-27', 1, 1),
(45001, 2004, 30238, 51204, 1268, 'HTML browser w3c compliant', 1, 1),
(45002, 2004, 30238, 51205, 1594, 'Contiki 2.4', 1, 1),
(45003, 2004, 30238, 51205, 1260, '2.4', 1, 1),
(45004, 2004, 30238, 51205, 1263, '2010-02-16', 1, 1),
(45006, 2004, 30238, 51205, 1268, '', 1, 1),
(45007, 2004, 30238, 51206, 1594, 'Contiki 2.5', 1, 1),
(45008, 2004, 30238, 51206, 1260, '2.5', 1, 1),
(45009, 2004, 30238, 51206, 1263, '2011-09-09', 1, 1),
(45012, 2004, 30238, 51207, 1594, 'Contiki 2.6', 1, 1),
(45013, 2004, 30238, 51207, 1260, '2.6', 1, 1),
(45014, 2004, 30238, 51207, 1263, '2012-07-17', 1, 1),
(45016, 2004, 30238, 51207, 1268, '', 1, 1),
(45017, 2004, 30238, 51208, 1594, 'Contiki 2.7', 1, 1),
(45018, 2004, 30238, 51208, 1260, '2.7', 1, 1),
(45019, 2004, 30238, 51208, 1263, '2013-11-15', 1, 1),
(45021, 2004, 30238, 51208, 1268, '', 1, 1),
(45025, 2004, 30238, 51203, 1593, '15004', 1, 1),
(45027, 2004, 30239, 51209, 1594, 'iBrowse 2.3', 1, 1),
(45028, 2004, 30239, 51209, 1260, '2.3', 1, 1),
(45029, 2004, 30239, 51209, 1263, '2003-01-29', 1, 1),
(45032, 2004, 30239, 51210, 1594, 'iBrowse 2.4', 1, 1),
(45033, 2004, 30239, 51210, 1260, '2.4', 1, 1),
(45034, 2004, 30239, 51210, 1263, '2006-12-22', 1, 1),
(45036, 2004, 30239, 51210, 1268, '', 1, 1),
(45037, 2004, 30239, 51211, 1594, 'iBrowse 2.2', 1, 1),
(45038, 2004, 30239, 51211, 1260, '2.2', 1, 1),
(45039, 2004, 30239, 51211, 1263, '2002-08-01', 1, 1),
(45040, 2004, 30239, 51211, 1593, '15004', 1, 1),
(45041, 2004, 30239, 51211, 1268, 'estimate', 1, 1),
(45042, 2004, 30239, 51210, 1593, '15003', 1, 1),
(45043, 2004, 30239, 51212, 1594, 'iBrowse 1.0', 1, 1),
(45044, 2004, 30239, 51212, 1260, '1.0', 1, 1),
(45045, 2004, 30239, 51212, 1263, '1996-07-28', 1, 1),
(45046, 2004, 30239, 51212, 1593, '15004', 1, 1),
(45047, 2004, 30239, 51212, 1268, '', 1, 1),
(45048, 2004, 30240, 51213, 1594, 'Sylera 1.0', 1, 1),
(45049, 2004, 30240, 51213, 1260, '1.0', 1, 1),
(45050, 2004, 30240, 51213, 1263, '2002-08-04', 1, 1),
(45052, 2004, 30240, 51213, 1268, '', 1, 1),
(45053, 2004, 30240, 51214, 1594, 'Sylera 2.0', 1, 1),
(45054, 2004, 30240, 51214, 1260, '2.0', 1, 1),
(45055, 2004, 30240, 51214, 1263, '2004-03-15', 1, 1),
(45057, 2004, 30240, 51214, 1268, '', 1, 1),
(45058, 2004, 30240, 51215, 1594, 'Sylera 3.0', 1, 1),
(45059, 2004, 30240, 51215, 1260, '3.0', 1, 1),
(45060, 2004, 30240, 51215, 1263, '2006-06-02', 1, 1),
(45062, 2004, 30240, 51215, 1268, '', 1, 1),
(45063, 2004, 30240, 51215, 1593, '15004', 1, 1),
(45064, 2004, 30117, 50777, 1268, 'includes betas 1.0 in november', 1, 1),
(45065, 2004, 30241, 51216, 1594, 'Charon 4.0', 1, 1),
(45066, 2004, 30241, 51216, 1260, '4.0', 1, 1),
(45067, 2004, 30241, 51216, 1263, '2009-07-01', 1, 1),
(45068, 2004, 30241, 51216, 1593, '15004', 1, 1),
(45069, 2004, 30241, 51216, 1268, 'estimate', 1, 1),
(45070, 2004, 30222, 51217, 1594, 'RockMelt 0.8', 1, 1),
(45071, 2004, 30222, 51217, 1260, '0.8', 1, 1),
(45072, 2004, 30222, 51217, 1263, '2010-12-01', 1, 1),
(45085, 2004, 30222, 51220, 1594, 'RockMelt 0.9', 1, 1),
(45086, 2004, 30222, 51220, 1260, '0.9', 1, 1),
(45087, 2004, 30222, 51220, 1263, '2011-04-01', 1, 1),
(45088, 2004, 30222, 51220, 1593, '15004', 1, 1),
(45110, 2004, 30222, 51225, 1594, 'RockMelt 1.0', 1, 1),
(45111, 2004, 30222, 51225, 1260, '1.0', 1, 1),
(45112, 2004, 30222, 51225, 1263, '2012-04-01', 1, 1),
(45113, 2004, 30222, 51225, 1593, 'common', 1, 1),
(45114, 2004, 30222, 51225, 1268, 'estimate', 1, 1),
(45115, 2004, 30242, 51226, 1594, 'Amiga AWeb 3.4', 1, 1),
(45116, 2004, 30242, 51226, 1260, '3.4', 1, 1),
(45117, 2004, 30242, 51226, 1263, '2000-12-01', 1, 1),
(45118, 2004, 30242, 51226, 1593, '15004', 1, 1),
(45119, 2004, 30242, 51226, 1268, 'estimate', 1, 1),
(45120, 2004, 30243, 51227, 1594, 'ReqwirelessWeb 2.0', 1, 1),
(45121, 2004, 30243, 51227, 1260, '2.0', 1, 1),
(45122, 2004, 30243, 51227, 1263, '2002-01-01', 1, 1),
(45124, 2004, 30243, 51227, 1268, 'estimate', 1, 1),
(45125, 2004, 30243, 51228, 1594, 'ReqwirelessWeb 3.0', 1, 1),
(45126, 2004, 30243, 51228, 1260, '3.0', 1, 1),
(45127, 2004, 30243, 51228, 1263, '2004-01-01', 1, 1),
(45128, 2004, 30243, 51228, 1593, '15004', 1, 1),
(45129, 2004, 30243, 51228, 1268, '', 1, 1),
(45130, 2004, 30244, 51229, 1594, 'Novarra-Vision 8.0', 1, 1),
(45131, 2004, 30244, 51229, 1260, '8.0', 1, 1),
(45132, 2004, 30244, 51229, 1263, '2009-03-01', 1, 1),
(45134, 2004, 30244, 51229, 1268, 'estimate, last version before purchase', 1, 1),
(45135, 2004, 30244, 51230, 1594, 'Novarra-Vision 7.0', 1, 1),
(45136, 2004, 30244, 51230, 1260, '7.0', 1, 1),
(45137, 2004, 30244, 51230, 1263, '2008-10-01', 1, 1),
(45138, 2004, 30244, 51230, 1593, '15004', 1, 1),
(45139, 2004, 30244, 51230, 1268, 'estimate', 1, 1),
(45140, 2004, 30245, 51231, 1594, 'IBM WebExplorer 1.0', 1, 1),
(45141, 2004, 30245, 51231, 1260, '1.0', 1, 1),
(45142, 2004, 30245, 51231, 1263, '1995-11-27', 1, 1),
(45143, 2004, 30245, 51231, 1593, '15004', 1, 1),
(45144, 2004, 30245, 51231, 1268, '', 1, 1),
(45145, 2004, 30246, 51232, 1594, 'Playstation Vita 1.0', 1, 1),
(45146, 2004, 30246, 51232, 1260, '1.0', 1, 1),
(45147, 2004, 30246, 51232, 1263, '2011-06-22', 1, 1),
(45149, 2004, 30246, 51232, 1268, '', 1, 1),
(45150, 2004, 30246, 51233, 1594, 'Playstation Vita 1.6', 1, 1),
(45151, 2004, 30246, 51233, 1260, '1.6', 1, 1),
(45152, 2004, 30246, 51233, 1263, '2012-02-06', 1, 1),
(45154, 2004, 30246, 51233, 1268, '', 1, 1),
(45155, 2004, 30246, 51234, 1594, 'Playstation Vita 2.0', 1, 1),
(45156, 2004, 30246, 51234, 1260, '2.0', 1, 1),
(45157, 2004, 30246, 51234, 1263, '2012-11-21', 1, 1),
(45159, 2004, 30246, 51234, 1268, '', 1, 1),
(45160, 2004, 30246, 51235, 1594, 'Playstation Vita 3.0', 1, 1),
(45161, 2004, 30246, 51235, 1260, '3.0', 1, 1),
(45162, 2004, 30246, 51235, 1263, '2013-11-04', 1, 1),
(45163, 2004, 30246, 51235, 1593, '15003', 1, 1),
(45164, 2004, 30246, 51235, 1268, '', 1, 1),
(45165, 2004, 30247, 51236, 1594, 'Playstation 4 1.0', 1, 1),
(45166, 2004, 30247, 51236, 1260, '1.0', 1, 1),
(45167, 2004, 30247, 51236, 1263, '2013-11-15', 1, 1),
(45168, 2004, 30247, 51236, 1593, '15003', 1, 1),
(45169, 2004, 30247, 51236, 1268, '', 1, 1),
(45170, 2004, 30248, 51237, 1594, 'Playstation 3 1.0', 1, 1),
(45171, 2004, 30248, 51237, 1260, '1.0', 1, 1),
(45172, 2004, 30248, 51237, 1263, '2006-11-11', 1, 1),
(45174, 2004, 30248, 51237, 1268, '', 1, 1),
(45175, 2004, 30248, 51238, 1594, 'Playstation 3 1.70', 1, 1),
(45176, 2004, 30248, 51238, 1260, '1.70', 1, 1),
(45177, 2004, 30248, 51238, 1263, '2007-04-18', 1, 1),
(45179, 2004, 30248, 51238, 1268, '', 1, 1),
(45180, 2004, 30248, 51239, 1594, 'Playstation 3 2.0', 1, 1),
(45181, 2004, 30248, 51239, 1260, '2.0', 1, 1),
(45182, 2004, 30248, 51239, 1263, '2007-11-08', 1, 1),
(45184, 2004, 30248, 51239, 1268, '', 1, 1),
(45185, 2004, 30248, 51240, 1594, 'Playstation 3 3.0', 1, 1),
(45186, 2004, 30248, 51240, 1260, '3.0', 1, 1),
(45187, 2004, 30248, 51240, 1263, '2009-09-01', 1, 1),
(45189, 2004, 30248, 51240, 1268, '', 1, 1),
(45190, 2004, 30248, 51241, 1594, 'Playstation 3 4.0', 1, 1),
(45191, 2004, 30248, 51241, 1260, '4.0', 1, 1),
(45192, 2004, 30248, 51241, 1263, '2011-11-30', 1, 1),
(45194, 2004, 30248, 51241, 1268, '', 1, 1),
(45195, 2004, 30249, 51242, 1594, 'Experia Play', 1, 1),
(45196, 2004, 30249, 51242, 1260, '1.0', 1, 1),
(45197, 2004, 30249, 51242, 1263, '2011-04-01', 1, 1),
(45198, 2004, 30249, 51242, 1593, '15003', 1, 1),
(45199, 2004, 30249, 51242, 1268, 'no recent updates', 1, 1),
(45200, 2004, 30250, 51243, 1594, 'IE Xbox 7.0', 1, 1),
(45201, 2004, 30250, 51243, 1260, '7.0', 1, 1),
(45202, 2004, 30250, 51243, 1263, '2005-11-15', 1, 1),
(45204, 2004, 30250, 51243, 1268, 'possible only with custom install', 1, 1),
(45205, 2004, 30250, 51244, 1594, 'IE Xbox 8.0', 1, 1),
(45206, 2004, 30250, 51244, 1260, '8.0', 1, 1),
(45207, 2004, 30250, 51244, 1263, '2011-01-05', 1, 1),
(45209, 2004, 30250, 51244, 1268, 'Live search, Xbox accelerator, Xbox news', 1, 1),
(45210, 2004, 30250, 51245, 1594, 'IE Xbox 10.0', 1, 1),
(45211, 2004, 30250, 51245, 1260, '10.0', 1, 1),
(45212, 2004, 30250, 51245, 1263, '2013-11-22', 1, 1),
(45214, 2004, 30250, 51245, 1268, 'XBox One, HTML5 CSS3', 1, 1),
(45215, 2004, 30251, 51246, 1594, 'PSP 2.0', 1, 1),
(45216, 2004, 30251, 51246, 1260, '2.0', 1, 1),
(45217, 2004, 30251, 51246, 1263, '2005-09-01', 1, 1),
(45219, 2004, 30251, 51246, 1268, 'first PSP with a web browser', 1, 1),
(45220, 2004, 30251, 51247, 1594, 'PSP 2.7', 1, 1),
(45221, 2004, 30251, 51247, 1260, '2.7', 1, 1),
(45222, 2004, 30251, 51247, 1263, '2006-04-25', 1, 1),
(45224, 2004, 30251, 51247, 1268, 'first appearance of Flash content', 1, 1),
(45225, 2004, 30251, 51248, 1594, 'PSP 3.0', 1, 1),
(45226, 2004, 30251, 51248, 1260, '3.0', 1, 1),
(45227, 2004, 30251, 51248, 1263, '2006-11-21', 1, 1),
(45229, 2004, 30251, 51248, 1268, '', 1, 1),
(45230, 2004, 30251, 51249, 1594, 'PSP 4.0', 1, 1),
(45231, 2004, 30251, 51249, 1260, '4.0', 1, 1),
(45232, 2004, 30251, 51249, 1263, '2008-06-18', 1, 1),
(45234, 2004, 30251, 51249, 1268, '', 1, 1),
(45235, 2004, 30251, 51250, 1594, 'PSP 5.0', 1, 1),
(45236, 2004, 30251, 51250, 1260, '5.0', 1, 1),
(45237, 2004, 30251, 51250, 1263, '2008-10-18', 1, 1),
(45239, 2004, 30251, 51250, 1268, '', 1, 1),
(45240, 2004, 30251, 51251, 1594, 'PSP 6.0', 1, 1),
(45241, 2004, 30251, 51251, 1260, '6.0', 1, 1),
(45242, 2004, 30251, 51251, 1263, '2009-09-10', 1, 1),
(45244, 2004, 30251, 51251, 1268, '', 1, 1),
(45245, 2004, 30251, 51251, 1593, '15003', 1, 1),
(45246, 2004, 30252, 51252, 1594, 'Nintendo 3DS', 1, 1),
(45247, 2004, 30252, 51252, 1260, '1.7', 1, 1),
(45248, 2004, 30252, 51252, 1263, '2011-06-06', 1, 1),
(45249, 2004, 30252, 51252, 1593, '15003', 1, 1),
(45250, 2004, 30252, 51252, 1268, 'some HTML5 support', 1, 1),
(45251, 2004, 30253, 51253, 1594, 'Nintendo DSI Opera 483', 1, 1),
(45252, 2004, 30253, 51253, 1260, '483', 1, 1),
(45253, 2004, 30253, 51253, 1263, '2009-04-01', 1, 1),
(45255, 2004, 30253, 51253, 1268, 'estimate', 1, 1),
(45256, 2004, 30253, 51254, 1594, 'Nintendo DSI Opera 507', 1, 1),
(45257, 2004, 30253, 51254, 1260, '507', 1, 1),
(45258, 2004, 30253, 51254, 1263, '2009-04-20', 1, 1),
(45260, 2004, 30253, 51254, 1268, '', 1, 1),
(45261, 2004, 30254, 51255, 1594, 'Nintendo Wii U 1.0', 1, 1),
(45262, 2004, 30254, 51255, 1260, '1.0', 1, 1),
(45263, 2004, 30254, 51255, 1263, '2012-11-06', 1, 1),
(45265, 2004, 30254, 51255, 1268, '', 1, 1),
(45266, 2004, 30254, 51256, 1594, 'NIntendo Wii U 2.0', 1, 1),
(45267, 2004, 30254, 51256, 1260, '2.0', 1, 1),
(45268, 2004, 30254, 51256, 1263, '2013-10-11', 1, 1),
(45269, 2004, 30254, 51256, 1593, '15003', 1, 1),
(45270, 2004, 30254, 51256, 1268, '', 1, 1),
(45271, 2004, 30255, 51257, 1594, 'Wii Browser', 1, 1),
(45272, 2004, 30255, 51257, 1260, '1.0', 1, 1),
(45273, 2004, 30255, 51257, 1263, '2006-11-19', 1, 1),
(45274, 2004, 30255, 51257, 1593, '15003', 1, 1),
(45275, 2004, 30255, 51257, 1268, '', 1, 1),
(45276, 2004, 30256, 51258, 1594, 'Bunjalloo 0.7', 1, 1),
(45277, 2004, 30256, 51258, 1260, '0.7', 1, 1),
(45278, 2004, 30256, 51258, 1263, '2009-01-01', 1, 1),
(45280, 2004, 30256, 51258, 1268, 'estimate', 1, 1),
(45281, 2004, 30256, 51259, 1594, 'Bunjalloo 0.8', 1, 1),
(45282, 2004, 30256, 51259, 1260, '0.8', 1, 1),
(45283, 2004, 30256, 51259, 1263, '2009-12-01', 1, 1),
(45284, 2004, 30256, 51259, 1593, '15003', 1, 1),
(45285, 2004, 30256, 51259, 1268, '', 1, 1),
(45286, 2004, 30253, 51260, 1594, 'Nintendo DSI Opera 446', 1, 1),
(45287, 2004, 30253, 51260, 1260, '446', 1, 1),
(45288, 2004, 30253, 51260, 1263, '2008-11-01', 1, 1),
(45289, 2004, 30253, 51260, 1593, '15003', 1, 1),
(45291, 2004, 30250, 51261, 1594, 'IE Xbox 9.0', 1, 1),
(45292, 2004, 30250, 51261, 1260, '9.0', 1, 1),
(45293, 2004, 30250, 51261, 1263, '2012-05-20', 1, 1),
(45294, 2004, 30250, 51261, 1593, '15003', 1, 1),
(45295, 2004, 30250, 51261, 1268, 'Internet Explorer "app"', 1, 1),
(45296, 2004, 30257, 51262, 1594, 'Yandex 1.0', 1, 1),
(45297, 2004, 30257, 51262, 1260, '1.0', 1, 1),
(45298, 2004, 30257, 51262, 1263, '2012-10-01', 1, 1),
(45301, 2004, 30257, 51263, 1594, 'Yandex 1.5', 1, 1),
(45302, 2004, 30257, 51263, 1260, '1.5', 1, 1),
(45303, 2004, 30257, 51263, 1263, '2013-03-23', 1, 1),
(45305, 2004, 30257, 51263, 1268, '', 1, 1),
(45306, 2004, 30257, 51264, 1594, 'Yandex 1.1', 1, 1),
(45307, 2004, 30257, 51264, 1260, '1.1', 1, 1),
(45308, 2004, 30257, 51264, 1263, '2012-11-08', 1, 1),
(45309, 2004, 30257, 51264, 1593, '15003', 1, 1),
(45310, 2004, 30257, 51264, 1268, 'Opera Turbo added', 1, 1),
(45311, 2004, 30257, 51265, 1594, 'Yandex 1.7', 1, 1),
(45312, 2004, 30257, 51265, 1260, '1.7', 1, 1),
(45313, 2004, 30257, 51265, 1263, '2013-07-13', 1, 1),
(45316, 2004, 30257, 51266, 1594, 'Yandex 2.0', 1, 1),
(45317, 2004, 30257, 51266, 1260, '2.0', 1, 1),
(45318, 2004, 30257, 51266, 1263, '2013-08-01', 1, 1),
(45321, 2004, 30257, 51267, 1594, 'Yandex 13.0', 1, 1),
(45322, 2004, 30257, 51267, 1260, '13.0', 1, 1),
(45323, 2004, 30257, 51267, 1263, '2013-11-01', 1, 1),
(45325, 2004, 30257, 51267, 1268, 'estimate', 1, 1),
(45326, 2004, 30257, 51268, 1594, 'Yandex 14.0', 1, 1),
(45327, 2004, 30257, 51268, 1260, '14.0', 1, 1),
(45328, 2004, 30257, 51268, 1263, '2013-03-06', 1, 1),
(45329, 2004, 30257, 51268, 1593, 'common', 1, 1),
(45330, 2004, 30257, 51268, 1268, '', 1, 1),
(45332, 2004, 30257, 51266, 1593, '15003', 1, 1),
(45333, 2004, 30119, 51269, 1594, 'Yandex Mobile 13.0', 1, 1),
(45334, 2004, 30119, 51269, 1260, '13.0', 1, 1),
(45335, 2004, 30119, 51269, 1263, '2013-11-01', 1, 1),
(45339, 2004, 30119, 51270, 1594, 'Yandex Mobile 14.0', 1, 1),
(45340, 2004, 30119, 51270, 1260, '14.0', 1, 1),
(45341, 2004, 30119, 51270, 1263, '2014-03-03', 1, 1),
(45342, 2004, 30119, 51270, 1593, '15001', 1, 1),
(45343, 2004, 30119, 51270, 1268, 'estimate', 1, 1),
(45344, 2004, 30258, 51271, 1594, 'Baidu Spark 26.2', 1, 1),
(45345, 2004, 30258, 51271, 1260, '26.2', 1, 1),
(45346, 2004, 30258, 51271, 1263, '2013-01-08', 1, 1),
(45349, 2004, 30258, 51272, 1594, 'Baidu Spark 26.3', 1, 1),
(45350, 2004, 30258, 51272, 1260, '26.3', 1, 1),
(45351, 2004, 30258, 51272, 1263, '2014-03-01', 1, 1),
(45353, 2004, 30258, 51272, 1268, '', 1, 1),
(45376, 2004, 30258, 51272, 1593, '15003', 1, 1),
(45387, 2004, 30262, 51279, 1594, 'iTunes 1.0', 1, 1),
(45388, 2004, 30262, 51279, 1260, '1.0', 1, 1),
(45389, 2004, 30262, 51279, 1263, '2001-01-09', 1, 1),
(45391, 2004, 30262, 51279, 1268, 'Only supported by Mac OS 9', 1, 1),
(45392, 2004, 30262, 51280, 1594, 'iTunes 2.0', 1, 1),
(45393, 2004, 30262, 51280, 1260, '2.0', 1, 1),
(45394, 2004, 30262, 51280, 1263, '2001-10-23', 1, 1),
(45396, 2004, 30262, 51280, 1268, 'First Mac OS X support, iPod support', 1, 1),
(45397, 2004, 30262, 51281, 1594, 'iTunes 3.0', 1, 1),
(45398, 2004, 30262, 51281, 1260, '3.0', 1, 1),
(45399, 2004, 30262, 51281, 1263, '2002-07-17', 1, 1),
(45402, 2004, 30262, 51282, 1594, 'iTunes 4.0', 1, 1),
(45403, 2004, 30262, 51282, 1260, '4.0', 1, 1),
(45404, 2004, 30262, 51282, 1263, '2003-04-28', 1, 1),
(45405, 2004, 30262, 51282, 1593, '15004', 1, 1),
(45406, 2004, 30262, 51282, 1268, 'windows support, itunes store', 1, 1),
(45407, 2004, 30262, 51283, 1594, 'iTunes 5.0', 1, 1),
(45408, 2004, 30262, 51283, 1260, '5.0', 1, 1),
(45409, 2004, 30262, 51283, 1263, '2005-09-07', 1, 1),
(45410, 2004, 30262, 51283, 1593, 'common', 1, 1),
(45411, 2004, 30262, 51283, 1268, 'estimate', 1, 1),
(45412, 2004, 30262, 51284, 1594, 'iTunes 6.0', 1, 1),
(45413, 2004, 30262, 51284, 1260, '6.0', 1, 1),
(45414, 2004, 30262, 51284, 1263, '2005-10-12', 1, 1),
(45415, 2004, 30262, 51284, 1593, 'common', 1, 1),
(45416, 2004, 30262, 51284, 1268, 'download tv shows and videos', 1, 1),
(45417, 2004, 30262, 51285, 1594, 'iTunes 7.0', 1, 1),
(45418, 2004, 30262, 51285, 1260, '7.0', 1, 1),
(45419, 2004, 30262, 51285, 1263, '2006-09-12', 1, 1),
(45420, 2004, 30262, 51285, 1593, 'common', 1, 1),
(45422, 2004, 30262, 51286, 1594, 'iTunes 8.0', 1, 1),
(45423, 2004, 30262, 51286, 1260, '8.0', 1, 1),
(45424, 2004, 30262, 51286, 1263, '2008-09-09', 1, 1),
(45425, 2004, 30262, 51286, 1593, 'common', 1, 1),
(45427, 2004, 30262, 51287, 1594, 'iTunes 9.0', 1, 1),
(45428, 2004, 30262, 51287, 1260, '9.0', 1, 1),
(45429, 2004, 30262, 51287, 1263, '2009-09-09', 1, 1),
(45430, 2004, 30262, 51287, 1593, 'common', 1, 1),
(45431, 2004, 30262, 51287, 1268, '', 1, 1),
(45432, 2004, 30262, 51288, 1594, 'iTunes 10.0', 1, 1),
(45433, 2004, 30262, 51288, 1260, '10.0', 1, 1),
(45434, 2004, 30262, 51288, 1263, '2010-09-09', 1, 1),
(45435, 2004, 30262, 51288, 1593, 'common', 1, 1),
(45436, 2004, 30262, 51288, 1268, 'can rent tv shows', 1, 1),
(45437, 2004, 30262, 51289, 1594, 'iTunes 11.0', 1, 1),
(45438, 2004, 30262, 51289, 1260, '11.0', 1, 1),
(45439, 2004, 30262, 51289, 1263, '2012-11-29', 1, 1),
(45440, 2004, 30262, 51289, 1593, 'common', 1, 1),
(45441, 2004, 30262, 51289, 1268, 'less bloat', 1, 1),
(45442, 2004, 30263, 51290, 1594, 'QuickTime 7.0', 1, 1),
(45443, 2004, 30263, 51290, 1260, '7.0', 1, 1),
(45444, 2004, 30263, 51290, 1263, '2005-04-29', 1, 1),
(45447, 2004, 30263, 51291, 1594, 'QuickTime 7.1', 1, 1),
(45448, 2004, 30263, 51291, 1260, '7.1', 1, 1),
(45449, 2004, 30263, 51291, 1263, '2007-03-05', 1, 1),
(45452, 2004, 30263, 51292, 1594, 'QuickTime 7.2', 1, 1),
(45453, 2004, 30263, 51292, 1260, '7.2', 1, 1),
(45454, 2004, 30263, 51292, 1263, '2007-07-11', 1, 1),
(45456, 2004, 30263, 51292, 1268, '', 1, 1),
(45457, 2004, 30263, 51293, 1594, 'QuickTime 7.3', 1, 1),
(45458, 2004, 30263, 51293, 1260, '7.3', 1, 1),
(45459, 2004, 30263, 51293, 1263, '2007-11-05', 1, 1),
(45461, 2004, 30263, 51293, 1268, 'dropped Flash support', 1, 1),
(45462, 2004, 30263, 51291, 1268, 'last Windows version', 1, 1),
(45463, 2004, 30263, 51294, 1594, 'QuickTIme 7.4', 1, 1),
(45464, 2004, 30263, 51294, 1260, '7.4', 1, 1),
(45465, 2004, 30263, 51294, 1263, '2008-01-15', 1, 1),
(45468, 2004, 30263, 51295, 1594, 'QuickTime 7.5', 1, 1),
(45469, 2004, 30263, 51295, 1260, '7.5', 1, 1),
(45470, 2004, 30263, 51295, 1263, '2008-06-07', 1, 1),
(45472, 2004, 30263, 51295, 1268, '', 1, 1),
(45473, 2004, 30263, 51296, 1594, 'QuickTime 7.6', 1, 1),
(45474, 2004, 30263, 51296, 1260, '7.6', 1, 1),
(45475, 2004, 30263, 51296, 1263, '2009-12-12', 1, 1),
(45477, 2004, 30263, 51296, 1268, 'only version with significant web access', 1, 1),
(45478, 2004, 30263, 51297, 1594, 'QuickTime X (10.0)', 1, 1),
(45479, 2004, 30263, 51297, 1260, '10.0', 1, 1),
(45480, 2004, 30263, 51297, 1263, '2009-06-08', 1, 1),
(45481, 2004, 30263, 51297, 1593, '15003', 1, 1),
(45482, 2004, 30263, 51297, 1268, '', 1, 1),
(45483, 2004, 30264, 51298, 1594, 'Windows Media 7.0', 1, 1),
(45484, 2004, 30264, 51298, 1260, '7.0', 1, 1),
(45485, 2004, 30264, 51298, 1263, '2000-07-17', 1, 1),
(45487, 2004, 30264, 51298, 1268, '', 1, 1),
(45488, 2004, 30264, 51299, 1594, 'Windows Media 8.0', 1, 1),
(45489, 2004, 30264, 51299, 1260, '8.0', 1, 1),
(45490, 2004, 30264, 51299, 1263, '2002-01-01', 1, 1),
(45492, 2004, 30264, 51299, 1268, 'estimate', 1, 1),
(45493, 2004, 30264, 51300, 1594, 'Windows Media 9.0', 1, 1),
(45494, 2004, 30264, 51300, 1260, '9.0', 1, 1),
(45495, 2004, 30264, 51300, 1263, '2003-01-27', 1, 1),
(45497, 2004, 30264, 51300, 1268, '', 1, 1),
(45498, 2004, 30264, 51301, 1594, 'Windows Media 10.0', 1, 1),
(45499, 2004, 30264, 51301, 1260, '10.0', 1, 1),
(45500, 2004, 30264, 51301, 1263, '2006-08-30', 1, 1),
(45501, 2004, 30264, 51301, 1593, '15004', 1, 1),
(45502, 2004, 30264, 51301, 1268, '', 1, 1),
(45503, 2004, 30264, 51302, 1594, 'Windows Media 11.0', 1, 1),
(45504, 2004, 30264, 51302, 1260, '11.0', 1, 1),
(45505, 2004, 30264, 51302, 1263, '2006-10-30', 1, 1),
(45507, 2004, 30264, 51302, 1268, '', 1, 1),
(45508, 2004, 30264, 51303, 1594, 'Windows Media 12.0', 1, 1),
(45509, 2004, 30264, 51303, 1260, '12.0', 1, 1),
(45510, 2004, 30264, 51303, 1263, '2013-10-30', 1, 1),
(45511, 2004, 30264, 51303, 1593, '15003', 1, 1),
(45512, 2004, 30264, 51303, 1268, '', 1, 1),
(45513, 2004, 30265, 51304, 1594, 'RealPlayer 10.0', 1, 1),
(45514, 2004, 30265, 51304, 1260, '10.0', 1, 1),
(45515, 2004, 30265, 51304, 1263, '2004-08-01', 1, 1),
(45516, 2004, 30265, 51304, 1593, '15004', 1, 1),
(45517, 2004, 30265, 51304, 1268, 'estimate', 1, 1),
(45518, 2004, 30265, 51305, 1594, 'RealPlayer 11.0', 1, 1),
(45519, 2004, 30265, 51305, 1260, '11.0', 1, 1),
(45520, 2004, 30265, 51305, 1263, '2007-11-16', 1, 1),
(45522, 2004, 30265, 51305, 1268, '', 1, 1),
(45523, 2004, 30265, 51306, 1594, 'RealPlayer 14.0', 1, 1),
(45524, 2004, 30265, 51306, 1260, '14.0', 1, 1),
(45525, 2004, 30265, 51306, 1263, '2010-11-30', 1, 1),
(45527, 2004, 30265, 51306, 1268, '', 1, 1),
(45528, 2004, 30265, 51307, 1594, 'RealPlayer 15.0', 1, 1),
(45529, 2004, 30265, 51307, 1260, '15.0', 1, 1),
(45530, 2004, 30265, 51307, 1263, '2011-11-18', 1, 1),
(45531, 2004, 30265, 51307, 1593, '15003', 1, 1),
(45532, 2004, 30265, 51307, 1268, '', 1, 1),
(45533, 2004, 30265, 51305, 1593, '15004', 1, 1),
(45534, 2004, 30265, 51308, 1594, 'RealPlayer 16.0', 1, 1),
(45535, 2004, 30265, 51308, 1260, '16.0', 1, 1),
(45536, 2004, 30265, 51308, 1263, '2012-12-12', 1, 1),
(45537, 2004, 30265, 51308, 1593, '15003', 1, 1),
(45538, 2004, 30265, 51308, 1268, '', 1, 1),
(45543, 2005, 30003, 50013, 1309, 'false', 1, 1),
(45570, 2012, 30265, 51304, 1493, 'false', 1, 1),
(45571, 2012, 30265, 51304, 1494, 'false', 1, 1),
(45572, 2012, 30265, 51304, 1495, 'false', 1, 1),
(45573, 2012, 30265, 51304, 1496, 'false', 1, 1),
(45574, 2008, 30003, 50014, 1499, '52', 1, 1),
(45575, 2008, 30003, 50015, 1499, '54', 1, 1),
(45576, 2008, 30003, 50016, 1499, '72', 1, 1),
(45582, 2004, 30003, 51313, 1593, '15004', 1, 1),
(45584, 2008, 30003, 50017, 1499, '93', 1, 1),
(45585, 2008, 30003, 50018, 1499, '94', 1, 1),
(45586, 2008, 30003, 50019, 1499, '97', 1, 1),
(45587, 2008, 30003, 51313, 1499, '93', 1, 1),
(45589, 2008, 30003, 50021, 1499, '97', 1, 1),
(45590, 2008, 30003, 50022, 1499, '100', 1, 1),
(45591, 2008, 30003, 50020, 1499, '97', 1, 1),
(45592, 2008, 30003, 50505, 1499, '100', 1, 1),
(45593, 2004, 30003, 51313, 1260, '3.1', 1, 1),
(45594, 2004, 30003, 51313, 1594, 'Firefox 3.1', 1, 1),
(45595, 2004, 30003, 51314, 1594, 'Firefox 25.0', 1, 1),
(45596, 2004, 30003, 51314, 1260, '25.0', 1, 1),
(45597, 2004, 30003, 51314, 1263, '2013-10-29', 1, 1),
(45600, 2004, 30003, 51313, 1263, '2008-10-14', 1, 1),
(45601, 2018, 30003, 50017, 1385, 'true', 1, 1),
(45602, 2018, 30003, 50013, 1385, 'false', 1, 1),
(45603, 2018, 30003, 50018, 1409, 'true', 1, 1),
(45604, 2018, 30003, 50017, 1403, 'true', 1, 1),
(45605, 2027, 30003, 50015, 1343, 'true', 1, 1),
(45606, 2027, 30003, 50017, 1349, 'true', 1, 1),
(45607, 2028, 30003, 50015, 1904, 'true', 1, 1),
(45608, 2025, 30003, 50013, 1305, 'true', 1, 1),
(45609, 2025, 30163, 50957, 1305, 'false', 1, 1),
(45610, 2025, 30004, 50080, 1305, 'false', 1, 1),
(45611, 2025, 30004, 50080, 1905, 'false', 1, 1),
(45612, 2025, 30163, 50957, 1905, 'false', 1, 1),
(45613, 2025, 30003, 50013, 1905, 'true', 1, 1),
(45614, 2025, 30001, 50007, 1305, 'true', 1, 1),
(45615, 2025, 30001, 50007, 1905, 'true', 1, 1),
(45616, 2025, 30006, 50774, 1905, 'true', 1, 1),
(45617, 2025, 30006, 50774, 1305, 'true', 1, 1),
(45618, 2004, 30018, 51315, 1594, 'Chrome 33', 1, 1),
(45619, 2004, 30018, 51315, 1260, '33.0', 1, 1),
(45620, 2004, 30018, 51315, 1263, '2014-02-20', 1, 1),
(45622, 2004, 30018, 51315, 1268, 'security fixes', 1, 1),
(45623, 2004, 30018, 51316, 1594, 'Chrome 34', 1, 1),
(45624, 2004, 30018, 51316, 1260, '34.0', 1, 1),
(45625, 2004, 30018, 51316, 1263, '2014-04-08', 1, 1),
(45627, 2004, 30018, 51316, 1268, 'responsive images, inprefixed web audio', 1, 1),
(45628, 2004, 30268, 51317, 1594, 'Palemoon 4.0', 1, 1),
(45629, 2004, 30268, 51317, 1260, '4.0', 1, 1),
(45630, 2004, 30268, 51317, 1263, '2011-04-01', 1, 1),
(45632, 2004, 30268, 51317, 1268, 'built on FF 4, release date estimate', 1, 1),
(45633, 2004, 30268, 51318, 1594, 'Palemoon 5.0', 1, 1),
(45634, 2004, 30268, 51318, 1260, '5.0', 1, 1),
(45635, 2004, 30268, 51318, 1263, '20111-07-01', 1, 1),
(45636, 2004, 30268, 51318, 1593, '15004', 1, 1),
(45637, 2004, 30268, 51318, 1268, 'built on FF 5, release date estimate', 1, 1),
(45638, 2004, 30268, 51319, 1594, 'Palemoon 6.0', 1, 1),
(45639, 2004, 30268, 51319, 1260, '6.0', 1, 1),
(45640, 2004, 30268, 51319, 1263, '2011-09-01', 1, 1),
(45641, 2004, 30268, 51319, 1593, 'common', 1, 1),
(45642, 2004, 30268, 51319, 1268, 'built on FF 6, release date estimate', 1, 1),
(45643, 2004, 30268, 51320, 1594, 'Palemoon 7.0', 1, 1),
(45644, 2004, 30268, 51320, 1260, '7.0', 1, 1),
(45645, 2004, 30268, 51320, 1263, '2011-10-01', 1, 1),
(45646, 2004, 30268, 51320, 1593, 'common', 1, 1),
(45648, 2004, 30268, 51321, 1594, 'Palemoon 8.0', 1, 1),
(45649, 2004, 30268, 51321, 1260, '8.0', 1, 1),
(45650, 2004, 30268, 51321, 1263, '2011-11-01', 1, 1),
(45651, 2004, 30268, 51321, 1593, 'common', 1, 1),
(45653, 2004, 30268, 51322, 1594, 'Palemoon 9.0', 1, 1),
(45654, 2004, 30268, 51322, 1260, '9.0', 1, 1),
(45655, 2004, 30268, 51322, 1263, '2011-12-01', 1, 1),
(45656, 2004, 30268, 51322, 1593, 'common', 1, 1),
(45657, 2004, 30268, 51322, 1268, 'built on FF 7, release date estimate', 1, 1),
(45658, 2004, 30268, 51323, 1594, 'Palemoon 10.0', 1, 1),
(45659, 2004, 30268, 51323, 1260, '10.0', 1, 1),
(45660, 2004, 30268, 51323, 1263, '2012-02-01', 1, 1),
(45661, 2004, 30268, 51323, 1593, 'common', 1, 1),
(45662, 2004, 30268, 51323, 1268, 'ESR release, release date estimate', 1, 1),
(45663, 2004, 30268, 51324, 1594, 'Palemoon 11.0', 1, 1),
(45664, 2004, 30268, 51324, 1260, '11.0', 1, 1),
(45665, 2004, 30268, 51324, 1263, '2012-03-01', 1, 1),
(45666, 2004, 30268, 51324, 1593, 'common', 1, 1),
(45668, 2004, 30268, 51325, 1594, 'Palemoon 12.0', 1, 1),
(45669, 2004, 30268, 51325, 1260, '12.0', 1, 1),
(45670, 2004, 30268, 51325, 1263, '2012-05-01', 1, 1),
(45671, 2004, 30268, 51325, 1593, 'common', 1, 1),
(45673, 2004, 30268, 51326, 1594, 'Palemoon 13.0', 1, 1),
(45674, 2004, 30268, 51326, 1260, '13.0', 1, 1),
(45675, 2004, 30268, 51326, 1263, '2012-06-01', 1, 1),
(45676, 2004, 30268, 51326, 1593, 'common', 1, 1),
(45678, 2004, 30268, 51327, 1594, 'Palemoon 14.0', 1, 1),
(45679, 2004, 30268, 51327, 1260, '14.0', 1, 1),
(45680, 2004, 30268, 51327, 1263, '2012-07-01', 1, 1),
(45681, 2004, 30268, 51327, 1593, 'common', 1, 1),
(45683, 2004, 30268, 51328, 1594, 'Palemoon 15.0', 1, 1),
(45684, 2004, 30268, 51328, 1260, '15.0', 1, 1),
(45685, 2004, 30268, 51328, 1263, '2012-09-01', 1, 1),
(45686, 2004, 30268, 51328, 1593, 'common', 1, 1),
(45687, 2004, 30268, 51328, 1268, 'release date estimate', 1, 1),
(45688, 2004, 30268, 51329, 1594, 'Palemoon 19.0', 1, 1),
(45689, 2004, 30268, 51329, 1260, '19.0', 1, 1),
(45690, 2004, 30268, 51329, 1263, '2013-02-22', 1, 1),
(45691, 2004, 30268, 51329, 1593, 'common', 1, 1),
(45692, 2004, 30268, 51329, 1268, 'major upgrade, true release dates from website', 1, 1),
(45693, 2004, 30268, 51325, 1268, 'release date estimate', 1, 1),
(45694, 2004, 30268, 51321, 1268, 'built on FF 8, release date estimate', 1, 1),
(45697, 2004, 30268, 51327, 1268, 'release date estimate', 1, 1),
(45698, 2004, 30268, 51330, 1594, 'Palemoon 20.0', 1, 1),
(45699, 2004, 30268, 51330, 1260, '20.0', 1, 1),
(45700, 2004, 30268, 51330, 1263, '2013-04-11', 1, 1),
(45701, 2004, 30268, 51330, 1593, 'common', 1, 1),
(45703, 2004, 30268, 51331, 1594, 'Palemoon 24.0', 1, 1),
(45704, 2004, 30268, 51331, 1260, '24.0', 1, 1),
(45705, 2004, 30268, 51331, 1263, '2013-09-13', 1, 1),
(45706, 2004, 30268, 51331, 1593, 'common', 1, 1),
(45708, 2004, 30268, 51332, 1594, 'Palemoon 24.3.0', 1, 1),
(45709, 2004, 30268, 51332, 1260, '24.3.0', 1, 1),
(45710, 2004, 30268, 51332, 1263, '2014-01-28', 1, 1),
(45711, 2004, 30268, 51332, 1593, 'common', 1, 1),
(45712, 2004, 30268, 51332, 1268, 'major ui changes, geolocation fix', 1, 1),
(45713, 2004, 30268, 51333, 1594, 'Palemoon 24.6.0', 1, 1),
(45714, 2004, 30268, 51333, 1260, '24.6', 1, 1),
(45715, 2004, 30268, 51333, 1263, '2014-06-06', 1, 1),
(45716, 2004, 30268, 51333, 1593, 'common', 1, 1),
(45717, 2004, 30268, 51333, 1268, 'significant ui fixes', 1, 1),
(45718, 2004, 30268, 51330, 1268, '', 1, 1),
(45719, 2004, 30018, 51334, 1594, 'Chrome 35', 1, 1),
(45720, 2004, 30018, 51334, 1260, '35.0', 1, 1),
(45721, 2004, 30018, 51334, 1263, '2014-08-20', 1, 1),
(45722, 2004, 30018, 51334, 1593, 'common', 1, 1),
(45723, 2004, 30018, 51334, 1268, '', 1, 1),
(45724, 2004, 30018, 50117, 1593, '15003', 1, 1),
(45745, 2004, 30018, 50055, 1593, '15004', 1, 1),
(45749, 2004, 30018, 50506, 1593, '15003', 1, 1),
(45750, 2004, 30003, 51335, 1594, 'Firefox 26.0', 1, 1),
(45751, 2004, 30003, 51335, 1260, '26.0', 1, 1),
(45752, 2004, 30003, 51335, 1263, '2013-12-10', 1, 1),
(45755, 2004, 30003, 51336, 1594, 'Firefox 27.0', 1, 1),
(45756, 2004, 30003, 51336, 1260, '27.0', 1, 1),
(45757, 2004, 30003, 51336, 1263, '2014-02-04', 1, 1),
(45759, 2004, 30003, 51336, 1268, '', 1, 1),
(45760, 2004, 30003, 51337, 1594, 'Firefox 28.0', 1, 1),
(45761, 2004, 30003, 51337, 1260, '28.0', 1, 1),
(45762, 2004, 30003, 51337, 1263, '2014-03-18', 1, 1),
(45765, 2004, 30003, 51338, 1594, 'Firefox 29.0', 1, 1),
(45766, 2004, 30003, 51338, 1260, '29.0', 1, 1),
(45767, 2004, 30003, 51338, 1263, '2014-04-29', 1, 1),
(45770, 2004, 30003, 51339, 1594, 'Firefox 30.0', 1, 1),
(45771, 2004, 30003, 51339, 1260, '30.0', 1, 1),
(45772, 2004, 30003, 51339, 1263, '2014-06-10', 1, 1),
(45773, 2004, 30003, 51339, 1593, 'common', 1, 1),
(45774, 2004, 30003, 51339, 1268, '', 1, 1),
(45775, 2004, 30003, 51340, 1594, 'Firefox 31.0', 1, 1),
(45776, 2004, 30003, 51340, 1260, '31.0', 1, 1),
(45777, 2004, 30003, 51340, 1263, '2014-07-22', 1, 1),
(45779, 2004, 30003, 51340, 1268, '', 1, 1),
(45780, 2004, 30003, 51341, 1594, 'Firefox 32.0', 1, 1),
(45781, 2004, 30003, 51341, 1260, '32.0', 1, 1),
(45782, 2004, 30003, 51341, 1263, '2014-09-02', 1, 1),
(45784, 2004, 30003, 51341, 1268, '', 1, 1),
(45785, 2004, 30003, 51342, 1594, 'Firefox 33.0', 1, 1),
(45786, 2004, 30003, 51342, 1260, '33.0', 1, 1),
(45787, 2004, 30003, 51342, 1263, '2014-10-14', 1, 1),
(45789, 2004, 30003, 51342, 1268, '', 1, 1),
(45790, 2004, 30003, 51343, 1594, 'Firefox 34.0', 1, 1),
(45791, 2004, 30003, 51343, 1260, '34.0', 1, 1),
(45792, 2004, 30003, 51343, 1263, '2014-11-05', 1, 1),
(45794, 2004, 30003, 51343, 1268, '', 1, 1),
(45795, 2004, 30003, 51343, 1593, '15005', 1, 1),
(45796, 2004, 30004, 51344, 1594, 'Opera 15', 1, 1),
(45797, 2004, 30004, 51344, 1260, '15.0', 1, 1),
(45798, 2004, 30004, 51344, 1263, '2013-07-02', 1, 1),
(45799, 2004, 30004, 51344, 1593, 'common', 1, 1),
(45800, 2004, 30004, 51344, 1268, 'From Presto to Webkit, no geolocation', 1, 1),
(45801, 2004, 30004, 51345, 1594, 'Opera 16', 1, 1),
(45802, 2004, 30004, 51345, 1260, '16.0', 1, 1),
(45803, 2004, 30004, 51345, 1263, '2013-08-27', 1, 1),
(45804, 2004, 30004, 51345, 1593, 'common', 1, 1),
(45806, 2004, 30004, 51346, 1594, 'Opera 17', 1, 1),
(45807, 2004, 30004, 51346, 1260, '17.0', 1, 1),
(45808, 2004, 30004, 51346, 1263, '2013-10-08', 1, 1),
(45809, 2004, 30004, 51346, 1593, 'common', 1, 1),
(45810, 2004, 30004, 51346, 1268, 'rocker gestures', 1, 1),
(45811, 2004, 30004, 51347, 1594, 'Opera 18', 1, 1),
(45812, 2004, 30004, 51347, 1260, '18.0', 1, 1),
(45813, 2004, 30004, 51347, 1263, '2013-11-19', 1, 1),
(45814, 2004, 30004, 51347, 1593, 'common', 1, 1),
(45815, 2004, 30004, 51347, 1268, 'theme support', 1, 1),
(45816, 2004, 30004, 51348, 1594, 'Opera 19', 1, 1),
(45817, 2004, 30004, 51348, 1260, '19.0', 1, 1),
(45818, 2004, 30004, 51348, 1263, '2014-01-28', 1, 1),
(45819, 2004, 30004, 51348, 1593, 'common', 1, 1),
(45820, 2004, 30004, 51348, 1268, 'extended theme support', 1, 1),
(45821, 2004, 30004, 51345, 1268, 'return of geolocation', 1, 1),
(45822, 2013, 30018, 51334, 1912, 'true', 1, 1),
(45823, 2044, 30003, 50503, 1928, 'true', 1, 1),
(45824, 2044, 30001, 50006, 1958, 'true', 1, 1),
(45825, 2044, 30001, 50006, 2000, 'true', 1, 1),
(45826, 2044, 30001, 50006, 2001, 'true', 1, 1),
(45827, 2044, 30001, 50006, 2054, 'true', 1, 1),
(45828, 2008, 30003, 50015, 2055, 'false', 1, 1),
(45829, 2008, 30003, 50015, 2056, 'false', 1, 1),
(45830, 2008, 30003, 50015, 2057, '2', 1, 1),
(45831, 2008, 30006, 50775, 2057, '2', 1, 1),
(45832, 2008, 30006, 50775, 2056, 'false', 1, 1),
(45833, 2008, 30006, 50775, 2055, 'false', 1, 1);
INSERT INTO `clients_properties` (`id`, `components_id`, `clients_id`, `clients_versions_id`, `properties_id`, `property_value`, `num_tests`, `confidence`) VALUES
(45834, 2008, 30006, 50775, 1854, 'true', 1, 1),
(45835, 2008, 30006, 50775, 1498, 'false', 1, 1),
(45836, 2008, 30006, 50775, 1499, '12', 1, 1),
(45837, 2008, 30157, 50927, 1499, '60', 1, 1),
(45838, 2008, 30157, 50927, 2055, 'false', 1, 1),
(45839, 2008, 30157, 50927, 2056, 'false', 1, 1),
(45840, 2008, 30157, 50927, 2057, '2', 1, 1),
(45841, 2008, 30001, 50007, 2057, '10', 1, 1),
(45842, 2008, 30001, 50007, 2056, 'false', 1, 1),
(45843, 2008, 30001, 50007, 2055, 'false', 1, 1),
(45845, 2008, 30005, 50069, 2056, 'false', 1, 1),
(45846, 2008, 30005, 50069, 2055, 'false', 1, 1),
(45847, 2008, 30005, 50069, 2057, '2', 1, 1),
(45848, 2008, 30005, 50069, 1854, 'true', 1, 1),
(45849, 2008, 30005, 50069, 1498, 'false', 1, 1),
(45850, 2008, 30005, 50069, 1499, '81', 1, 1),
(45851, 2008, 30004, 50080, 1499, '0', 1, 1),
(45852, 2008, 30004, 50080, 1854, 'true', 1, 1),
(45853, 2008, 30004, 50080, 2057, '0', 1, 1),
(45854, 2008, 30004, 50080, 1498, 'false', 1, 1),
(45855, 2008, 30004, 50080, 2056, 'false', 1, 1),
(45856, 2004, 30026, 51349, 1594, 'Blackberry 10.3', 1, 1),
(45857, 2004, 30026, 51349, 1260, '10.3', 1, 1),
(45858, 2004, 30026, 51349, 1263, '2015-03-31', 1, 1),
(45859, 2004, 30026, 51349, 1593, '15001', 1, 1),
(45860, 2004, 30026, 51349, 1268, '', 1, 1),
(45864, 2005, 30001, 50009, 1211, 'false', 1, 1);

-- --------------------------------------------------------

--
-- Table structure for table `clients_versions`
--

CREATE TABLE IF NOT EXISTS `clients_versions` (
  `id` int(11) NOT NULL AUTO_INCREMENT,
  `versionname` varchar(40) NOT NULL COMMENT 'matches versionname in ''properties''',
  `version` varchar(40) NOT NULL,
  `releasedate` date NOT NULL,
  `comments` varchar(255) NOT NULL,
  `clients_id` int(11) NOT NULL,
  `searchgroup_id` int(11) NOT NULL,
  PRIMARY KEY (`id`),
  KEY `clients_id` (`clients_id`),
  KEY `searchgroup_id` (`searchgroup_id`)
) ENGINE=InnoDB  DEFAULT CHARSET=latin1 AUTO_INCREMENT=51350 ;

--
-- Dumping data for table `clients_versions`
--

INSERT INTO `clients_versions` (`id`, `versionname`, `version`, `releasedate`, `comments`, `clients_id`, `searchgroup_id`) VALUES
(50000, 'MSIE 1.0', '1.0', '1995-08-16', 'reworked version of spyglass mosaic', 30001, 15004),
(50002, 'MSIE 2.0', '2.0', '1995-11-22', 'Jscript, first mac PPC version, SSL, cookies, VRML, RSA', 30001, 15004),
(50003, 'MSIE 3.0', '3.0', '1996-08-13', 'partial CSS, ActiveX controls, Java applets, inline multimedia, and the PICS system for content metadata', 30001, 15004),
(50005, 'MSIE 4.0', '4.0', '1997-03-18', 'Trident engine, DMTML', 30001, 15004),
(50006, 'MSIE 5.5', '5.5', '2000-07-08', 'last macintosh version', 30001, 15004),
(50007, 'MSIE 6.0', '6.0', '2001-08-27', 'DHTML enhancements, content restricted inline frames, and partial support of CSS level 1, DOM level 1, and SMIL 2.0', 30001, 15003),
(50008, 'MSIE 7.0', '7.0', '2006-10-18', 'PNG alpha, web standards, tabbed browsing with tab preview and management, a multiple-engine search box', 30001, 15003),
(50009, 'MSIE 8.0', '8.0', '2009-03-19', 'improved web standards, RSS, CSS, and Ajax support', 30001, 15000),
(50010, 'MSIE 9.0', '9.0', '2011-03-14', 'improved JavaScript Chakra engine,better Acid3 test, some CSS3, HTML5 standards', 30001, 15000),
(50011, 'MSIE 10.0', '10.0', '2012-10-26', 'improved CSS3, gradients, HTML5', 30001, 15000),
(50012, 'MSIE 11.0', '11.0', '2013-10-17', 'SPDY, WebGL', 30001, 15000),
(50013, 'Firefox 1.0', '1.0', '2007-11-09', 'First public release of browser', 30003, 15004),
(50014, 'Firefox 1.5', '1.5', '2005-12-29', 'Gecko 1.8, SVG 1.1, canvas tag', 30003, 15004),
(50015, 'Firefox 2.0', '2.0', '2006-10-24', 'microsummaries, JavaScript 1.7, SVG text', 30003, 15004),
(50016, 'Firefox 3.0', '3.0', '2008-06-17', 'canvas transform, drag and drop, animated PNG, microforms, JS 1.8', 30003, 15004),
(50017, 'Firefox 3.5', '3.5', '2009-06-30', 'html5 audio html5 video, @font-face, CSS media queries, opacity, text-shadow', 30003, 15004),
(50018, 'Firefox 3.6', '3.6', '2010-01-21', 'CSS3 gradients, multiple backgrounds, background-size, WOFF font, pointer-events, rem, text-align', 30003, 15004),
(50019, 'Firefox 4.0', '4.0', '2011-03-22', 'HTML5, HTML5 forms, WebSockets', 30003, 15003),
(50020, 'Firefox 5.0', '5.0', '2011-06-21', 'accessKey, CSS3 animations', 30003, 15003),
(50021, 'Firefox 6.0', '6.0', '2011-08-16', 'HTML5 progress, track, orientation, touch events', 30003, 15003),
(50022, 'Firefox 7.0', '7.0', '2011-09-27', 'Direct 2d Azure canvas, CSS text-overflow', 30003, 15003),
(50023, 'Firefox 8.0', '8.0', '2011-11-08', 'blobbuilder, resolution, scaled SVG background', 30003, 15003),
(50024, 'Firefox 9.0', '9.0', '2011-12-20', 'CSS3 font-stretch, columns, fullScreen API', 30003, 15003),
(50025, 'Firefox 10.0', '10.0', '2012-01-31', 'HTML5 bdi, DOM3 event.stopImmediately, Page Visibility API', 30003, 15003),
(50026, 'Firefox 11.0', '11.0', '2012-03-13', 'element.outerHTML, window.navigator.mozVibrate(), battery API, requestAnimationFrame', 30003, 15003),
(50027, 'Firefox 12.0', '12.0', '2012-04-24', 'network information API, web telephony API, webSMS API, Screen brightness API', 30003, 15003),
(50028, 'Firefox 13.0', '13.0', '2012-06-05', 'change in UA string', 30003, 15003),
(50029, 'Firefox 14.0', '14.0', '2012-07-07', 'updates to DOM, CSS, MathML', 30003, 15003),
(50030, 'Firefox 15.0', '15.0', '2012-08-28', 'FileHandle API', 30003, 15003),
(50031, 'Firefox 16.0', '16.0', '2012-10-09', 'standard CSS animation, meter element support', 30003, 15003),
(50032, 'Firefox 17.0', '17.0', '2012-11-20', 'iframe sandbox', 30003, 15003),
(50033, 'Firefox 18.0', '18.0', '2013-01-08', 'window.devicePixelRatio', 30003, 15003),
(50034, 'Firefox 19.0', '19.0', '2013-02-09', 'viewport-relative vh, vw, vmin, vmax', 30003, 15000),
(50035, 'Firefox 20.0', '20.0', '2013-04-02', 'support for download attribute on links and area, flexbox', 30003, 15000),
(50036, 'Firefox 21.0', '21.0', '2013-05-14', 'scoped in style element', 30003, 15000),
(50049, 'Chrome 1', '1.0', '2008-12-11', 'first stable release', 30018, 15004),
(50050, 'Chrome 2', '2.0', '2009-05-24', '', 30018, 15004),
(50051, 'Chrome 3', '3.0', '2009-10-12', 'HTML5 audio and video', 30018, 15004),
(50052, 'Chrome 4', '4.0', '2010-01-25', '', 30018, 15004),
(50053, 'Chrome 5', '5.0', '2010-05-21', 'integrated Flash, GeoLocation', 30018, 15004),
(50054, 'Chrome 6', '6.0', '2010-09-02', 'WebM video', 30018, 15004),
(50055, 'Chrome 7', '7.0', '2010-10-01', 'HTML5, file API', 30018, 15004),
(50056, 'Chrome 8', '8.0', '2010-12-02', 'PDF viewer inside built-in sandbox', 30018, 15004),
(50057, 'Chrome 9', '9.0', '2011-02-03', 'WebGL enabled by default, WebP support', 30018, 15004),
(50058, 'Chrome 10', '10.0', '2011-03-08', 'GPU accelerated video, webNavigation extension API', 30018, 15004),
(50059, 'Chrome 11', '11.0', '2011-04-27', 'HTML5 Speech Input API', 30018, 15004),
(50060, 'Chrome 12', '12.0', '2011-06-07', 'Hardware accelerated 3D CSS.', 30018, 15004),
(50061, 'Chrome 13', '13.0', '2011-08-02', '', 30018, 15004),
(50062, 'Chrome 14', '14.0', '2011-09-16', 'Web Audio API, Web Request extension API', 30018, 15004),
(50063, 'Chrome 15', '15.0', '2011-12-13', 'JavaScript fullscreen API enabled by default', 30018, 15004),
(50064, 'Chrome 16', '16.0', '2011-12-13', '', 30018, 15004),
(50065, 'Chrome 17', '17.0', '2012-02-08', 'New extensions APIs', 30018, 15004),
(50066, 'Safari 1.0', '1.0', '2003-06-23', '', 30005, 15004),
(50067, 'Safari 2.0', '2.0', '2005-04-29', '', 30005, 15004),
(50068, 'Safari 3.0', '3.0', '2007-06-11', '', 30005, 15004),
(50069, 'Safari 3.1', '3.1', '2008-03-18', '', 30005, 15003),
(50070, 'Safari 4.0', '4.0', '2009-02-24', 'acid3 score pass', 30005, 15003),
(50071, 'Safari 5.0', '5.0', '2010-06-07', 'HTML5', 30005, 15000),
(50072, 'Safari 5.1', '5.1', '2011-07-20', '', 30005, 15000),
(50073, 'Opera 2.0', '2.0', '1996-12-09', 'NNTP client,SMTP client, no JS', 30004, 15004),
(50074, 'Opera 3.0', '3.0', '1997-12-01', 'JavaScript, HTML2, SSL', 30004, 15004),
(50075, 'Opera 3.5', '3.5', '1998-11-08', 'Elektra, File upload, CSS1', 30004, 15004),
(50076, 'Opera 4.0', '4.0', '2000-06-28', 'DHTML, SSL 2 and 3, CSS1, CSS2, XML, HTML 4.0, HTTP 1.1, ECMAScript and JavaScript 1.3 support, XML 1.0', 30004, 15004),
(50077, 'Opera 5.0', '5.0', '2000-12-06', 'first free download', 30004, 15004),
(50078, 'Opera 5.1', '5.1', '2001-04-10', 'XHTML, noscript', 30004, 15004),
(50079, 'Opera 6.0', '6.0', '2001-12-18', 'unicode, PNG alpha transparency', 30004, 15004),
(50080, 'Opera 7.0', '7.0', '2003-01-28', 'Presto,DOM Level 2, WML 1.3 and 2.0 support', 30004, 15004),
(50082, 'Opera 7.2', '7.2', '2003-09-23', 'DOM, CSS-DOM, media queries', 30004, 15003),
(50083, 'Opera 8.0', '8.0', '2005-04-19', 'SVG, Ajax, auto updates', 30004, 15003),
(50084, 'Opera 8.5', '8.5', '2005-09-20', 'first completely free release', 30004, 15003),
(50085, 'Opera 9.0', '9.0', '2006-06-20', 'canvas, webforms, Acid2, xml 1.1, Presto 2.0', 30004, 15003),
(50086, 'Opera 9.5', '9.5', '2008-06-12', 'dragonfly, SVG, MathML, Presto 2.1', 30004, 15003),
(50087, 'Opera 10.0', '10.0', '2009-09-01', 'Acid3, CSS selectors,Presto 2.2, SVG fonts', 30004, 15003),
(50088, 'Opera 10.5', '10.5', '2010-03-02', 'JSON, Presto 2.5, CSS 2.1 visibility: collapse  CSS3 border-radius, CSS3 Backgrounds, Borders, CSS3 Transforms, Transitions  HTML5 <video>,  Web Storage: session and local, Carakan JavaScript', 30004, 15003),
(50089, 'Opera 10.6', '10.6', '2010-07-01', 'resto 2.6, Geolocation services, Offline Web Applications, Web Workers, WebM', 30004, 15003),
(50090, 'Opera 11.0', '11.0', '2010-12-16', 'Presto 2.7, WebSockets, CSS3 text, HTML5', 30004, 15003),
(50091, 'Opera 11.1', '11.1', '2011-04-12', 'Presto 2.8, CSS cursor, multi-column, gradients, WOFF', 30004, 15000),
(50092, 'Opera 11.5', '11.5', '2011-06-28', 'Presto 2.9,HTML5 dataset', 30004, 15000),
(50093, 'Opera 11.6', '11.6', '2011-12-06', 'Presto 2.10, microdata, ECMAScript 5, CSS radial gradient', 30004, 15000),
(50094, 'Opera 12.0', '12.0', '2012-06-14', 'CSS3 gradients, CORS, transforms, animations,Fullscreen API  Page Visibility API  WebSockets', 30004, 15000),
(50095, 'Opera 11.61', '11.61', '2012-01-04', '', 30004, 15000),
(50096, 'Opera 12.1', '12.1', '2012-11-06', 'SPDY, fullscreen API, Page visibility API, WebSockets', 30004, 15000),
(50097, 'Opera Mini 1', '1.0', '2006-01-24', 'first worldwide release', 30020, 15003),
(50098, 'Opera Mini 2', '2.0', '2006-05-03', 'improved rendering', 30020, 15003),
(50099, 'Opera Mini 3', '3.0', '2006-11-28', 'MIDP 1, MIDP 2, MDIP 2 still available for very old mobiles', 30020, 15003),
(50100, 'Opera Mini 4', '4.0', '2007-11-27', 'first one with desktop rendering option, rewritten code', 30020, 15003),
(50101, 'Opera Mini 5', '5.0', '2009-08-16', '', 30020, 15001),
(50102, 'Opera Mini 6', '6.0', '2011-03-23', '', 30020, 15001),
(50103, 'Opera Mobile 6', '6.0', '2003-06-25', 'Presto based', 30022, 15003),
(50104, 'Opera Mobile 6.10', '6.1', '2003-10-27', 'wap support, proxy support, multiple languages', 30022, 15003),
(50106, 'Opera Mini 2 MIDP 1', '2.0', '2006-05-03', '', 30024, 15001),
(50107, 'Opera Mini 3 MIDP 1', '3.0', '2006-11-03', '', 30024, 15001),
(50108, 'Opera Mini 1 MIDP 1', '1.0', '2006-01-24', '', 30024, 15001),
(50109, 'Chrome 18', '18.0', '2012-03-28', 'Hardware-accelerated Canvas2D graphics', 30018, 15004),
(50110, 'Chrome 19', '19.0', '2012-05-15', 'ECMA6, Web Intents API', 30018, 15004),
(50111, 'Chrome 20', '20.0', '2012-06-26', '', 30018, 15004),
(50112, 'Chrome 21', '21.0', '2012-07-31', 'Media Stream API, GamePad API, pointer and hover CSS Media Queries', 30018, 15004),
(50113, 'Chrome 22', '22.0', '2012-09-25', 'TLS 1.1', 30018, 15003),
(50114, 'Chrome 23', '23.0', '2012-11-26', 'energy efficient video playback', 30018, 15003),
(50115, 'Chrome 24', '24.0', '2013-01-10', 'MathML, CSS Custom Filters API', 30018, 15003),
(50116, 'Chrome 25', '25.0', '2013-02-21', 'Opus audio, VP9 video, Web Speech API, disabled MathML', 30018, 15003),
(50117, 'Chrome 26', '26.0', '2013-03-26', '', 30018, 15003),
(50118, 'Chrome 27', '27.0', '2013-05-21', 'Faster page loads, syncFileSystem', 30018, 15003),
(50119, 'Chrome 28', '28.0', '2013-06-17', 'Replaced WebKit with Blink, a fork of WebKit', 30018, 15003),
(50120, 'Chrome 29', '29.0', '2013-06-25', 'Web RTC, QUIC support, TLS 1.2', 30018, 15003),
(50129, 'Netscape 1.0', '1.0', '1994-12-15', 'first release', 30006, 15004),
(50130, 'Netscape 2.0', '2.0', '1995-09-18', 'JavaScript support', 30006, 15004),
(50131, 'Netscape 3.0', '3.0', '1996-08-19', '', 30006, 15004),
(50132, 'Netscape 4.0', '4.0', '1997-06-11', 'Last release of Netscape', 30006, 15004),
(50145, 'iOS 1.0 Mobile Safari', '1.0', '2008-03-06', 'first release', 30023, 15003),
(50146, 'iOS 2.0 Mobile Safari', '2.0', '2009-01-01', 'approx release date', 30023, 15003),
(50147, 'iOS 3.0 Mobile Safari', '3.0', '2009-06-17', '', 30023, 15003),
(50148, 'iOS 4.0 Mobile Safari', '4.0', '2010-06-21', '', 30023, 15003),
(50149, 'iOS 4.2 Mobile Safari', '4.2', '2010-11-22', 'full ipad compatibility, chinese URL support', 30023, 15001),
(50150, 'iOS 5.0 Mobile Safari', '5.0', '2011-06-06', '', 30023, 15001),
(50151, 'iOS 6.0 Mobile Safari', '6.0', '2012-06-11', '', 30023, 15001),
(50152, 'iOS 7.0 Mobile Safari', '7.0', '2013-06-10', '', 30023, 15001),
(50153, 'iOS 3.2 iPad Mobile Safari', '3.2', '2010-04-03', 'iPad specific release', 30023, 15001),
(50154, 'Blackberry 7.0', '7.0', '2011-08-11', '', 30026, 15001),
(50155, 'Blackberry 10.1', '10.1', '2013-05-01', '', 30026, 15001),
(50156, 'Blackberry 3.0', '3.0', '2002-03-11', 'basic web browsing', 30026, 15004),
(50157, 'Blackberry 4.0', '4.0', '2004-01-01', 'color screens, better web browsing', 30026, 15004),
(50158, 'Blackberry 5.0', '5.0', '2008-08-04', '', 30026, 15001),
(50159, 'Blackberry 6.0', '6.0', '2010-04-01', '', 30026, 15001),
(50160, 'Safari 6.0', '6.0', '2012-07-25', '-webkit-calc()', 30005, 15000),
(50161, 'Safari 7.0', '7.0', '2013-10-22', '', 30005, 15000),
(50162, 'Opera Mobile 8.0', '8.0', '2005-07-13', 'DHTML, improved web standard support', 30022, 15003),
(50163, 'Opera Mobile 8.6', '8.6', '2006-04-05', 'SVG support', 30022, 15003),
(50164, 'Opera Mobile 9.5', '9.5', '2008-02-05', '', 30022, 15003),
(50165, 'Opera Mobile 10.0', '10.0', '2009-11-02', 'first consistent ability across all Opera browsers', 30022, 15003),
(50166, 'Opera Mobile 11.0', '11.0', '2011-03-22', 'first android version', 30022, 15001),
(50167, 'Opera Mobile 12.0', '12.0', '2012-02-27', 'last Presto version', 30022, 15001),
(50168, 'Opera Mobile 14.0', '14.0', '2013-05-27', 'webkit based browser', 30022, 15001),
(50169, 'Opera Mobile 11.5', '11.5', '2011-11-02', '', 30022, 15001),
(50500, 'Cello 1.0', '1.0', '1994-02-17', 'Original release', 30017, 15004),
(50501, 'Cello 1.01a', '1.01a', '1994-03-17', 'Final release of the browser', 30017, 15004),
(50502, 'Blackberry 10.2', '10.2', '2013-10-23', 'support for H.264', 30026, 15001),
(50503, 'Firefox 22.0', '22.0', '2013-06-25', 'WebRTC, CSS FlexBox by default', 30003, 15000),
(50504, 'Firefox 23.0', '23.0', '2013-08-06', 'blink tag dripped, input type=range implemented', 30003, 15000),
(50505, 'Firefox 24.0', '24.0', '2013-09-12', 'better SVG rendering', 30003, 15000),
(50506, 'Chrome 30', '30.0', '2013-10-01', 'addresses multiple security problems', 30018, 15003),
(50507, 'Chrome 32', '32.0', '2014-01-14', '', 30018, 15000),
(50557, 'MSIE 5.0', '5.0', '1999-03-18', 'XMLHttpRequest, bi-directional text, ruby characters, XML, XSLT, compatibility mode', 30001, 15004),
(50558, 'MSIE 2.0 Mac', '2.0', '1996-01-23', 'supported aiff, wav, quicktime, avi', 30043, 15004),
(50559, 'MSIE 3.0 Mac', '3.0', '1997-01-08', 'SSL, HTML 3.2, CSS 1', 30043, 15004),
(50560, 'MSIE 4.0 Mac', '4.0', '1998-01-06', 'Dynamic HTML DOM 0', 30043, 15004),
(50561, 'MSIE 4.5 Mac', '4.5', '1999-01-01', '', 30043, 15004),
(50562, 'MSIE 5.0 Mac', '5.0', '2000-03-27', 'HTML 4.0, CSS 1, DOM 1, ECMA', 30043, 15004),
(50563, 'MSIE 5.1 Mac', '5.1', '2003-06-16', 'OS 8, 9', 30043, 15004),
(50564, 'MSIE 5.2 Mac', '5.2', '2003-07-07', 'OS X (final version)', 30043, 15004),
(50565, 'Opera Mini 7', '7.0', '2012-06-26', '', 30020, 15000),
(50566, 'UC Browser 6.0', '6.0', '2008-05-01', '', 30044, 15004),
(50567, 'UC Browser 7.0', '7.0', '2009-12-30', '', 30044, 15004),
(50568, 'UC Browser 7.1', '7.1', '2010-02-21', '', 30044, 15004),
(50569, 'UC Browser 7.2', '7.2', '2010-03-24', '', 30044, 15003),
(50570, 'UC Browser 7.3', '7.3', '2010-07-16', '', 30044, 15003),
(50571, 'UC Browser 7.4', '7.4', '2010-11-03', '', 30044, 15003),
(50572, 'UC Browser 7.5', '7.5', '2010-12-03', '', 30044, 15003),
(50573, 'UC Browser 7.6', '7.6', '2011-03-16', '', 30044, 15003),
(50574, 'UC Browser 7.7', '7.7', '2011-05-12', '', 30044, 15003),
(50575, 'UC Browser 7.8', '7.8', '2011-09-16', 'INCORRECT REL DATE', 30044, 15003),
(50576, 'UC Browser 7.9', '7.9', '2011-12-15', 'INCORRECT REL DATE, possibly sept', 30044, 15003),
(50577, 'UC Browser 8.0', '8.0', '2012-01-05', 'INCORRECT DATE', 30044, 15001),
(50578, 'UC Browser 8.1', '8.1', '2012-02-08', 'INCORRECT DATE', 30044, 15001),
(50579, 'UC Browser 8.2', '8.2', '2012-04-12', 'INCORRECT DATE', 30044, 15001),
(50580, 'UC Browser 8.3', '8.3', '2012-05-14', '', 30044, 15001),
(50581, 'UC Browser 8.4', '8.4', '2012-05-17', '', 30044, 15001),
(50582, 'UC Browser 8.5', '8.5', '2012-09-20', '', 30044, 15001),
(50583, 'UC Browser 8.6', '8.6', '2012-11-06', '', 30044, 15001),
(50584, 'UC Browser 8.7', '8.7', '2012-11-08', 'INCORRECT DATE', 30044, 15001),
(50585, 'UC Browser 8.8', '8.8', '2012-12-08', '', 30044, 15001),
(50586, 'UC Browser 8.9', '8.9', '2013-01-24', '', 30044, 15001),
(50587, 'UC Browser 9.0', '9.0', '2013-04-03', '', 30044, 15001),
(50588, 'UC Browser 9.1', '9.1', '2013-06-25', '', 30044, 15001),
(50589, 'UC Browser 9.2', '9.2', '2013-07-19', '', 30044, 15001),
(50590, 'UC Browser 9.3', '9.3', '2013-09-25', '', 30044, 15001),
(50591, 'UC Browser 9.4', '9.4', '2013-11-18', '', 30044, 15001),
(50592, 'UC Browser 9.5', '9.5', '2013-11-26', '', 30044, 15001),
(50594, 'Netfront 3.0', '3.0', '2001-09-10', 'first mention of beta', 30046, 15004),
(50595, 'Netfront 3.1', '3.1', '2002-07-24', 'oldest reference to 3.1', 30046, 15004),
(50596, 'Netfront 3.2', '3.2', '2004-09-08', 'oldest reference to 3.2', 30046, 15004),
(50597, 'Netfront 3.3', '3.3', '2005-01-20', '', 30046, 15003),
(50598, 'Netfront 3.4', '3.4', '2007-12-05', '', 30046, 15003),
(50599, 'Netfront 3.5', '3.5', '2008-02-08', '', 30046, 15003),
(50600, 'Netfront 4.0', '4.0', '2010-01-14', '20x faster javascript', 30046, 15003),
(50601, 'Netfront 4.1', '4.1', '2010-10-18', '', 30046, 15003),
(50602, 'Netfront 4.2', '4.2', '2011-03-11', '', 30046, 15003),
(50603, 'Netfront Life 2.2', '2.2', '2010-11-17', '', 30086, 15000),
(50605, 'Netfront Life 2.3', '2.3', '2011-05-11', '', 30086, 15000),
(50607, 'Opera Mobile 15.0', '15.0', '2013-07-01', 'android release', 30022, 15001),
(50608, 'Opera Mobile 16.0', '16.0', '2013-09-01', 'android release', 30022, 15001),
(50609, 'Opera Mobile 18.0', '18.0', '2013-11-20', '', 30022, 15001),
(50610, 'Coast 1.0', '1.0', '2013-07-09', 'first release, some bugs', 30087, 15000),
(50611, 'Chrome for Android 16', '16.0', '2012-02-07', 'Beta release', 30088, 15001),
(50612, 'Chrome for Android 18', '18.0', '2012-06-27', 'First production release, on Intel systems', 30088, 15001),
(50613, 'Chrome for Android 25', '25.0', '2013-02-27', '', 30088, 15001),
(50614, 'Chrome for Android 26', '26.0', '2013-04-03', '', 30088, 15001),
(50615, 'Chrome for Android 27', '27.0', '2013-04-25', '', 30088, 15001),
(50616, 'Chrome for Android 28', '28.0', '2013-05-22', '', 30088, 15001),
(50617, 'Chrome for iOS 19', '19,0', '2012-06-28', 'first stable release for iOS', 30089, 15001),
(50619, 'Chrome for iOS 21', '21.1', '2012-08-22', '', 30089, 15001),
(50621, 'Chrome for iOS 23', '23.0', '2012-11-28', '', 30089, 15001),
(50623, 'Chrome for iOS 25', '25.0', '2013-03-04', '', 30089, 15001),
(50624, 'Chrome for iOS 26', '26.0', '2013-04-09', '', 30089, 15001),
(50625, 'Chrome for iOS 27', '27.0', '2013-06-13', '', 30089, 15001),
(50626, 'Chrome for iOS 28', '28.0', '2013-07-17', '', 30089, 15001),
(50627, 'Chrome for iOS 29', '29.0', '2013-08-17', '', 30089, 15001),
(50628, 'Chrome for iOS 30', '30.0', '2013-09-18', '', 30089, 15001),
(50629, 'Chrome for iOS 31', '31.0', '2013-11-20', '', 30089, 15001),
(50630, 'Chrome OS 8', '8.0', '2011-01-12', '', 30090, 15000),
(50631, 'Chrome OS 10', '10.0', '2011-03-08', '', 30090, 15000),
(50632, 'Chrome OS 11', '11.0', '2011-02-05', '', 30090, 15000),
(50633, 'Chrome OS 12', '12.0', '2011-07-06', '', 30090, 15000),
(50634, 'Chrome OS 13', '13.0', '2011-08-04', '', 30090, 15000),
(50635, 'Chrome OS 14', '14.0', '2011-09-20', '', 30090, 15000),
(50636, 'Chrome OS 15', '15.0', '2011-11-09', '', 30090, 15000),
(50637, 'Chrome OS 16', '16.0', '2011-12-16', '', 30090, 15000),
(50638, 'Chrome OS 17', '17.0', '2012-02-16', '', 30090, 15000),
(50639, 'Chrome OS 18', '18.0', '2012-03-28', '', 30090, 15000),
(50640, 'Chrome OS 19', '19.0', '2012-06-12', '', 30090, 15000),
(50641, 'Chrome OS 20', '20.0', '2012-07-31', '', 30090, 15000),
(50642, 'Chrome OS 21', '21.0', '2012-08-21', '', 30090, 15000),
(50643, 'Chrome OS 22', '22.0', '2012-09-12', 'BETA only', 30090, 15000),
(50644, 'Chrome OS 23', '23.0', '2012-11-02', '', 30090, 15000),
(50645, 'Chrome OS 24', '24.0', '2012-12-12', 'BETA only', 30090, 15000),
(50646, 'Chrome OS 25', '25.0', '2013-02-20', '', 30090, 15000),
(50647, 'Chrome OS 26', '26.0', '2013-04-08', '', 30090, 15000),
(50648, 'Chrome OS 27', '27.0', '2013-05-23', '', 30090, 15000),
(50649, 'Chrome OS 28', '28.0', '2013-07-11', '', 30090, 15000),
(50650, 'Chrome OS 29', '29.0', '2013-08-22', '', 30090, 15000),
(50651, 'Chrome OS 30', '30.0', '2013-10-14', '', 30090, 15000),
(50652, 'Chrome OS 31', '31,0', '2013-11-21', '', 30090, 15000),
(50653, 'Firefox Mobile 1', '1.0', '2010-01-28', 'Includes betas, fennec', 30091, 15003),
(50654, 'Minimo 0.01', '0.01', '2004-12-13', '', 30092, 15004),
(50655, 'Minimo 0.02', '0.02', '2006-01-01', 'estimated release date', 30092, 15004),
(50656, 'Firefox Mobile 4', '4,0', '2011-03-29', 'Also fennec', 30091, 15003),
(50657, 'Firefox Mobile 5', '5.0', '2011-06-21', '', 30091, 15003),
(50658, 'Firefox Mobile 6', '6.0', '2011-08-16', '', 30091, 15003),
(50659, 'Firefox Mobile 7', '7.0', '2011-09-27', '', 30091, 15003),
(50660, 'Firefox Mobile 8', '8.0', '2011-11-08', '', 30091, 15003),
(50661, 'Firefox Mobile 9', '9.0', '2011-12-21', '', 30091, 15003),
(50662, 'Firefox Mobile 10', '10.0', '2012-01-31', '', 30091, 15001),
(50663, 'Firefox Mobile 11', '11.0', '2012-02-16', '', 30091, 15001),
(50664, 'Firefox Mobile 12', '12.0', '2012-03-16', '', 30091, 15001),
(50665, 'Firefox Mobile 13', '13.0', '2012-04-27', '', 30091, 15001),
(50666, 'Firefox Mobile 14', '14.0', '2012-06-26', '', 30091, 15001),
(50667, 'Firefox Mobile 15', '15.0', '2012-08-28', '', 30091, 15001),
(50668, 'Firefox Mobile 16', '16.0', '2012-10-29', '', 30091, 15001),
(50669, 'Firefox Mobile 17', '17.0', '2012-11-19', '', 30091, 15001),
(50670, 'Firefox Mobile 18', '18.0', '2013-01-08', '', 30091, 15001),
(50671, 'Firefox Mobile 19', '19.0', '2013-02-19', '', 30091, 15000),
(50672, 'Firefox Mobile 20', '20.0', '2013-04-02', '', 30091, 15000),
(50673, 'Firefox Mobile 21', '21.0', '2013-05-14', '', 30091, 15000),
(50674, 'Firefox Mobile 22', '22.0', '2013-06-25', '', 30091, 15000),
(50675, 'Firefox Mobile 23', '23.0', '2013-08-06', '', 30091, 15000),
(50676, 'Firefox Mobile 24', '24.0', '2013-09-17', '', 30091, 15000),
(50677, 'Firefox Mobile 25', '25.0', '2013-10-29', '', 30091, 15000),
(50678, 'Firefox Mobile 26', '26.0', '2013-12-10', '', 30091, 15000),
(50679, 'Firefox Mobile 27', '27.0', '2013-12-12', '', 30091, 15000),
(50680, 'Blackberry 3.8', '3.8', '2003-12-01', 'first JavaScript', 30026, 15004),
(50681, 'Openwave V2', '2.0', '1996-12-01', 'Estimate, HDML only, no WAP or WML', 30093, 15004),
(50682, 'Openwave V3', '3.0', '1998-12-01', 'Estimate, HDML only, no WAP or WML', 30093, 15004),
(50683, 'Openwave V4', '4.0', '2000-12-01', 'First WAP and WML, WMLScript', 30093, 15004),
(50684, 'Openwave V5', '5.0', '2002-01-01', '', 30093, 15004),
(50685, 'Openwave V6', '6.0', '2002-12-25', 'XHTML-MP', 30093, 15001),
(50686, 'Openwave V7', '7.0', '2003-02-17', '', 30093, 15001),
(50687, 'Jasmine 0.8', '0.8', '2009-02-01', 'approx, first appearance in user-agent scans', 30094, 15001),
(50688, 'Jasmine 1.0', '1.0', '2009-08-06', 'approx, first appearance in user-agent lists', 30094, 15001),
(50689, 'Kindle 1.0', '1.0', '2008-03-05', 'estimate, amazon help', 30095, 15001),
(50690, 'Kindle 2.0', '2.0', '2009-02-10', 'estimate, amazon help', 30095, 15001),
(50691, 'Kindle 2.1', '2.1', '2009-08-20', 'complete estimate', 30095, 15001),
(50692, 'Kindle 2.3', '2.3', '2009-12-20', 'estimate', 30095, 15001),
(50693, 'Kindle 2.5', '2.5', '2010-01-26', 'estimate', 30095, 15001),
(50694, 'Kindle 3.0', '3.0', '2010-07-28', 'first webkit engine', 30095, 15001),
(50695, 'Silk 1.0', '1.0', '2011-09-28', 'first major version', 30096, 15001),
(50696, 'Silk 2.0', '2.0', '2012-09-26', 'second major version', 30096, 15001),
(50697, 'QQ Browser mini 2.0', '2.0', '2012-01-01', 'weak release estimate', 30097, 15001),
(50699, 'QQ Browser mini 3.0', '3.0', '2012-08-27', 'blackberry', 30097, 15001),
(50701, 'QQ Browser mini 4.0', '4.0', '2013-05-27', '', 30097, 15001),
(50707, 'IEMobile 6.0', '6.0', '2008-08-08', 'based on IE 6', 30099, 15001),
(50708, 'IEMobile 7.0', '7.0', '2010-02-15', 'render comparable to webkit', 30099, 15001),
(50709, 'IEMobile 8.0', '8.0', '2010-12-31', 'estimate', 30099, 15001),
(50710, 'IEMobile 9.0', '9.0', '2011-02-01', '', 30099, 15001),
(50711, 'IEMobile 10.0', '10.0', '2012-06-01', '', 30099, 15001),
(50712, 'Puffin 1.0', '1.0', '2011-01-01', 'oldest mention (facebook)', 30100, 15001),
(50715, 'Puffin 1.5', '1.5', '2011-04-11', 'flash keybboard input, 1.7 bugfix', 30100, 15001),
(50716, 'Puffin 2.0', '2.0', '2012-02-12', '', 30100, 15001),
(50717, 'Puffin 3.0', '3,0', '2013-04-22', '', 30100, 15001),
(50718, 'Dolphin 1.0', '1.0', '2009-11-30', 'estimate, multitouch support', 30101, 15001),
(50719, 'Dolphin HD 2.0', '2.0', '2010-08-01', 'estimate dolphin HD', 30101, 15001),
(50720, 'Dolphin HD 7.0', '7.0', '2011-10-11', 'support for blackberry playbook, Dolphin Mini', 30101, 15001),
(50721, 'Dolphin HD 6.0', '6.0', '2011-07-18', 'ipad support (lower version)', 30101, 15001),
(50722, 'Dolphin HD 5.0', '5.0', '2011-06-01', '', 30101, 15001),
(50723, 'Dolphin HD 3.0', '3.0', '2010-09-27', '', 30101, 15001),
(50724, 'Dolphin HD 4.0', '4.0', '2010-10-28', '', 30101, 15001),
(50726, 'Dolphin Browser Mini 2.0', '2.0', '2011-02-26', '', 30102, 15000),
(50727, 'Dolphin HD 8.0', '8.0', '2012-04-11', 'version 8.7 lost HD moniker', 30101, 15001),
(50728, 'Dolphin 10.0', '10.0', '2013-06-19', '', 30101, 15001),
(50729, 'Dolphin 9.0', '9.0', '2012-10-12', 'new faster rendering engine', 30101, 15001),
(50731, 'Dolfin 1.0', '1.0', '2010-04-01', '', 30104, 15001),
(50732, 'Dolfin 2.0', '2.0', '2011-02-15', 'full html5, wac compatible', 30104, 15001),
(50733, 'Dolfin 3.0', '3.0', '2011-08-01', 'estimate', 30104, 15001),
(50734, 'Tizen 2.0', '2.0', '2013-02-18', 'estimate, earliest reference', 30105, 15001),
(50735, 'Tizen 1.0', '1.0', '2012-04-30', '', 30105, 15001),
(50737, 'Ninesky 1.0', '1.0', '2010-01-01', 'estimate', 30107, 15001),
(50738, 'Ninesky 2.0', '2.0', '2013-01-01', 'estimate', 30107, 15001),
(50739, 'One Browser 3.0', '3.0', '2012-01-01', 'estimate, first listed downloads on english sites', 30108, 15001),
(50740, 'One Browser 2.5', '3.5', '2011-07-01', 'estimate', 30108, 15001),
(50741, 'One Browser 4.0', '4.0', '2013-03-01', 'estimate', 30108, 15001),
(50742, 'DoCoMo 1.0', '1.0', '1999-01-01', 'ancient mobile', 30109, 15004),
(50743, 'DoCoMo 2.0', '2.0', '2009-01-01', '', 30109, 15001),
(50744, 'SEMC Browser 1.0', '1.0', '2002-01-01', 'estimate', 30110, 15004),
(50745, 'SEMC Browser 4.0', '4.0', '2004-08-20', 'estimate', 30110, 15004),
(50746, 'MIB 2.0', '2.0', '2002-01-01', '', 30111, 15004),
(50747, 'Go Browser 2.0', '2.0', '2013-11-20', '', 30112, 15001),
(50748, 'Go Browser 1.6', '1.6', '2013-01-01', '', 30112, 15001),
(50749, 'Go Browser 1.0', '1.0', '2012-08-12', '', 30112, 15001),
(50750, 'Nokia Browser 7.1', '7,1', '2009-08-23', '', 30113, 15001),
(50751, 'Nokia Browser 7.2', '7.2', '2010-08-01', 'flash lite', 30113, 15001),
(50752, 'Nokia Browser 7.3', '7.3', '2011-03-01', 'Symbian Anna', 30113, 15001),
(50753, 'Nokia Browser 7.4', '7.4', '2011-04-01', 'estimate', 30113, 15001),
(50754, 'Nokia Browser 8.0', '8.0', '2011-12-01', 'Last update, includes meego', 30113, 15001),
(50755, 'Nokia Browser s60v1', '3.1', '2005-11-02', 'Introduced WebKit 413, CSS 2.1, JavaScript 1.5', 30114, 15001),
(50756, 'Nokia Browser s60v2', '3.2', '2007-10-01', 'estimate', 30114, 15001),
(50761, 'Nokia s60 WAP 1.0', '1.0', '2002-11-01', '', 30116, 15004),
(50762, 'Nokia s60 WAP 2.0', '2.0', '2003-10-10', '', 30116, 15004),
(50763, 'Nokia s60 WAP 3.0', '3.0', '2004-11-01', '', 30116, 15004),
(50764, 'Nokia  s40 Ovi 1.0', '1.0', '2010-07-01', '', 30115, 15001),
(50765, 'Nokia s40 Ovi 1.4', '1.4', '2011-04-01', '', 30115, 15001),
(50766, 'Nokia s40 Ovi 1.5', '1.5', '2011-10-01', '', 30115, 15001),
(50767, 'Nokia s40 Ovi 1.8', '1.8', '2012-01-01', '', 30115, 15001),
(50768, 'Nokia s40 Ovi 2.0', '2.0', '2012-04-26', 'Major upgrade', 30115, 15001),
(50769, 'Nokia s40 Ovi 3.0', '3.0', '2013-06-01', '', 30115, 15001),
(50770, 'Opera 7.5', '7.5', '2004-05-01', '', 30004, 15004),
(50771, 'Netscape 1.1', '1.1', '1995-04-01', '', 30006, 15004),
(50772, 'Netscape 4.5', '4.5', '1998-10-19', '', 30006, 15004),
(50773, 'Netscape 6.0', '6.0', '2000-11-14', '', 30006, 15004),
(50774, 'Netscape 7.0', '7.0', '2002-08-29', '', 30006, 15004),
(50775, 'Netscape 8.0', '8.0', '2005-05-19', 'overlaps with firefox 1', 30006, 15003),
(50777, 'NCSA Mosaic 1.0', '1.0', '1993-03-01', 'includes betas 1.0 in november', 30117, 15004),
(50778, 'NCSA Mosaic 2.0', '2.0', '1995-10-01', '', 30117, 15004),
(50780, 'NCSA Mosaic 3.0', '3.0', '1997-01-01', 'final version', 30117, 15004),
(50781, 'Flipboard 1.0', '1.0', '2010-12-10', 'initial release', 30118, 15001),
(50782, 'Yandex Mobile 2.0', '2.0', '2013-08-01', 'estimate', 30119, 15001),
(50783, 'Yandex Mobile 1.0', '1.0', '2013-06-18', '', 30119, 15001),
(50784, 'Nokia MeeGo 8.5', '8.5', '2012-02-01', 'linux version, not windows phone browser', 30120, 15001),
(50785, 'N-Gage 1.0', '1.0', '2002-10-07', '', 30121, 15004),
(50786, 'Palm Blazer 1.0', '1.0', '2000-11-01', 'first release, INOPERABLE today', 30123, 15004),
(50787, 'Palm Blazer 2.0', '2.0', '2002-01-01', 'second release, INOPERABLE today', 30123, 15004),
(50788, 'Palm Blazer 3.0', '3.0', '2003-07-06', 'estimate', 30123, 15004),
(50789, 'Palm Blazer 4.0', '4.0', '2004-12-01', ' HTML 4.01, XHTML 1.0, WML 1.3, SSL 3.0, cHTML, JavaScript 1.5, CSS 1.0 and 2.0 (partial', 30123, 15001),
(50790, 'SEMC Browser 4.1', '4.1', '2004-12-31', 'estimate', 30110, 15004),
(50791, 'SEMC Browser 4.2', '4.2', '2005-02-26', 'estimate', 30110, 15004),
(50792, 'Obigo 2.0', '2.0', '2002-01-01', 'estimate', 30124, 15004),
(50793, 'Obigo 3.0', '3.0', '2003-02-01', '', 30124, 15000),
(50794, 'Obigo 4.0', '4.0', '2004-01-01', '', 30124, 15000),
(50795, 'Obigo 5.0', '5.0', '2006-01-01', '', 30124, 15000),
(50796, 'Obigo 7.0', '7.0', '2007-04-01', '', 30124, 15000),
(50797, 'Uzardweb 1.0', '1.0', '2007-02-14', '', 30125, 15001),
(50798, 'Uzardweb 2.0', '2.0', '2010-04-01', 'estimate', 30125, 15001),
(50799, 'Firefox OS 18', '18.0', '2012-12-22', 'initial release', 30126, 15001),
(50800, 'Firefox OS 18.0', '18.1', '2013-10-21', '', 30126, 15001),
(50801, 'Firefox OS 22.0', '22.0', '2013-11-09', '', 30126, 15001),
(50802, 'Firefox OS 23.0', '23.0', '2013-11-15', '', 30126, 15001),
(50803, 'Firefox OS 24.0', '24.0', '2013-11-30', '', 30126, 15001),
(50804, 'Firefox OS 26.0', '26.0', '2013-12-09', '', 30126, 15001),
(50805, 'Playbook 1.0', '1.0', '2011-06-07', '', 30127, 15001),
(50806, 'Playbook 2.0', '2.0', '2012-10-12', '', 30127, 15001),
(50807, 'Flipboard 2.0', '2.0', '2013-03-22', '', 30118, 15001),
(50808, 'PIE 1.0', '1.0', '1996-11-01', 'first release', 30129, 15004),
(50809, 'PIE 2.0', '2.0', '1997-09-01', '', 30129, 15004),
(50810, 'PIE 3.0', '3.0', '1998-11-01', '', 30129, 15004),
(50811, 'PIE 4.0', '4.0', '1999-02-01', 'DHTML support', 30129, 15004),
(50812, 'Palm WebPro 2.0', '2.0', '2002-11-01', 'estimate', 30130, 15004),
(50813, 'Palm WebPro 3.0', '3.0', '2003-10-01', 'estimate', 30130, 15004),
(50814, 'Palm WebPro 3.5', '3.5', '2004-09-01', 'estimate', 30130, 15004),
(50815, 'Universe (WebOS) 1.0', '1.0', '2009-06-05', '', 30131, 15001),
(50816, 'Universe (WebOS) 1.4', '1.4', '2010-02-26', '', 30131, 15001),
(50817, 'Isis (WebOS) 2', '2.0', '2012-02-14', 'actual version are 221 and 234', 30132, 15001),
(50818, 'WebOS Browser 1.0', '1.0', '2009-06-05', '', 30133, 15001),
(50819, 'WebOS Browser 1.3', '1.3', '2009-12-01', '', 30133, 15001),
(50820, 'WebOS Browser 1.4', '1.4', '2010-02-26', '', 30133, 15001),
(50821, 'WebOS Browser 2.0', '2.0', '2010-10-26', '', 30133, 15001),
(50822, 'WebOS Browser 3.0', '3.0', '2012-01-01', '', 30133, 15001),
(50823, 'Polaris 5.0', '5.0', '2006-01-01', '1st browser 2002, but 5.0 first available', 30134, 15004),
(50824, 'Polaris 6.0', '6.0', '2007-04-01', 'ajax support', 30134, 15001),
(50825, 'Polaris 7.0', '7.0', '2009-12-01', '', 30134, 15001),
(50827, 'Lynx 2.0', '2.0', '1993-03-01', '', 30135, 15004),
(50828, 'Lynx 2.2', '2.2', '1994-02-01', '', 30135, 15004),
(50829, 'Lynx 2.3', '2.3', '1994-05-01', '', 30135, 15004),
(50830, 'Lynx 2.4', '2.4', '1995-06-01', '', 30135, 15004),
(50831, 'Lynx 2.6', '2.6', '1996-09-01', '', 30135, 15004),
(50832, 'Lynx 2.7', '2.7', '1997-02-01', '', 30135, 15000),
(50833, 'Lynx 2.8', '2.8', '1998-03-01', '', 30135, 15000),
(50834, 'Amazon WindowShop 1.0', '1.0', '2010-10-01', '', 30136, 15001),
(50835, 'Roccat 2.0', '2.0', '2011-08-01', 'estimate', 30137, 15003),
(50836, 'Roccat 3.0', '3.0', '2012-04-01', '', 30137, 15003),
(50837, 'Skyfire 1.0', '1.0', '2009-05-27', '', 30138, 15004),
(50838, 'Skyfire 1.5', '1.5', '2009-12-01', '', 30138, 15004),
(50839, 'Skyfire 2.0', '2.0', '2010-10-30', 'estimate', 30138, 15003),
(50840, 'Stainless 0.1', '0.1', '2008-11-05', '', 30139, 15003),
(50841, 'Teashark 1.0', '1.0', '2008-03-26', 'inactive servers', 30140, 15008),
(50847, 'Columbus 1.0', '1.0', '2010-12-01', 'estimate', 30143, 15003),
(50848, 'Dooble 1.0', '1.0', '2009-12-01', 'estimate', 30145, 15003),
(50849, 'Dooble 1.3', '1.3', '2011-05-10', 'estimate', 30145, 15003),
(50850, 'Dooble 1.4', '1.4', '2013-01-01', 'estimate', 30145, 15003),
(50851, 'Dooble 1.6', '1.6', '2014-01-01', '', 30145, 15003),
(50852, 'iCab 2.0', '2.0', '1999-02-01', '', 30146, 15004),
(50853, 'iCab 2.5', '2.5', '2000-04-01', '', 30146, 15000),
(50854, 'iCab 3.0', '3.0', '2005-01-01', '', 30146, 15000),
(50855, 'iCab 4.0', '4.0', '2008-02-18', '', 30146, 15000),
(50856, 'iCab 4.5', '4.5', '2009-03-07', '', 30146, 15000),
(50857, 'iCab 4.6', '4.6', '2009-06-07', '', 30146, 15000),
(50858, 'iCab 4.7', '4.7', '2009-10-01', '', 30146, 15000),
(50859, 'iCab 4.8', '4.8', '2010-06-10', '', 30146, 15000),
(50860, 'iCab 5.0', '5.0', '2011-09-09', '', 30146, 15000),
(50861, 'iCab 7.0', '7.0', '2013-06-25', '', 30146, 15000),
(50862, 'Midori 0.2', '0.2', '2010-05-16', '', 30148, 15003),
(50863, 'Midori 0.3', '0.3', '2011-01-11', '', 30148, 15003),
(50864, 'Midori 0.4', '0.4', '2012-09-21', '', 30148, 15003),
(50865, 'Midori 0.5', '0.5', '2012-04-26', '', 30148, 15003),
(50866, 'Midori 0.1', '0.1', '2009-08-01', '', 30148, 15003),
(50867, 'Konqueror 1.0', '1.0', '2000-10-23', '', 30149, 15004),
(50868, 'Konqueror 2.0', '2.0', '2001-08-15', '', 30149, 15004),
(50869, 'Konqueror 3.0', '3.0', '2002-04-15', '', 30149, 15004),
(50870, 'Konqueror 3.1', '3.1', '2003-01-08', '', 30149, 15004),
(50871, 'Konqueror 3.2', '3.2', '2004-02-15', '', 30149, 15004),
(50872, 'Konqueror 3.3', '3.3', '2004-08-09', '', 30149, 15003),
(50873, 'Konqueror 3.4', '3.4', '2005-03-16', '', 30149, 15003),
(50874, 'Konqueror 3.5', '3.5', '2005-11-29', '', 30149, 15003),
(50875, 'Konqueror 4.0', '4.0', '2008-01-11', '', 30149, 15003),
(50876, 'Konqueror 4.1', '4,1', '2008-08-29', '', 30149, 15003),
(50877, 'Konqueror 4.2', '4.2', '2009-01-07', '', 30149, 15003),
(50878, 'Konqueror 4.3', '4.3', '2009-08-04', '', 30149, 15003),
(50879, 'Konqueror 4.4', '4.4', '2010-02-09', '', 30149, 15003),
(50880, 'Konqueror 4.5', '4.5', '2010-05-26', '', 30149, 15000),
(50881, 'Konqueror 4.6', '4.6', '2011-01-26', '', 30149, 15000),
(50882, 'Konqueror 4.7', '4.7', '2011-08-26', '', 30149, 15000),
(50883, 'Konqueror 4.8', '4.8', '2012-01-25', '', 30149, 15000),
(50884, 'Konqueror 4.9', '4.9', '2012-08-01', '', 30149, 15000),
(50885, 'Rekonq 1.0', '1.0', '2012-07-20', '', 30150, 15003),
(50886, 'Rekonq 2.0', '2.0', '2012-12-29', '', 30150, 15003),
(50887, 'Netsurf 1.0', '1.0', '2007-05-19', '', 30151, 15004),
(50888, 'Netsurf 2.0', '2.0', '2009-04-25', '', 30151, 15003),
(50889, 'Netsurf 2.5', '2.5', '2010-04-24', '', 30151, 15003),
(50890, 'Netsurf 2.9', '2.9', '2012-04-28', '', 30151, 15003),
(50891, 'Netsurf 3.0', '3.0', '2013-04-20', '', 30151, 15003),
(50892, 'Leechcraft 0.2', '0.2', '2009-04-19', '', 30152, 15003),
(50893, 'Leechcraft 0.3', '0.3', '2010-12-01', '', 30152, 15003),
(50894, 'Leechcraft 0.5', '0.5', '2013-09-23', '', 30152, 15003),
(50895, 'Leechcraft 0.4', '0.4', '2010-12-10', '', 30152, 15003),
(50896, 'Uzbl 1.x', '1.0', '2009-08-01', '', 30153, 15003),
(50897, 'Uxbl 2.x', '2.0', '2013-05-01', '', 30153, 15003),
(50898, 'QTWeb 1.2', '1.2', '2008-12-02', '', 30154, 15003),
(50899, 'QTWeb 1.5', '1.5', '2009-01-06', '', 30154, 15003),
(50900, 'QTWeb 1.7', '1.7', '2009-02-09', '', 30154, 15003),
(50901, 'QTWeb 2.0', '2.0', '2009-02-23', '', 30154, 15003),
(50902, 'QTWeb 2.5', '2.5', '2009-05-08', '', 30154, 15003),
(50903, 'QTWeb 3.0', '3.0', '2009-07-08', '', 30154, 15003),
(50904, 'QTWeb 3.1', '3.1', '2009-09-11', '', 30154, 15003),
(50905, 'QTWeb 3.3', '3.3', '2010-02-09', '', 30154, 15003),
(50906, 'QTWeb 3.5', '3.5', '2010-10-09', '', 30154, 15003),
(50907, 'QTWeb 3.7', '3.7', '2012-02-02', '', 30154, 15000),
(50908, 'QTWeb 3.8', '3.8', '2013-09-09', '', 30154, 15000),
(50909, 'Qupzilla 1.0', '1.0', '2011-11-08', '', 30155, 15003),
(50910, 'Qupzilla 1.1', '1.1', '2011-12-14', '', 30155, 15003),
(50911, 'Qupzilla 1.2', '1.2', '2012-04-05', '', 30155, 15003),
(50912, 'Qupzilla 1.3', '1.3', '2013-03-11', '', 30155, 15003),
(50913, 'Qupzilla 1.4', '1.5', '2013-09-30', '', 30155, 15003),
(50914, 'Qupzilla 1.6', '1.6', '2014-01-01', '', 30155, 15003),
(50915, 'Cometbird 3.0', '3.0', '2010-09-17', '', 30156, 15003),
(50916, 'Cometbird 4.0', '4.0', '2011-05-11', '', 30156, 15003),
(50917, 'Cometbird 5.0', '5.0', '2011-07-07', '', 30156, 15003),
(50918, 'Cometbird 6.0', '6.0', '2011-09-10', '', 30156, 15003),
(50919, 'Cometbird 7.0', '7.0', '2011-10-08', '', 30156, 15003),
(50920, 'Cometbird 8.0', '8.0', '2011-12-07', '', 30156, 15003),
(50921, 'Cometbird 9.0', '9.0', '2012-11-21', '', 30156, 15003),
(50922, 'Cometbird 11.0', '11.0', '2012-04-10', '', 30156, 15003),
(50923, 'K-Meleon 0.8', '0.8', '2003-11-11', '', 30157, 15004),
(50924, 'K-Meleon 0.9', '0.9', '2005-01-08', '', 30157, 15004),
(50925, 'K-Meleon 1.0', '1.0', '2006-07-15', '', 30157, 15004),
(50926, 'K-Meleon 1.1', '1.1', '2007-05-22', '', 30157, 15003),
(50927, 'K-Meleon 1.5', '1.5', '2008-08-08', '', 30157, 15003),
(50928, 'K-Meleon 1.6', '1.6', '2010-05-05', '', 30157, 15003),
(50929, 'K-Meleon 1.7', '1.7', '2011-12-26', '', 30157, 15003),
(50930, 'Conkeror 1.0', '1.0', '2008-09-01', '', 30158, 15003),
(50931, 'Sunrise 1.0', '1.0', '2007-04-11', 'first release', 30160, 15003),
(50932, 'Sunrise 2.0', '2.0', '2010-01-01', '', 30160, 15003),
(50933, 'Sunrise 1.6', '1.6', '2008-02-17', '', 30160, 15003),
(50934, 'Sunrise 1.5', '1.5', '2007-12-10', '', 30160, 15003),
(50935, 'Sunrise 1.2', '1.2', '2007-07-18', '', 30160, 15003),
(50936, 'Sunrise 1.3', '1.3', '2007-05-01', 'estimate', 30160, 15003),
(50937, 'Sunrise 1.4', '1.4', '2007-06-01', 'estimate', 30160, 15003),
(50938, 'Sunrise 1.7', '1.7', '2008-10-17', '', 30160, 15003),
(50939, 'Sunrise 1.8', '1.8', '2008-05-11', '', 30160, 15003),
(50940, 'Sunrise 2.2', '2.2', '2012-05-01', '', 30160, 15003),
(50941, 'Sundance 1.0', '1.0', '2011-12-01', 'first release, betas earlier that year', 30161, 15003),
(50942, 'Sundance 2.0', '2.0', '2012-06-01', 'estimate', 30161, 15000),
(50943, 'Sundance 3.0', '3.0', '2013-02-01', 'estimate', 30161, 15000),
(50944, 'Skipstone 0.6', '0.6', '2000-10-10', 'first noted release', 30162, 15004),
(50945, 'Skipstone 0.7', '0.7', '2001-04-13', '', 30162, 15004),
(50946, 'Skipstone 0.8', '0.8', '2002-03-08', '', 30162, 15004),
(50947, 'Skipstone 0.9', '0.9', '2004-06-24', 'GTK release', 30162, 15004),
(50948, 'Skipstone 1.0', '1.0', '2008-02-04', '', 30162, 15004),
(50949, 'Amaya 1.0', '1.0', '1997-04-07', 'no javascript', 30163, 15004),
(50950, 'Amaya 2.0', '2.0', '1999-05-03', '', 30163, 15004),
(50951, 'Amaya 3.0', '3.0', '2000-03-31', '', 30163, 15004),
(50952, 'Amaya 4.0', '4.0', '2000-11-10', '', 30163, 15004),
(50953, 'Amaya 5.0', '5.0', '2001-07-04', '', 30163, 15004),
(50954, 'Amaya 6.0', '6.0', '2002-04-23', '', 30163, 15004),
(50955, 'Amaya 7.0', '7.0', '2002-12-03', '', 30163, 15004),
(50956, 'Amaya 8.0', '8.0', '2003-04-23', '', 30163, 15004),
(50957, 'Amaya 9.0', '9.0', '2005-01-06', '', 30163, 15003),
(50958, 'Amaya 10.0', '10.0', '2008-02-26', '', 30163, 15003),
(50959, 'Amaya 11.0', '11.0', '2008-12-16', 'no javascript', 30163, 15003),
(50960, 'Kylo 1.0', '1.0', '2011-09-17', '', 30164, 15003),
(50961, 'Strata 4.0', '4.0', '2008-04-16', '', 30165, 15003),
(50962, 'Strata 4.2', '4.2', '2008-11-04', '', 30165, 15003),
(50963, 'Strata 4.3', '4.3', '2009-04-01', '', 30165, 15003),
(50964, 'Strata 4.4', '4.4', '2010-02-13', '', 30165, 15003),
(50965, 'Strata 4.5', '4.5', '2012-10-10', '', 30165, 15003),
(50966, 'Dillo 0.1', '0.1', '2000-03-30', '', 30166, 15004),
(50967, 'Dillo 0.2', '0.2', '2000-06-07', '', 30166, 15004),
(50968, 'Dillo 0.3', '0.3', '2000-11-13', '', 30166, 15004),
(50969, 'Dillo 0.4', '0.4', '2001-03-03', '', 30166, 15004),
(50970, 'Dillo 0.5', '0.5', '2001-05-10', '', 30166, 15004),
(50971, 'Dillo 0.6', '0.6', '2001-07-31', '', 30166, 15004),
(50972, 'Dillo 0.7', '0.7', '2003-02-17', '', 30166, 15004),
(50973, 'Dillo 0.8', '0.8', '2004-02-08', '', 30166, 15004),
(50974, 'Dillo 2.0', '2.0', '2008-10-04', '', 30166, 15003),
(50975, 'Dillo 2.2', '2.2', '2010-02-11', '', 30166, 15003),
(50976, 'Dillo 3.0', '3.0', '2011-09-16', '', 30166, 15003),
(50977, 'Sunrise 0.4', '0.4', '2007-01-01', 'beta, different UA, estimate', 30160, 15004),
(50978, 'DPlus 0.5', '0.5', '2013-10-13', '', 30167, 15003),
(50979, 'MiniBrowser 5.0', '5.0', '2011-01-01', 'estimate', 30168, 15003),
(50980, 'MiniBrowser 6.0', '6.0', '2012-01-01', 'estimate', 30168, 15003),
(50981, 'MiniBrowser Mobile 1.0', '1.0', '2012-01-01', 'estimate', 30169, 15001),
(50982, 'MiniBrowser Mobile 2.0', '2.0', '2013-01-01', '', 30169, 15001),
(50983, 'MiniBrowser 3.0', '3.0', '2010-01-01', 'estimate', 30168, 15003),
(50984, 'UseJump 0.1', '0.1', '2010-04-03', '', 30170, 15003),
(50985, 'Webian Shell 0.1', '0.1', '2011-01-01', 'estimate', 30171, 15003),
(50986, 'Surf 0.6', '0.6', '2013-02-10', '', 30172, 15003),
(50987, 'Surf 0.5', '0.5', '2012-01-01', 'estimate', 30172, 15003),
(50988, 'Surf 0.4', '0.4', '2011-01-01', 'estimate', 30172, 15003),
(50989, 'InternetSurfboard 1.0', '1.0', '2010-12-22', 'includes betas', 30173, 15003),
(50990, 'Google Earth 5', '5.0', '2009-11-09', '', 30174, 15003),
(50991, 'Google Earth 6', '6.0', '2010-11-29', '', 30174, 15003),
(50992, 'Google Earth 7', '7.0', '2013-03-22', '', 30174, 15003),
(50993, 'Google Earth 3', '3.0', '2006-06-13', '', 30174, 15004),
(50994, 'Google Earth 4', '4.0', '2007-01-07', '', 30174, 15000),
(50995, 'w3m 0.1', '0.1', '2001-04-01', 'estimate', 30175, 15004),
(50996, 'w3m 0.2', '0.2', '2002-01-01', 'estimate', 30175, 15004),
(50997, 'w3m 0.3', '0.3', '2002-03-15', '', 30175, 15004),
(50998, 'w3m 0.4', '0.4', '2003-02-24', '', 30175, 15003),
(50999, 'w3m 0.5', '0.5', '2011-01-15', '', 30175, 15003),
(51000, 'Links 1.0', '1.0', '2002-02-02', 'estimate', 30176, 15003),
(51001, 'Links 2.0', '2.0', '2005-03-04', '', 30176, 15004),
(51002, 'Links 2.1', '2.1', '2005-07-06', '', 30176, 15004),
(51003, 'Links 2.2', '2.2', '2008-08-01', '', 30176, 15004),
(51004, 'Links 2.3', '2.3', '2011-08-14', '', 30176, 15004),
(51005, 'Links 2.4', '2.4', '2011-11-24', '', 30176, 15004),
(51006, 'Links 2.5', '2.5', '2011-12-24', '', 30176, 15004),
(51007, 'Links 2.6', '2.6', '2012-04-09', '', 30176, 15003),
(51008, 'Links 2.7', '2.7', '2012-06-26', '', 30176, 15003),
(51009, 'Links 2.8', '2.8', '2013-09-13', '', 30176, 15003),
(51010, 'Amiga Voyager 3', '3.0', '1999-05-01', '', 30177, 15004),
(51011, 'Amiga Voyager 2', '2.0', '1998-01-01', 'estimate', 30177, 15004),
(51012, 'iCab Mobile 1.0', '1.0', '2009-04-21', '', 30178, 15001),
(51013, 'iCab Mobile 2.0', '2.0', '2009-11-05', '', 30178, 15001),
(51014, 'iCab Mobile 3.0', '3.0', '2010-04-01', '', 30178, 15001),
(51015, 'iCab Mobile 4.0', '4.0', '2010-10-08', '', 30178, 15001),
(51016, 'iCab Mobile 5.0', '5.0', '2011-08-29', '', 30178, 15001),
(51017, 'iCab Mobile 6.0', '6.0', '2012-07-21', '', 30178, 15001),
(51018, 'iCab Mobile 7.0', '7.0', '2013-05-10', '', 30178, 15001),
(51019, 'Atomic Browser 2', '2.0', '2010-03-30', '', 30179, 15001),
(51020, 'Atomic Browser 3', '3.0', '2010-06-13', '', 30179, 15001),
(51021, 'Atomic Browser 4', '4.0', '2011-12-12', '', 30179, 15001),
(51022, 'Atomic Browser 5', '5.0', '2011-01-13', '', 30179, 15001),
(51023, 'Atomic Browser 6', '6.0', '2011-12-13', '', 30179, 15001),
(51024, 'Atomic Browser 7', '7.0', '2014-01-01', '', 30179, 15001),
(51025, 'Mobicip 1.0', '1.0', '2009-02-05', '', 30180, 15001),
(51026, 'Mobicip 2.0', '2.0', '2009-07-30', '', 30180, 15001),
(51027, 'Mobicip 3.0', '3.0', '2012-06-29', '', 30180, 15001),
(51028, 'Mercury Browser 8.0', '8.0', '2014-01-01', '', 30181, 15001),
(51029, 'Camino 0.7', '0.7', '2003-03-06', '', 30182, 15004),
(51030, 'Camino 0.8', '0.8', '2004-06-23', '', 30182, 15004),
(51031, 'Camino 1.0', '1.0', '2006-02-14', '', 30182, 15004),
(51032, 'Camino 1.5', '1.5', '2007-06-15', '', 30182, 15004),
(51033, 'Camino 1.6', '1.6', '2008-04-17', '', 30182, 15004),
(51034, 'Camino 2.0', '2.0', '2009-11-18', '', 30182, 15004),
(51035, 'Camino 2.1', '2.1', '2011-11-09', '', 30182, 15004),
(51036, 'SeaMonkey 1.0', '1.0', '2006-01-10', 'FF 1.5', 30183, 15004),
(51037, 'SeaMonkey 1.1', '1.1', '2007-01-18', 'FF 2.0', 30183, 15004),
(51038, 'SeaMonkey 2.0', '2.0', '2009-10-27', 'FF 3.5', 30183, 15004),
(51039, 'SeaMonkey 2.1', '2.1', '2011-06-10', 'FF 4.0', 30183, 15003),
(51040, 'SeaMonkey 2.2', '2.2', '2011-07-07', 'FF 5.0', 30183, 15003),
(51041, 'SeaMonkey 2.3', '2.3', '2011-08-16', 'FF 5.0', 30183, 15003),
(51042, 'SeaMonkey 2.4', '2.4', '2011-09-27', 'FF 6.0', 30183, 15003),
(51043, 'SeaMonkey 2.5', '2.5', '2011-11-22', 'FF 7.0', 30183, 15003),
(51044, 'SeaMonkey 2.6', '2.6', '2011-12-20', 'FF 9.0', 30183, 15003),
(51045, 'SeaMonkey 2.7', '2.7', '2012-01-31', 'FF 10.0', 30183, 15003),
(51046, 'SeaMonkey 2.8', '2.8', '2012-03-13', 'FF 11.0', 30183, 15003),
(51047, 'SeaMonkey 2.9', '2.9', '2012-04-24', 'FF 12.0', 30183, 15003),
(51048, 'SeaMonkey 2.10', '2.10', '2012-06-06', 'FF 13.0', 30183, 15003),
(51049, 'SeaMonkey 2.11', '2.11', '2012-06-14', 'FF 14.0', 30183, 15003),
(51050, 'SeaMonkey 2.12', '2.12', '2012-08-28', 'FF 15.0', 30183, 15003),
(51051, 'SeaMonkey 2.13', '2.13', '2012-10-09', 'FF 16.0', 30183, 15003),
(51052, 'SeaMonkey 2.14', '2.14', '2012-11-20', '', 30183, 15003),
(51053, 'SeaMonkey 2.15', '2.15', '2013-01-28', '', 30183, 15003),
(51054, 'SeaMonkey 2.16', '2.16', '2013-02-21', '', 30183, 15003),
(51055, 'SeaMonkey 2.17', '2.17', '2013-04-02', '', 30183, 15003),
(51056, 'SeaMonkey 2.18', '2.18', '2013-05-03', '', 30183, 15003),
(51057, 'SeaMonkey 2.19', '2.19', '2013-07-02', '', 30183, 15003),
(51058, 'SeaMonkey 2.20', '2.20', '2013-08-06', '', 30183, 15003),
(51059, 'SeaMonkey 2.21', '2.21', '2013-09-17', '', 30183, 15003),
(51060, 'SeaMonkey 2.22', '2.22', '2013-10-30', '', 30183, 15003),
(51061, 'SeaMonkey 2.23', '2.23', '2013-12-12', '', 30183, 15003),
(51062, 'SeaMonkey 2.24', '2.24', '2014-02-06', '', 30183, 15003),
(51063, 'Galeon 1.0', '1.0', '2001-11-01', 'betas from June 2000', 30184, 15004),
(51064, 'Galeon 1.2', '1.2', '2002-03-12', 'team split november 2002', 30184, 15004),
(51065, 'Galeon 1.3', '1.3', '2005-03-12', '', 30184, 15004),
(51066, 'Galeon 2.0', '2.0', '2004-07-06', '', 30184, 15004),
(51067, 'Epiphany 1.0', '1.0', '2003-09-08', '', 30185, 15004),
(51068, 'Epiphany 1.4', '1.4', '2004-09-13', '', 30185, 15004),
(51069, 'Epiphany 2.1', '2.1', '2006-03-12', 'switch from Gecko to WebKit/GTK', 30185, 15004),
(51070, 'Epiphany 2.2', '2.2', '2007-09-19', '', 30185, 15004),
(51071, 'Epiphany 2.3', '2.3', '2010-03-31', '', 30185, 15003),
(51072, 'Epiphany 3.0', '3.0', '2011-04-16', '', 30185, 15003),
(51073, 'Epiphany 3.2', '3.2', '2011-09-18', '', 30185, 15003),
(51074, 'Epiphany 3.4', '3.4', '2012-03-18', '', 30185, 15003),
(51075, 'Epiphany 3.6', '3.6', '2012-09-26', '', 30185, 15003),
(51076, 'Epiphany 3.8', '3.8', '2013-03-27', '', 30185, 15003),
(51077, 'Epiphany 3.10', '3.10', '2013-09-26', '', 30185, 15003),
(51078, 'Arora 0.2', '0.2', '2008-06-14', '', 30186, 15004),
(51079, 'Arora 0.3', '0.3', '2008-08-04', '', 30186, 15004),
(51080, 'Arora 0.4', '0.4', '2008-10-01', '', 30186, 15004),
(51081, 'Arora 0.5', '0.5', '2009-02-20', '', 30186, 15004),
(51082, 'Arora 0.6', '0.6', '2009-03-30', '', 30186, 15004),
(51083, 'Arora 0.8', '0.8', '2009-05-24', '', 30186, 15004),
(51084, 'Arora 0.9', '0.9', '2009-07-20', '', 30186, 15004),
(51085, 'Arora 0.11 (1.1)', '1.1', '2010-09-27', '', 30186, 15004),
(51086, 'Arora 0.10 (1.0)', '1.0', '2009-10-05', '', 30186, 15004),
(51087, 'Omniweb 4.0', '4.0', '2001-03-01', 'estimate', 30187, 15000),
(51088, 'Omniweb 5.0', '5.0', '2004-07-01', 'estimate', 30187, 15000),
(51089, 'Omniweb 6.0', '6.0', '2013-08-08', 'experimental new release', 30187, 15000),
(51090, 'Camino 0.6', '0.6', '2002-11-01', 'called chimera at this time', 30182, 15004),
(51091, 'Element Browser 5.0', '5.0', '2009-04-01', '', 30188, 15004),
(51092, 'Element Browser 6.0', '6.0', '2010-07-01', '', 30188, 15004),
(51093, 'YRCWebLink 1.0', '1.0', '2012-12-18', '', 30189, 15003),
(51094, 'YRCWebLink 1.1', '1.1', '2013-06-25', '', 30189, 15003),
(51095, 'YRCWebLink 1.2', '1.2', '2013-07-21', '', 30189, 15003),
(51096, 'YRCWebLink 1.3', '1.3', '2013-08-20', '', 30189, 15003),
(51097, 'YRCWebLink 1.4', '1.4', '2013-12-12', '', 30189, 15003),
(51098, 'X-Smiles 1.0', '1.0', '2001-09-01', '', 30190, 15004),
(51099, 'X-Smiles 1.2', '1.2', '2008-04-04', 'last update', 30190, 15004),
(51100, 'My Internet Browser 2.0', '2.0', '2009-03-01', 'estimate', 30191, 15004),
(51101, 'My Internet Browser 3.0', '3.0', '2009-10-01', '', 30191, 15004),
(51102, 'My Internet Browser 4.0', '4.0', '2010-10-20', '', 30191, 15004),
(51103, 'My Internet Browser 5.0', '5.0', '2011-08-15', '', 30191, 15004),
(51104, 'My Internet Browser 6.0', '6.0', '2012-01-04', 'last release', 30191, 15004),
(51105, 'WinWap 1.0', '1.0', '2005-03-03', '', 30192, 15004),
(51106, 'WinWap 2.0', '2.0', '2006-01-01', 'estimate', 30192, 15004),
(51107, 'WinWap 3.0', '3.0', '2007-04-01', '', 30192, 15004),
(51108, 'WinWap 4.0', '4.0', '2008-06-10', '', 30192, 15004),
(51109, 'Doris 1.0', '1.0', '2003-01-01', '', 30193, 15004),
(51110, 'Blackbird 1.0', '1.0', '2008-12-01', '', 30194, 15004),
(51111, 'Beonex 0.8', '0.8', '2002-09-19', '', 30195, 15004),
(51112, 'K-Ninja 2.0', '2.0', '2006-06-03', '', 30196, 15004),
(51113, 'Kazehakase 0.1', '0.1', '2004-01-03', '', 30198, 15004),
(51114, 'Kazehakase 0.2', '0.2', '2004-09-28', '', 30198, 15004),
(51115, 'Kazehakase 0.3', '0.3', '2005-09-29', '', 30198, 15004),
(51116, 'Kazehakase 0.4', '0.4', '2006-09-29', '', 30198, 15004),
(51117, 'Kazehakase 0.5', '0.5', '2007-10-29', '', 30198, 15004),
(51118, 'Oregano', '1.0', '2003-06-06', '', 30199, 15004),
(51119, 'AvantGo 3.0', '3.0', '2001-01-01', 'estimate', 30200, 15004),
(51120, 'AvantGo 4.0', '4.0', '2002-01-01', '', 30200, 15004),
(51121, 'AvantGo 5.0', '5.0', '2003-07-07', '', 30200, 15004),
(51122, 'WebTV 1.0', '1.0', '1998-01-01', 'estimate', 30201, 15004),
(51123, 'WebTV 2.0', '2.0', '2000-01-01', 'minimal javascript', 30201, 15004),
(51124, 'Classilla 9.0', '9.0', '2009-06-01', 'version must be added', 30202, 15004),
(51125, 'Shiira 1.0', '1.0', '2004-04-11', '', 30203, 15004),
(51126, 'Ryouko 1.0', '1.0', '2012-08-06', '', 30204, 15004),
(51127, 'DeskBrowse 1.0', '1.0', '2008-11-05', '', 30205, 15004),
(51128, 'EdBrowse 1.0', '1.0', '2005-06-01', 'Perl version, not supported', 30206, 15004);
INSERT INTO `clients_versions` (`id`, `versionname`, `version`, `releasedate`, `comments`, `clients_id`, `searchgroup_id`) VALUES
(51129, 'EdBrowse 2.0', '2.0', '2009-07-01', 'javascript', 30206, 15003),
(51130, 'EdBrowse 3.0', '3.0', '2010-03-01', '', 30206, 15003),
(51131, 'hv3 1.0', '1.0', '2008-02-03', '', 30207, 15004),
(51132, 'Nagara Browser 1.0', '1.0', '2003-07-31', '', 30209, 15004),
(51133, 'Hana 1.0', '1.0', '2007-12-01', 'estimate', 30210, 15004),
(51134, 'CyberDragon 1.5', '1.5', '2013-11-30', '', 30211, 15003),
(51135, 'CyberDragon 1.6', '1.6', '2014-02-19', '', 30211, 15003),
(51136, 'ICE Browser 5', '5.0', '2002-01-29', '', 30212, 15004),
(51137, 'ICE Browser 6', '6.0', '2004-05-01', '', 30212, 15004),
(51138, 'retawq 0.2', '0.2', '2006-03-19', '', 30213, 15000),
(51139, 'DocZilla 1.0', '1.0', '2002-08-04', '', 30214, 15000),
(51140, 'DocZilla 2.0', '2.0', '2005-07-07', '', 30214, 15000),
(51141, 'MultiZilla 1.0', '1.0', '2001-04-01', 'estimage', 30215, 15004),
(51142, 'Prism 1.0', '1.0', '2007-10-01', '', 30216, 15004),
(51143, 'BrowseX 2.0', '2.0', '2003-01-30', '', 30217, 15004),
(51144, 'Vonkeror 1.0', '1.0', '2008-11-02', 'only version ever present', 30218, 15004),
(51145, 'Camino 2.2', '2.2', '2012-03-14', 'last version, discontinued', 30182, 15004),
(51146, 'xStand (wKiosk) 6.0', '6.0', '2010-05-12', '', 30220, 15003),
(51147, 'wKiosk 5.0', '5.0', '2007-05-02', '', 30220, 15004),
(51148, 'wKiosk 4.0', '4.0', '2005-06-17', '', 30220, 15004),
(51149, 'wKiosk 3.0', '3.0', '2003-12-01', '', 30220, 15004),
(51150, 'Flock 1.0', '1.0', '2005-04-11', '', 30221, 15004),
(51151, 'Flock 1.1', '1.1', '2008-03-16', '', 30221, 15004),
(51152, 'Flock 1.2', '1.2', '2008-05-30', '', 30221, 15004),
(51153, 'Flock 2.0', '2.0', '2008-10-15', '', 30221, 15004),
(51154, 'Flock 2.5', '2.5', '2009-05-19', '', 30221, 15004),
(51155, 'Flock 2.6', '2.6', '2010-06-16', 'Last version based on FF', 30221, 15004),
(51156, 'Flock 3.0', '3.0', '2010-06-17', 'chromium version', 30221, 15004),
(51157, 'Flock 3.5', '3.5', '2010-11-30', 'final release', 30221, 15004),
(51158, 'RockMelt 0.1', '0.1', '2010-11-01', '', 30222, 15004),
(51159, 'RockMelt 1.0', '1.0', '2010-03-11', 'contains all beta versions', 30223, 15001),
(51160, 'Arachne 1.0', '1.0', '1997-04-30', '', 30224, 15004),
(51161, 'Arachne 1.4', '1.4', '1998-10-24', '', 30224, 15004),
(51162, 'Arachne 1.5', '1.5', '1999-06-20', '', 30224, 15004),
(51163, 'Arachne 1.6', '1.6', '2000-03-17', '', 30224, 15004),
(51164, 'Arachne 1.7', '1.7', '2001-01-22', '', 30224, 15004),
(51165, 'Arachne 1.8', '1.8', '2005-02-16', '', 30224, 15004),
(51166, 'Arachne 1.9', '1.9', '2013-03-24', '', 30224, 15003),
(51167, 'osb-browser 0.5', '0.5', '2004-10-24', '', 30225, 15004),
(51168, 'Cyberdog 1.0', '1.0', '1996-12-04', '', 30226, 15004),
(51169, 'Cyberdog 2.0', '2.0', '1997-04-28', '', 30226, 15004),
(51170, 'HotJava 1.0', '1.0', '1997-03-04', '', 30227, 15004),
(51171, 'HotJava 2.0', '2.0', '1998-04-04', 'estimate', 30227, 15004),
(51172, 'HotJava 3.0', '3.0', '1999-05-03', '', 30227, 15004),
(51173, 'Netscape 4.7', '4.7', '1999-09-30', '', 30006, 15004),
(51174, 'Netscape 4.6', '4.6', '1999-05-18', '', 30006, 15004),
(51175, 'Bolt 1.0', '1.0', '2009-10-07', '', 30228, 15004),
(51176, 'Bolt 1.6', '1.6', '2009-12-07', '100 percent acid3 test', 30228, 15004),
(51177, 'Bolt 1.7', '1.7', '2010-02-15', '', 30228, 15004),
(51178, 'Bolt 2.0', '2.0', '2010-10-16', 'webkkit upgrade, final version', 30228, 15004),
(51179, 'Klondike 1.1', '1.1', '2000-08-01', 'estimate', 30229, 15004),
(51180, 'Klondike 1.5', '1.5', '2001-05-01', 'estimate', 30229, 15004),
(51181, 'Klondike 1.7', '1.7', '2002-07-01', 'estimate', 30229, 15004),
(51182, 'Ubuntu Touch 537', '537', '2013-06-14', 'development release', 30230, 15001),
(51183, 'Roccat Mobile 1.0', '1.0', '2012-07-30', '', 30232, 15003),
(51184, 'Roccat Connect 1.5', '1.5', '2012-11-30', 'ui update', 30232, 15003),
(51185, 'Roccat Connect 2.0', '2.0', '2013-06-12', '', 30232, 15003),
(51186, 'Roccat Connect 2.2', '2.2', '2013-07-03', '', 30232, 15003),
(51187, 'Roccat Connect 2.4', '2.4', '2013-08-24', 'ui update', 30232, 15001),
(51188, 'Roccat Connect 2.6', '2.6', '2013-09-12', 'ui update', 30232, 15001),
(51189, 'Roccat Connect 2.7', '2.7', '2013-10-03', 'iOS 7 update', 30232, 15001),
(51190, 'Lobo 0.90', '0.90', '2005-05-29', '', 30233, 15004),
(51191, 'Lobo 0.91', '0.91', '2005-06-06', '', 30233, 15004),
(51192, 'Lobo 0.92', '0.92', '2005-06-27', '', 30233, 15004),
(51193, 'Lobo 0.93', '0.93', '2005-08-08', '', 30233, 15004),
(51194, 'Lobo 0.94', '0.94', '2005-09-22', '', 30233, 15004),
(51195, 'Lobo 0.96', '0.95', '2005-11-27', '', 30233, 15004),
(51196, 'Lobo 0.97', '0.97', '2007-07-08', '', 30233, 15004),
(51197, 'Lobo 0.98', '0.98', '2008-03-10', '', 30233, 15004),
(51198, 'OffByOne 3.0', '3.0', '2006-01-02', 'all 3.x versions back to 2001', 30234, 15004),
(51199, 'NetPositive 2.0', '2.0', '2001-11-01', '', 30235, 15004),
(51200, 'AWeb 3.4', '3.4', '2000-12-01', '', 30236, 15004),
(51201, 'Iris 1.0', '1.0', '2008-02-01', '', 30237, 15004),
(51202, 'Contiki 2.1', '2.1', '2007-12-01', '', 30238, 15004),
(51203, 'Contiki 2.2', '2.2', '2008-07-12', '', 30238, 15004),
(51204, 'Contiki 2.3', '2.3', '2009-06-27', 'HTML browser w3c compliant', 30238, 15003),
(51205, 'Contiki 2.4', '2.4', '2010-02-16', '', 30238, 15003),
(51206, 'Contiki 2.5', '2.5', '2011-09-09', '', 30238, 15003),
(51207, 'Contiki 2.6', '2.6', '2012-07-17', '', 30238, 15003),
(51208, 'Contiki 2.7', '2.7', '2013-11-15', '', 30238, 15003),
(51209, 'iBrowse 2.3', '2.3', '2003-01-29', '', 30239, 15004),
(51210, 'iBrowse 2.4', '2.4', '2006-12-22', '', 30239, 15003),
(51211, 'iBrowse 2.2', '2.2', '2002-08-01', 'estimate', 30239, 15004),
(51212, 'iBrowse 1.0', '1.0', '1996-07-28', '', 30239, 15004),
(51213, 'Sylera 1.0', '1.0', '2002-08-04', '', 30240, 15004),
(51214, 'Sylera 2.0', '2.0', '2004-03-15', '', 30240, 15004),
(51215, 'Sylera 3.0', '3.0', '2006-06-02', '', 30240, 15004),
(51216, 'Charon 4.0', '4.0', '2009-07-01', 'estimate', 30241, 15004),
(51217, 'RockMelt 0.8', '0.8', '2010-12-01', 'estimate', 30222, 15004),
(51220, 'RockMelt 0.9', '0.9', '2011-04-01', 'estimate', 30222, 15004),
(51225, 'RockMelt 1.0', '1.0', '2012-04-01', 'estimate', 30222, 15000),
(51226, 'Amiga AWeb 3.4', '3.4', '2000-12-01', 'estimate', 30242, 15004),
(51227, 'ReqwirelessWeb 2.0', '2.0', '2002-01-01', 'estimate', 30243, 15004),
(51228, 'ReqwirelessWeb 3.0', '3.0', '2004-01-01', '', 30243, 15004),
(51229, 'Novarra-Vision 8.0', '8.0', '2009-03-01', 'estimate, last version before purchase', 30244, 15004),
(51230, 'Novarra-Vision 7.0', '7.0', '2008-10-01', 'estimate', 30244, 15004),
(51231, 'IBM WebExplorer 1.0', '1.0', '1995-11-27', '', 30245, 15004),
(51232, 'Playstation Vita 1.0', '1.0', '2011-06-22', '', 30246, 15003),
(51233, 'Playstation Vita 1.6', '1.6', '2012-02-06', '', 30246, 15003),
(51234, 'Playstation Vita 2.0', '2.0', '2012-11-21', '', 30246, 15003),
(51235, 'Playstation Vita 3.0', '3.0', '2013-11-04', '', 30246, 15003),
(51236, 'Playstation 4 1.0', '1.0', '2013-11-15', '', 30247, 15003),
(51237, 'Playstation 3 1.0', '1.0', '2006-11-11', '', 30248, 15006),
(51238, 'Playstation 3 1.70', '1.70', '2007-04-18', '', 30248, 15006),
(51239, 'Playstation 3 2.0', '2.0', '2007-11-08', '', 30248, 15006),
(51240, 'Playstation 3 3.0', '3.0', '2009-09-01', '', 30248, 15006),
(51241, 'Playstation 3 4.0', '4.0', '2011-11-30', '', 30248, 15006),
(51242, 'Experia Play', '1.0', '2011-04-01', 'no recent updates', 30249, 15003),
(51243, 'IE Xbox 7.0', '7.0', '2005-11-15', 'possible only with custom install', 30250, 15003),
(51244, 'IE Xbox 8.0', '8.0', '2011-01-05', 'Live search, Xbox accelerator, Xbox news', 30250, 15003),
(51245, 'IE Xbox 10.0', '10.0', '2013-11-22', 'XBox One, HTML5 CSS3', 30250, 15003),
(51246, 'PSP 2.0', '2.0', '2005-09-01', 'first PSP with a web browser', 30251, 15003),
(51247, 'PSP 2.7', '2.7', '2006-04-25', 'first appearance of Flash content', 30251, 15003),
(51248, 'PSP 3.0', '3.0', '2006-11-21', '', 30251, 15003),
(51249, 'PSP 4.0', '4.0', '2008-06-18', '', 30251, 15003),
(51250, 'PSP 5.0', '5.0', '2008-10-18', '', 30251, 15003),
(51251, 'PSP 6.0', '6.0', '2009-09-10', '', 30251, 15003),
(51252, 'Nintendo 3DS', '1.7', '2011-06-06', 'some HTML5 support', 30252, 15003),
(51253, 'Nintendo DSI Opera 483', '483', '2009-04-01', 'estimate', 30253, 15003),
(51254, 'Nintendo DSI Opera 507', '507', '2009-04-20', '', 30253, 15003),
(51255, 'Nintendo Wii U 1.0', '1.0', '2012-11-06', '', 30254, 15003),
(51256, 'NIntendo Wii U 2.0', '2.0', '2013-10-11', '', 30254, 15003),
(51257, 'Wii Browser', '1.0', '2006-11-19', '', 30255, 15003),
(51258, 'Bunjalloo 0.7', '0.7', '2009-01-01', 'estimate', 30256, 15003),
(51259, 'Bunjalloo 0.8', '0.8', '2009-12-01', '', 30256, 15003),
(51260, 'Nintendo DSI Opera 446', '446', '2008-11-01', '', 30253, 15003),
(51261, 'IE Xbox 9.0', '9.0', '2012-05-20', 'Internet Explorer "app"', 30250, 15003),
(51262, 'Yandex 1.0', '1.0', '2012-10-01', '', 30257, 15003),
(51263, 'Yandex 1.5', '1.5', '2013-03-23', '', 30257, 15003),
(51264, 'Yandex 1.1', '1.1', '2012-11-08', 'Opera Turbo added', 30257, 15003),
(51265, 'Yandex 1.7', '1.7', '2013-07-13', 'estimate', 30257, 15003),
(51266, 'Yandex 2.0', '2.0', '2013-08-01', 'estimate', 30257, 15003),
(51267, 'Yandex 13.0', '13.0', '2013-11-01', 'estimate', 30257, 15000),
(51268, 'Yandex 14.0', '14.0', '2013-03-06', '', 30257, 15000),
(51269, 'Yandex Mobile 13.0', '13.0', '2013-11-01', 'estimate', 30119, 15001),
(51270, 'Yandex Mobile 14.0', '14.0', '2014-03-03', 'estimate', 30119, 15001),
(51271, 'Baidu Spark 26.2', '26.2', '2013-01-08', '', 30258, 15003),
(51272, 'Baidu Spark 26.3', '26.3', '2014-03-01', '', 30258, 15003),
(51279, 'iTunes 1.0', '1.0', '2001-01-09', 'Only supported by Mac OS 9', 30262, 15004),
(51280, 'iTunes 2.0', '2.0', '2001-10-23', 'First Mac OS X support, iPod support', 30262, 15004),
(51281, 'iTunes 3.0', '3.0', '2002-07-17', '', 30262, 15004),
(51282, 'iTunes 4.0', '4.0', '2003-04-28', 'windows support, itunes store', 30262, 15004),
(51283, 'iTunes 5.0', '5.0', '2005-09-07', 'estimate', 30262, 15000),
(51284, 'iTunes 6.0', '6.0', '2005-10-12', 'download tv shows and videos', 30262, 15000),
(51285, 'iTunes 7.0', '7.0', '2006-09-12', '', 30262, 15000),
(51286, 'iTunes 8.0', '8.0', '2008-09-09', '', 30262, 15000),
(51287, 'iTunes 9.0', '9.0', '2009-09-09', '', 30262, 15000),
(51288, 'iTunes 10.0', '10.0', '2010-09-09', 'can rent tv shows', 30262, 15000),
(51289, 'iTunes 11.0', '11.0', '2012-11-29', 'less bloat', 30262, 15000),
(51290, 'QuickTime 7.0', '7.0', '2005-04-29', '', 30263, 15003),
(51291, 'QuickTime 7.1', '7.1', '2007-03-05', 'last Windows version', 30263, 15003),
(51292, 'QuickTime 7.2', '7.2', '2007-07-11', '', 30263, 15003),
(51293, 'QuickTime 7.3', '7.3', '2007-11-05', 'dropped Flash support', 30263, 15003),
(51294, 'QuickTIme 7.4', '7.4', '2008-01-15', '', 30263, 15003),
(51295, 'QuickTime 7.5', '7.5', '2008-06-07', '', 30263, 15003),
(51296, 'QuickTime 7.6', '7.6', '2009-12-12', 'only version with significant web access', 30263, 15003),
(51297, 'QuickTime X (10.0)', '10.0', '2009-06-08', '', 30263, 15003),
(51298, 'Windows Media 7.0', '7.0', '2000-07-17', '', 30264, 15004),
(51299, 'Windows Media 8.0', '8.0', '2002-01-01', 'estimate', 30264, 15004),
(51300, 'Windows Media 9.0', '9.0', '2003-01-27', '', 30264, 15004),
(51301, 'Windows Media 10.0', '10.0', '2006-08-30', '', 30264, 15004),
(51302, 'Windows Media 11.0', '11.0', '2006-10-30', '', 30264, 15003),
(51303, 'Windows Media 12.0', '12.0', '2013-10-30', '', 30264, 15003),
(51304, 'RealPlayer 10.0', '10.0', '2004-08-01', 'estimate', 30265, 15004),
(51305, 'RealPlayer 11.0', '11.0', '2007-11-16', '', 30265, 15004),
(51306, 'RealPlayer 14.0', '14.0', '2010-11-30', '', 30265, 15003),
(51307, 'RealPlayer 15.0', '15.0', '2011-11-18', '', 30265, 15003),
(51308, 'RealPlayer 16.0', '16.0', '2012-12-12', '', 30265, 15003),
(51310, 'Baidu bogus', '2222', '2122-02-02', '', 30258, 15000),
(51311, '444444', '444', '2015-04-04', '', 30258, 15000),
(51313, 'Firefox 3.1', '3.1', '2006-10-14', '', 30003, 15004),
(51314, 'Firefox 25.0', '25.0', '2013-10-29', '', 30003, 15000),
(51315, 'Chrome 33', '33.0', '2014-02-20', 'security fixes', 30018, 15000),
(51316, 'Chrome 34', '34.0', '2014-04-08', 'responsive images, inprefixed web audio', 30018, 15000),
(51317, 'Palemoon 4.0', '4.0', '2011-04-01', 'built on FF 4, release date estimate', 30268, 15004),
(51318, 'Palemoon 5.0', '5.0', '0000-00-00', 'built on FF 5, release date estimate', 30268, 15004),
(51319, 'Palemoon 6.0', '6.0', '2011-09-01', 'built on FF 6, release date estimate', 30268, 15000),
(51320, 'Palemoon 7.0', '7.0', '2011-10-01', 'built on FF 7, release date estimate', 30268, 15000),
(51321, 'Palemoon 8.0', '8.0', '2011-11-01', 'built on FF 8, release date estimate', 30268, 15000),
(51322, 'Palemoon 9.0', '9.0', '2011-12-01', 'built on FF 7, release date estimate', 30268, 15000),
(51323, 'Palemoon 10.0', '10.0', '2012-02-01', 'ESR release, release date estimate', 30268, 15000),
(51324, 'Palemoon 11.0', '11.0', '2012-03-01', 'release date estimate', 30268, 15000),
(51325, 'Palemoon 12.0', '12.0', '2012-05-01', 'release date estimate', 30268, 15000),
(51326, 'Palemoon 13.0', '13.0', '2012-06-01', 'release date estimate', 30268, 15000),
(51327, 'Palemoon 14.0', '14.0', '2012-07-01', 'release date estimate', 30268, 15000),
(51328, 'Palemoon 15.0', '15.0', '2012-09-01', 'release date estimate', 30268, 15000),
(51329, 'Palemoon 19.0', '19.0', '2013-02-22', 'major upgrade, true release dates from website', 30268, 15000),
(51330, 'Palemoon 20.0', '20.0', '2013-04-11', '', 30268, 15000),
(51331, 'Palemoon 24.0', '24.0', '2013-09-13', '', 30268, 15000),
(51332, 'Palemoon 24.3.0', '24.3.0', '2014-01-28', 'major ui changes, geolocation fix', 30268, 15000),
(51333, 'Palemoon 24.6.0', '24.6', '2014-06-06', 'significant ui fixes', 30268, 15000),
(51334, 'Chrome 35', '35.0', '2014-08-20', '', 30018, 15000),
(51335, 'Firefox 26.0', '26.0', '2013-12-10', '', 30003, 15000),
(51336, 'Firefox 27.0', '27.0', '2014-02-04', '', 30003, 15000),
(51337, 'Firefox 28.0', '28.0', '2014-03-18', '', 30003, 15000),
(51338, 'Firefox 29.0', '29.0', '2014-04-29', '', 30003, 15000),
(51339, 'Firefox 30.0', '30.0', '2014-06-10', '', 30003, 15000),
(51340, 'Firefox 31.0', '31.0', '2014-07-22', '', 30003, 15005),
(51341, 'Firefox 32.0', '32.0', '2014-09-02', '', 30003, 15005),
(51342, 'Firefox 33.0', '33.0', '2014-10-14', '', 30003, 15005),
(51343, 'Firefox 34.0', '34.0', '2014-11-05', '', 30003, 15005),
(51344, 'Opera 15', '15.0', '2013-07-02', 'From Presto to Webkit, no geolocation', 30004, 15000),
(51345, 'Opera 16', '16.0', '2013-08-27', 'return of geolocation', 30004, 15000),
(51346, 'Opera 17', '17.0', '2013-10-08', 'rocker gestures', 30004, 15000),
(51347, 'Opera 18', '18.0', '2013-11-19', 'theme support', 30004, 15000),
(51348, 'Opera 19', '19.0', '2014-01-28', 'extended theme support', 30004, 15000),
(51349, 'Blackberry 10.3', '10.3', '2015-03-31', '', 30026, 15001);

-- --------------------------------------------------------

--
-- Table structure for table `components`
--

CREATE TABLE IF NOT EXISTS `components` (
  `id` int(11) NOT NULL AUTO_INCREMENT,
  `system_id` int(11) NOT NULL,
  `name` varchar(50) NOT NULL,
  `datatype_id` int(11) NOT NULL,
  `user_edit` int(11) NOT NULL,
  `title` varchar(80) NOT NULL COMMENT 'public name for component',
  `parent` enum('none','browser','xml','html','form','css','script','media') NOT NULL COMMENT 'components with varying versions have a parent',
  `description` varchar(255) NOT NULL,
  PRIMARY KEY (`id`),
  UNIQUE KEY `name` (`name`),
  KEY `datatype_id` (`datatype_id`),
  KEY `system_id` (`system_id`)
) ENGINE=InnoDB  DEFAULT CHARSET=latin1 AUTO_INCREMENT=2045 ;

--
-- Dumping data for table `components`
--

INSERT INTO `components` (`id`, `system_id`, `name`, `datatype_id`, `user_edit`, `title`, `parent`, `description`) VALUES
(2000, 66000, 'server', 12004, 1, 'Web Server', 'none', 'server hardware'),
(2001, 66000, 'isp', 12004, 1, 'ISP Information', 'none', 'isp data (geolocation, green-ness of data centers)'),
(2002, 66000, 'network', 12004, 1, 'Network Connections', 'none', 'features of network connection between client and server'),
(2003, 66002, 'device', 12004, 1, 'Device Hardware', 'none', 'client-side hardware (e.g. phone model, version)'),
(2004, 66001, 'browser', 12004, 1, 'Web Browser', 'none', 'web browser(version, fork, engine, cloud or proxy rendering)'),
(2005, 66001, 'html', 12004, 1, 'HTML', 'xml', 'html tags prior to version 4'),
(2006, 66001, 'css1', 12004, 1, 'CSS1', 'css', 'css1 markup features'),
(2008, 66001, 'tests', 12004, 1, 'Third-Party Tests', 'none', 'scores on third-party tests (e.g. Acid2, Acid3)'),
(2009, 66006, 'configuration', 12004, 1, 'GBP Configuration', 'none', 'variables defining structure of GBP, and sent/received in messages between components of GBP system'),
(2011, 66004, 'creators', 12004, 1, 'Designer and Developer Workflows', 'none', 'features of workflow'),
(2012, 66001, 'javascript', 12004, 1, 'JavaScript APIs', 'script', 'javascript APIs associated with markup'),
(2013, 66001, 'ecma', 12004, 1, 'ECMAScript Support', 'script', 'ECMAScript languge, versions, supported properties and methods.'),
(2015, 66001, 'input', 12004, 1, 'HTML Form Input Attributes', 'form', 'HTML and HTML5 attributes in the form input tag.'),
(2016, 66001, 'plugins', 12004, 1, 'Web Browser Plugins', 'none', '3nd party plugins added to web browsers, appearing wrapped in a JavaScript object.'),
(2017, 66001, 'css2', 12004, 1, 'CSS2', 'css', 'CSS2 Spec  features (includes 2.x)'),
(2018, 66001, 'css3', 12004, 1, 'CSS3', 'css', 'CSS3 3 features'),
(2020, 66001, 'audio', 12004, 1, 'Media Audio Formats', 'media', 'Audio Media types that aren''t a form of XML.'),
(2021, 66001, 'image', 12004, 1, 'Media Image Formats', 'media', 'Static images, or images with simple animation formats, e.g. animated GIFs'),
(2022, 66001, 'video', 12004, 1, 'Media Video Formats', 'media', 'Video, non vector animation'),
(2023, 66001, 'fonts', 12004, 1, 'Media WebFont Formats', 'media', 'Formats of webfonts supported, WOFF, SVG'),
(2024, 66003, 'security', 12004, 1, 'User Security and Privacy', 'none', 'DRM, parental controls, blocked browser data.'),
(2025, 66001, 'xml', 12004, 1, 'XML', 'none', 'XML properties and capabitilies of browser.'),
(2026, 66001, 'html4', 12004, 1, 'HTML4', 'html', 'HTML4 support.'),
(2027, 66001, 'html5', 12004, 1, 'HTML5', 'html', 'HTML5 supported features'),
(2028, 66001, 'svg', 12004, 1, 'SVG', 'xml', 'Scaleable Vector Graphics support.'),
(2029, 66001, 'wml', 12004, 1, 'WML', 'xml', 'WML support.'),
(2032, 66001, 'smil', 12004, 1, 'SMIL', 'xml', 'SMIL support in the browser'),
(2034, 66001, 'link', 12004, 1, 'HTML Link Attributes', 'html', 'special hyperlink attributes.'),
(2035, 66001, 'mathml', 12004, 1, 'MathML support', 'xml', 'support for MathML rendering of math formulas an equations'),
(2036, 66001, 'chtml', 12004, 1, 'cHTML', 'xml', 'cHTML support'),
(2038, 66000, 'accessibility', 12001, 1, 'User Accessibility', 'none', 'Accessibility guidelines, Section 508 standards and/or the WCAG guidelines for Web accessibility.'),
(2040, 66001, 'dom', 12004, 0, 'DOM Level', 'browser', 'DOM levels and events. '),
(2042, 66004, 'performance', 12004, 0, 'Performance Timings', 'none', 'Performance timings in milliseconds for client and server'),
(2044, 66001, 'events', 12004, 1, 'DOM Events', 'browser', 'list of supported DOM events');

-- --------------------------------------------------------

--
-- Table structure for table `datatypes`
--

CREATE TABLE IF NOT EXISTS `datatypes` (
  `id` int(11) NOT NULL AUTO_INCREMENT,
  `name` varchar(40) NOT NULL,
  `title` varchar(80) NOT NULL,
  `description` varchar(255) NOT NULL,
  PRIMARY KEY (`id`)
) ENGINE=InnoDB  DEFAULT CHARSET=latin1 AUTO_INCREMENT=12016 ;

--
-- Dumping data for table `datatypes`
--

INSERT INTO `datatypes` (`id`, `name`, `title`, `description`) VALUES
(12000, 'string', 'String', 'character string (doesn''t say if it is enum)'),
(12001, 'boolean', 'Boolean', 'true/false or 1/0 values'),
(12003, 'number', 'Number (int/float)', 'Number, JavaScript-style, Integer or float'),
(12004, 'object', 'Object', 'Javascript-style object'),
(12005, 'undefined', 'undefined (JavaScript)', 'Javascript "undefined" object'),
(12006, 'null', 'NULL (JavaScript)', 'Javascript-style NULL'),
(12007, 'location', 'Geolocation (lat/long)', 'location.latitude N/S, plus location.longitude E/W'),
(12008, 'dimensions', 'Dimensions (width/height)', 'dimensions.width, dimensions.height (integer values)'),
(12009, 'date', 'Date Object (JavaScript)', 'JavaScript style Date object'),
(12010, 'timestamp', 'Timestamp (seconds)', 'Unix Timestamp or fractional timestamp, in integer seconds.'),
(12011, 'na', 'Not Applicable', 'Not applicable, doesn''t apply to this property'),
(12012, 'key', 'Foreign Key', 'Key to parent table in database'),
(12013, 'address', 'Address', 'Geographic Address'),
(12014, 'percent', 'Percentage', 'Fractional number. Range 0-100'),
(12015, 'timeelapsed', 'Time Elapsed (milliseconds)', 'Time elapsed during performance timing, in milliseconds');

-- --------------------------------------------------------

--
-- Table structure for table `definitions`
--

CREATE TABLE IF NOT EXISTS `definitions` (
  `id` int(11) NOT NULL AUTO_INCREMENT,
  `name` varchar(40) NOT NULL,
  `title` varchar(80) NOT NULL,
  `placeholder` varchar(80) NOT NULL,
  `description` text NOT NULL,
  PRIMARY KEY (`id`)
) ENGINE=MyISAM  DEFAULT CHARSET=latin1 COMMENT='constants used throughout GBP system' AUTO_INCREMENT=4 ;

--
-- Dumping data for table `definitions`
--

INSERT INTO `definitions` (`id`, `name`, `title`, `placeholder`, `description`) VALUES
(1, 'true', 'TRUE', '%true%', 'true, or 1'),
(2, 'false', 'FALSE', '%false%', ''),
(3, 'undefined', 'UNDEFINED', '%undefined%', 'undefined properties which may have the potential of being defined.');

-- --------------------------------------------------------

--
-- Table structure for table `dependency`
--

CREATE TABLE IF NOT EXISTS `dependency` (
  `id` int(11) NOT NULL AUTO_INCREMENT,
  `property_id` int(11) NOT NULL,
  `parent_id` int(11) NOT NULL,
  `state_id` int(11) NOT NULL COMMENT 'from dependency_state',
  PRIMARY KEY (`id`),
  KEY `property_id` (`property_id`),
  KEY `parent_id` (`parent_id`),
  KEY `state_id` (`state_id`)
) ENGINE=InnoDB  DEFAULT CHARSET=latin1 AUTO_INCREMENT=9381 ;

--
-- Dumping data for table `dependency`
--

INSERT INTO `dependency` (`id`, `property_id`, `parent_id`, `state_id`) VALUES
(9281, 1349, 1210, 3001),
(9294, 1315, 1210, 3001),
(9310, 1343, 1211, 3001),
(9353, 1211, 1268, 3001),
(9366, 1321, 1839, 3001),
(9368, 1211, 1671, 3001),
(9369, 1211, 1725, 3001),
(9371, 1326, 1212, 3001),
(9373, 1326, 1210, 3001),
(9376, 1211, 1706, 3001),
(9379, 1911, 1325, 3001),
(9380, 1866, 1465, 3001);

-- --------------------------------------------------------

--
-- Table structure for table `dependency_state`
--

CREATE TABLE IF NOT EXISTS `dependency_state` (
  `id` int(11) NOT NULL AUTO_INCREMENT,
  `name` varchar(40) NOT NULL,
  `datatype_id` int(11) NOT NULL,
  `description` varchar(255) NOT NULL,
  `title` varchar(80) NOT NULL,
  PRIMARY KEY (`id`),
  UNIQUE KEY `name` (`name`),
  KEY `datatype` (`datatype_id`)
) ENGINE=InnoDB  DEFAULT CHARSET=latin1 AUTO_INCREMENT=3003 ;

--
-- Dumping data for table `dependency_state`
--

INSERT INTO `dependency_state` (`id`, `name`, `datatype_id`, `description`, `title`) VALUES
(3001, 'DEPENDENCY_TRUE', 12001, 'If the parent is true, the child is true', 'True if Parent True'),
(3002, 'DEPENDENCY_FALSE', 12001, 'If the parent is true, the child is false', 'False if Parent True');

-- --------------------------------------------------------

--
-- Table structure for table `detectors`
--

CREATE TABLE IF NOT EXISTS `detectors` (
  `id` int(11) NOT NULL AUTO_INCREMENT,
  `title` varchar(80) NOT NULL,
  `description` varchar(255) NOT NULL,
  `properties_id` int(11) NOT NULL,
  `discovery_id` int(11) NOT NULL,
  `language` enum('JavaScript','ActionScript','CoffeeScript','Dart','PHP','Python','Ruby','CSharp') NOT NULL,
  `language_version` varchar(20) NOT NULL,
  `code` text NOT NULL,
  PRIMARY KEY (`id`),
  UNIQUE KEY `id` (`id`),
  KEY `properties_id` (`properties_id`),
  KEY `discovery_id` (`discovery_id`)
) ENGINE=InnoDB  DEFAULT CHARSET=latin1 AUTO_INCREMENT=100049 ;

--
-- Dumping data for table `detectors`
--

INSERT INTO `detectors` (`id`, `title`, `description`, `properties_id`, `discovery_id`, `language`, `language_version`, `code`) VALUES
(100000, 'HTML5 Canvas', 'detects functional HTML5 Canvas', 1326, 4000, 'JavaScript', '1.5', 'function %jsproperty% () {\r\n		this.%jsproperty% =  !!document.createElement(''canvas'').getContext;\r\n	}'),
(100001, 'DOM Level 0', 'DOM Level 0 support in JavaScript', 1493, 4000, 'JavaScript', '1.5', 'function %jsproperty% () {\r\n	//after Klangax, http://kangax.github.io/js-checker/#dom-3\r\n	this.%jsproperty% = !!(window && document && document.forms && document.images && window.history && document.location && window.setTimeout);\r\n}'),
(100002, 'DOM Level 1', 'DOM Level 1 support in JavaScript', 1494, 4000, 'JavaScript', '1.5', 'function %jsproperty% () {\r\n\r\n	//Following Klangax, http://kangax.github.io/js-checker/#dom-3\r\n\r\n	if(%helper%.dom0 === false) {\r\n		this.%jsproperty% = false;\r\n	}\r\n	else {\r\n		this.%jsproperty% = !!(document.implementation && document.implementation.hasFeature("HTML", "1.0") &&\r\n		document.childNodes && (document.documentElement || document.body) && \r\n		document.getElementById && document.createElement  && document.getElementsByTagName && document.getElementsByName && \r\n		document.createTextNode && document.insertBefore && document.replaceChild && document.removeChild && document.appendChild);\r\n	}\r\n}'),
(100003, 'DOM Level 2', 'DOM Level 2 support in JavaScript', 1495, 4000, 'JavaScript', '1.5', 'function %jsproperty% () {\r\n\r\n	//after Klangax http://kangax.github.io/js-checker/#dom-3\r\n\r\n	if(%helper%.dom1 === false) {\r\n		this.%jsproperty% = false;\r\n	}\r\n	else {\r\n		this.%jsproperty% = !!(document.implementation && \r\n		document.implementation.hasFeature("Core", "2.0") && \r\n		document.implementation.hasFeature("HTML", "2.0") && document.createElementNS && \r\n		document.implementation.createHTMLDocument && document.createDocumentFragment && \r\n		window.addEventListener && window.attachEvent);\r\n	}\r\n}'),
(100004, 'DOM Level 3', 'DOM Level 3 support in JavaScript', 1496, 4000, 'JavaScript', '1.5', 'function %jsproperty% () {\r\n	if(%helper%.dom2 === false) {\r\n		this.%jsproperty% = false;\r\n	}\r\n	else {\r\n		this.%jsproperty% = !!(document.implementation.hasFeature("Core", "3.0") && \r\n		document.implementation.hasFeature("HTML", 3.0) && document.evaluate\r\n		);\r\n	}\r\n}'),
(100005, 'Device IP', 'IP address of end-user device, resolved relative to network', 1287, 4001, 'PHP', '5.4', 'function %phpproperty% ()\r\n{\r\n	if(!empty($_SERVER[''HTTP_CLIENT_IP'']))               //check ip from share internet\r\n	{\r\n		$ip_addr =$_SERVER[''HTTP_CLIENT_IP''];\r\n	}\r\n	else if(!empty($_SERVER[''HTTP_X_FORWARDED_FOR'']))   //to check ip is pass from proxy\r\n	{\r\n		$ip_addr = $_SERVER[''HTTP_X_FORWARDED_FOR''];\r\n	}\r\n	else\r\n	{\r\n		$ip_addr = $_SERVER[''REMOTE_ADDR''];\r\n	}\r\n	if(strlen($ip_addr) > 0)\r\n	{\r\n		return filter_var(trim($ip_addr), FILTER_VALIDATE_IP);\r\n	}\r\nreturn ''undefined'';\r\n}\r\n	'),
(100006, 'Server CPU Load', 'Load on server, in percent of CPU capacity. Only available on some servers.', 1884, 4001, 'PHP', '5.4', 'function %phpproperty% ()\r\n{\r\n	if(@file_exists("/proc/stat"))\r\n	{\r\n		$cpu_str = file_get_contents("/proc/stat");\r\n		if(!empty($cpu_str))\r\n		{\r\n			sscanf($data, "%*s %Ld %Ld %Ld %Ld", $a, $b, $c, $d);\r\n			$load = $a + $b + $c;\r\n			$total = $a + $b + $c + $d;\r\n			return round((100*($load)) / ($total));\r\n		}\r\n	}\r\n	return "undefined";\r\n}'),
(100007, 'Server (Free) Memory', 'Free memory on server, expressed as a percentage', 1885, 4001, 'PHP', '5.4', 'function %phpproperty% ()\r\n{\r\n	if(@file_exists("/proc/meminfo"))\r\n	{\r\n		$mem_str = preg_split("/[\\n]+/", shell_exec("cat /proc/meminfo"));\r\n		if(!empty($mem_str))\r\n		{\r\n			$memtotal = trim(array_pop(explode(":",$mem_string[3])));\r\n			$memfree  = trim(array_pop(explode(":",$mem_string[4])));\r\n			if($memtotal > 0)\r\n			{\r\n				return $memfree/$memtotal;\r\n			}\r\n		}\r\n	}\r\n	return "undefined";\r\n}'),
(100008, 'Server Domain Name', 'Server Host Name', 1869, 4001, 'PHP', '5.4', 'function %phpproperty% ()\r\n{ \r\n	$ip_addr = filter_var($_SERVER["SERVER_ADDR"], FILTER_VALIDATE_IP); //server IP\r\n	$ptr= implode(".",array_reverse(explode(".",$ip_addr))).".in-addr.arpa";\r\n	$host = dns_get_record($ptr, DNS_PTR);\r\n	if ($host == null)\r\n	{\r\n		return trim($ip_addr);\r\n	}\r\n			\r\n	return trim($host[0]["target"]);\r\n}'),
(100009, 'Server Uses SPDY', 'Server uses SPDY protocol', 1874, 4010, 'PHP', '5.4', 'function %phpproperty% () \r\n{\r\n	if(isset($_SERVER["ALTERNATE_PROTOCOL"]))\r\n	{\r\n		$prot = filter_var($_SERVER["ALTERNATE_PROTOCOL"], FILTER_SANITIZE_STRING);\r\n		if(strpos($prot, "spdy") !== false)\r\n		{\r\n			return true;\r\n		}\r\n	}\r\n	return false;\r\n}'),
(100010, 'Server (Web)Software Name', 'Apache or iis or other.', 1865, 4001, 'PHP', '5.4', 'function %phpproperty% () \r\n{\r\n$software = filter_var($_SERVER["SERVER_SOFTWARE"], FILTER_SANITIZE_STRING);\r\nif(isset($software))\r\n{\r\nreturn $software;\r\n}\r\n\r\nreturn "undefined";\r\n\r\n}'),
(100011, 'Server User Agent', 'user agent of server, returned by some servers', 1276, 4001, 'PHP', '5.4', 'function %phpproperty% () \r\n{\r\n	return strtolower(@php_uname("a"));\r\n}'),
(100012, 'Server OS', 'Server operating system', 1278, 4001, 'PHP', '5,4', 'function %phpproperty% () \r\n{\r\n	$data_arr = explode(" ", strtolower(@php_uname("a")));\r\n	$num_tokens = count($data_arr);	\r\n	if($num_tokens > 0)\r\n	{\r\n		$os = $data_arr[0];\r\n	}	\r\n	if($num_tokens > 2 && $data_arr[1] == "nt")\r\n	{\r\n		$os .= $data_arr[1];        //windows nt\r\n	}\r\n	if(isset($os))\r\n	{\r\n		return $os;\r\n	}\r\n	return "undefined";\r\n}'),
(100013, 'Server OS Version', 'Version of server operating system', 1887, 4001, 'PHP', '5.4', 'function %phpproperty% () \r\n{\r\n	$data_arr = explode(" ", strtolower(@php_uname("a")));\r\n	$num_tokens = count($data_arr);\r\n			\r\n	if($num_tokens > 2 && $data_arr[1] == ''nt'')\r\n	{\r\n		$osvers .= $data_arr[3];        //windows nt\r\n	}\r\n	else\r\n	{\r\n		$osvers = $data_arr[2];\r\n	}\r\n\r\n	if(isset($osvers))\r\n	{\r\n		return $osvers;\r\n	}\r\n\r\n	return "undefined";\r\n}'),
(100014, 'Server Hardware Type', 'hardware id string of server, available on some servers', 1888, 4001, 'PHP', '5.4', 'function %phpproperty% () \r\n{\r\n	$data_arr = explode(" ", strtolower(@php_uname("a")));\r\n	$num_tokens = count($data_arr);\r\n			\r\n	if($num_tokens > 3)\r\n	{\r\n		return $data_arr[$num_tokens - 1];		\r\n	}\r\n\r\n	return "undefined";\r\n}'),
(100015, 'Server Timestamp', 'Timestamp from start of server process', 1236, 4001, 'PHP', '5.4', 'function %phpproperty% () \r\n{\r\n	$timestamp = filter_var($_SERVER["REQUEST_TIME"], FILTER_SANITIZE_STRING); //timestamp from start of request\r\n	if(isset($timestamp))\r\n	{\r\n		return $timestamp;\r\n	}\r\n\r\n	return "undefined"; \r\n}'),
(100016, 'CSS Support', 'support for nearly all of CSS1 spec', 1380, 4001, 'JavaScript', '1.5', 'function %jsproperty% () {\n	if ("supportsCSS" in window) { //w3 standard\n		this.%jsproperty% = true;\n	}\n	else if ("CSS" in window && "supports" in window.CSS) {\n		this.%jsproperty% = true;\n	}\n	else if (document && document.documentElement && document.documentElement.style) {\n		this.%jsproperty% = true;\n	}\n	else {\n		this.%jsproperty% = false;\n	}\n}'),
(100017, 'Browser User Agent (JavaScript detection)', 'user agent of browser from client side', 1591, 4000, 'JavaScript', '1.5', 'function %jsproperty% () {\r\n		this.%jsproperty% = navigator.userAgent;\r\n	}'),
(100018, 'Browser User Agent (PHP)', 'user agent of browser detected on the server', 1591, 4001, 'PHP', '5.0', 'function %phpproperty% () \r\n{\r\n	return(filter_var($_SERVER["HTTP_USER_AGENT"], FILTER_SANITIZE_STRING));\r\n}'),
(100019, 'Images Off in Browser', 'Test if browser has images disabled, or cannot display images. http://blog.paciellogroup.com/2011/10/detecting-if-images-are-disabled-in-browsers/', 1902, 4000, 'JavaScript', '1.5', 'function %jsproperty% () {\r\n	if(!document.images) {\r\n		this.%jsproperty% = false;\r\n	}\r\n	else {\r\n		var image = new Image();\r\n		image.onload = function() {\r\n		if (image.width > 0) {\r\n			this.%jsproperty% = false;\r\n			}\r\n		else {\r\n			this.%jsproperty% = true;\r\n			}\r\n		};\r\n		image.width  = 1;\r\n		image.height = 1;\r\n	image.src = "data:image/gif;base64,R0lGODlhAQABAIAAAP///wAAACH5BAEAAAAALAAAAAABAAEAAAICRAEAOw==";\r\n		//NEED TO ATTACH THE IMAGE\r\n	}\r\n}'),
(100020, 'Browser High Contrast (HC) Mode Detection', 'Detect if a browser is in high contrast mode', 1903, 4000, 'JavaScript', '1.5', 'function %jsproperty%() {\r\n\r\n	if(%helper%.dom1 === true && %helper%.domready === true) {\r\n\r\n		var e,c;\r\n		//Create a test div\r\n		console.log("in browser.highcontrast, at this point, document is:"+document);\r\n		e=document.createElement("div");\r\n\r\n		//Set its color style to something unusual\r\n		e.style.color="rgb(31,41,59)";\r\n\r\n		//Attach to body so we can inspect it\r\n		document.body.appendChild(e);\r\n\r\n		//Use standard means if available, otherwise use the IE methods\r\n		c=document.defaultView?document.defaultView.getComputedStyle(e,null).color:e.currentStyle.color;\r\n\r\n		//Delete the test DIV\r\n		document.body.removeChild(e);\r\n\r\n		//get rid of extra spaces in result\r\n		c=c.replace(/ /g,"");\r\n\r\n		//Check if we got back what we set\r\n		//If not we are in high contrast mode\r\n		if (c!="rgb(31,41,59)"){\r\n			this.%jsproperty% = true;\r\n		}\r\n		else {\r\n			this.%jsproperty% = false;\r\n		}\r\n	}\r\n	else {\r\n		this.%jsproperty% = false;\r\n	}\r\n}'),
(100021, 'SPDY Client', 'Client uses SPDY protocol', 1301, 4000, 'JavaScript', '1.5', 'function %jsproperty% () {\r\n		//chrome-specific, http://japhr.blogspot.com/2011/06/spdy-on-client-side.html\r\n		this.%jsproperty% = !!(window.chrome && window.chrome.loadTimes && window.chrome.loadTimes().wasFetchedViaSpdy);\r\n	}'),
(100022, 'Java Client', 'Java Plugin on Client', 1617, 4000, 'JavaScript', '1.5', 'function %jsproperty% () {\r\n		this.%jsproperty% = navigator.javaEnabled();\r\n	}'),
(100025, 'jsprophelper', 'JavaScript helper function for testing JS properties', 1907, 4000, 'JavaScript', '1.5', '	/**\r\n	 * base function for tests involving document.createElement() which\r\n	 * (prop in elem) tests\r\n	 * @param {String} prop GBP property name\r\n	 * @param {String|DOMElement} name of HTML tag, or the actual DOM element\r\n	 * @param {String} attr property "in" the element we test for\r\n	 */\r\n	function %jsproperty% (prop, elem, attr) {\r\n		var prefixes,\r\n			len,\r\n			val = false;\r\n		console.log("outside prophelper, prop:"+prop+" elem:"+elem+" attr:"+attr+" dom1:"+typeof this.dom1);\r\n		if (this.dom1 && prop && elem && attr) {\r\n			\r\n			console.log("inside prophelper");\r\n			if (typeof elem === "string") { //dont need this.typehelper()\r\n				elem = document.createElement(elem); //requires dom1\r\n				log("ELEM:"+elem);\r\n			}\r\n			if (elem) {\r\n				\r\n				//try the standard\r\n				\r\n				if (attr in elem) {\r\n					val = true;\r\n				}\r\n				else if(typeof this.vendorprefix === "string") {\r\n					\r\n					//log("this.vendorprefix:"+this.vendorprefix);\r\n					prefixes = [this.vendorprefix.toLowerCase()];\r\n					\r\n					len = prefixes.length;\r\n					attr = attr.charAt(0).toUpperCase() + attr.slice(1); //camelCase the vendor prefix for js\r\n					for (var i = 0; i < len; i++) {\r\n						//log("prophelper trying:"+prefixes[i] + attr+ " in " + elem); \r\n						if (!!(prefixes[i] + attr in elem)) {\r\n							val = true;\r\n							break;\r\n						}\r\n					}\r\n				}\r\n			}\r\n			elem = null;	\r\n		}\r\n		return val; //always set\r\n	}'),
(100026, 'vendorprefix', 'Returns the vendor prefix used by the browser for experimental CSS styles.', 1822, 4000, 'JavaScript', '1.5', '/**\r\n * vendor prefixes will soon be a thing of the past, and some vendors (e.g. Opera) already\r\n * support the prefixes of others.\r\n * http://shoutleaf.com/2013/05/blink-rendering-engine/\r\n * adapted from http://lea.verou.me/2009/02/find-the-vendor-prefix-of-the-current-browser/\r\n * However, we are trying to support old browsers, so...\r\n *\r\n * NOTE: this function is used by our csshelper() and JS prophelper() methods. So, we force\r\n * immediate execution upon parsing with an internal anonymous function. It is possible that\r\n * the PHP bootstrap parser will croak here.\r\n * \r\n * @returns the vendor prefix (with its case intact), if it exists, or false if it does not\r\n */\r\nfunction %jsproperty%() {\r\n	var regex = /^(webkit|Moz|O|ms|Webkit|Khtml|Icab)(?=[A-Z])/,\r\n	val = false,\r\n	num = 0,\r\n	someScript;\r\n\r\nconsole.log("executing vendorprefix");\r\n		\r\n	if (%helper%.dom1) {\r\n		(function () {\r\n			someScript = document.getElementsByTagName("script")[0];\r\n			//log("somescript.style:"+someScript);\r\n			if (someScript.style) {\r\n				for(var prop in someScript.style) {\r\n					//log("PROP:"+prop);\r\n					num++;\r\n					if(regex.test(prop)) {\r\n						//.test() is faster than match(), so it''s better to perform\r\n						//that on the lot and match only when necessary\r\n						val = prop.match(regex)[0];\r\n						//log("%jsproperty% prop:"+prop+" val:"+val);\r\n						break;\r\n					}\r\n				}\r\n					\r\n				//Webkit does not enumerate over the CSS properties of the style object.\r\n				//(prop in style) returns the correct value, so we''ll have to test for\r\n				//the precence of a specific property\r\n				if (!val) {\r\n					if("WebkitOpacity" in someScript.style) {\r\n						val = "Webkit";\r\n					}\r\n					if("KhtmlOpacity" in someScript.style)  {\r\n						val = "Khtml";\r\n					}\r\n				}\r\n			}\r\n			someScript = null;\r\n			\r\n		})();\r\n	}\r\n	\r\n	console.log("finished vendorprefix, value:"+val);\r\n	this.%jsproperty% = val;\r\n\r\n}'),
(100027, 'servercpunum', 'Number of CPU cores on the server', 1886, 4001, 'Python', '2.76', '\r\n# ----------------------------\r\n# CPUCOUNT\r\n# ----------------------------\r\n\r\ndef %pyproperty%():\r\n\r\n	# cpuset\r\n	# cpuset may restrict the number of *available* processors\r\n\r\n	try:\r\n		import re\r\n		m = re.search(r''(?m)^Cpus_allowed:\\s*(.*)$'',\r\n			open(''/proc/self/status'').read())\r\n		if m:\r\n			res = bin(int(m.group(1).replace('','', ''''), 16)).count(''1'')\r\n			if res > 0:\r\n				return res\r\n	except IOError:\r\n		pass\r\n\r\n	# Python 2.6+\r\n	try:\r\n		import multiprocessing\r\n		return multiprocessing.cpu_count()\r\n	except (ImportError, NotImplementedError):\r\n        	pass\r\n\r\n	# http://code.google.com/p/psutil/\r\n	try:\r\n		import psutil\r\n		return psutil.NUM_CPUS\r\n	except (ImportError, AttributeError):\r\n		pass\r\n		\r\n	return ''undefined'''),
(100028, 'serverbits', 'Server 32 or 64 bit mode', 1909, 4001, 'Python', '2.6', '# ------------------------\r\n# SERVER WORD SIZE\r\n# 32 or 64 bit\r\n# ------------------------\r\n\r\ndef %pyproperty%():\r\n\r\n	try:\r\n		import platform\r\n		return platform.architecture()[0]\r\n\r\n	except (ImportError, NotImplementedError):\r\n		pass\r\n\r\n	return ''undefined''\r\n'),
(100029, 'JSON', 'Native support for JSON', 1464, 4000, 'JavaScript', '1.5', 'function %jsproperty% () {\r\n	/**\r\n	 * similar to has.js\r\n	 */\r\n	if(!window.JSON || typeof JSON.parse !== "function" || typeof JSON.stringify !== "function" ||\r\n		!JSON.parse("{\\"h\\":\\"h\\"}") || !JSON.stringify({"h":"h"})) {\r\n		this.json = false;\r\n	}\r\n	this.%jsproperty% = true;\r\n}'),
(100030, 'base64 JavaScript api', 'base64 encoding and decoding supported', 1620, 4000, 'JavaScript', '1.5', 'function %jsproperty% () {\r\n		//this.base64 = ("btoa" in window && "atob" in window);\r\n		this.base64 = !!(window.btoa && window.atob);\r\n	}'),
(100031, 'donottrack', 'DO Not Track support', 1628, 4000, 'JavaScript', '1.5', 'function %jsproperty% () {\r\n	//TOOD: NEED VENDOR PREFIX HERE, e.g., navigator.msDoNotTrack\r\n	this.donottrack = !!(navigator && (%helper%.vendorprefix + "doNotTrack" in navigator));\r\n	}'),
(100032, 'cssprophelper', 'function that enables test for large number of CSS properties', 1906, 4000, 'JavaScript', '1.5', '	/**\r\n	 * base function for multiple css tests, http://www.sitepoint.com/detect-css3-property-browser-support/\r\n	 * http://ryanmorr.com/detecting-css-style-support/\r\n	 * http://perfectionkills.com/feature-testing-css-properties/\r\n	 * @param {String} cssProp, a css property name, e.g. "box-shadow"\r\n	 * @param {String} cssVal (optional) a value to test with the CSS property, e.g. "5px"\r\n	 * @returns {Boolean} true if style present\r\n	 * We don''t try to generate CSS and JS property names from each other. This is slightly inefficient, but\r\n	 * allows us more flexible coupling between GBP property names (always lowercase) and the actual CSS property\r\n	*/\r\n	function %jsproperty% (cssProp, cssVal) {\r\n		\r\n		function testProp (prop, val) {\r\n			var v = false,\r\n			win = window,\r\n			style;\r\n			if("supportsCSS" in win){\r\n				v = win.supportsCSS(prop, val);    //newer W3C method\r\n			}\r\n			else if("CSS" in win && "supports" in win.CSS) {\r\n				v = win.CSS.supports(prop, val);   //alternate\r\n			}\r\n			else if (document && document.documentElement && document.documentElement.style) {\r\n     \r\n				//old method\r\n\r\n				style = document.documentElement.style;\r\n	\r\n				if (prop in style) {\r\n					var elem = win.document.createElement("div");\r\n\r\n					if (elem && elem.style) {\r\n\r\n						elem.style.cssText = prop + ":" + val;\r\n						v = (elem.style[prop] !== "");\r\n					}\r\n					elem = null;\r\n				}\r\n			}\r\n			return v;\r\n		}; //end of internal function\r\n		\r\n		/**\r\n		 * try the default property. If it doesn''t work, try the\r\n		 * vendorprefix determined previously for this browser\r\n		 */\r\n		var val = false;\r\n		if (cssProp && cssVal) {\r\n			if (val === false && %helper%.vendorprefix) {\r\n				var camelRe = /-([a-z]|[0-9])/ig;\r\n				var camelProp = %helper%.vendorprefix + cssProp.charAt(0).toUpperCase() + cssProp.slice(1);\r\n\r\n				//this had to be put in multiple lines to parse correct in gbp-bootstrap.php\r\n				\r\n				camelProp = camelProp.replace(camelRe, function(all, c){\r\n					return (c + "").toUpperCase();\r\n					});\r\n				val = testProp(camelProp, cssVal);\r\n			}\r\n			\r\n			return val;\r\n		}\r\n		\r\n	}'),
(100033, 'jsprophelper', 'JavaScript function testing for APIs using document.createElement', 1907, 4000, 'JavaScript', '1.5', '	/**\r\n	 * base function for tests involving document.createElement() which\r\n	 * (prop in elem) tests\r\n	 * @param {String} prop GBP property name\r\n	 * @param {String|DOMElement} name of HTML tag, or the actual DOM element\r\n	 * @param {String} attr property "in" the element we test for\r\n	 */\r\n	function %jsproperty% (prop, elem, attr) {\r\n		var prefixes,\r\n			len,\r\n			val = false;\r\n		\r\n		if (%helper%.dom1 && prop && elem && attr) {\r\n			\r\n			if (typeof elem === "string") { //dont need this.typehelper()\r\n				elem = document.createElement(elem); //requires dom1\r\n			}\r\n			if (elem) {\r\n				\r\n				//try the standard\r\n				console.log("analyzing property " + prop);\r\n				if (attr in elem) {\r\n					val = true;\r\n				}\r\n				else if(typeof %helper%.vendorprefix === "string") {\r\n					\r\n					prefixes = [%helper%.vendorprefix.toLowerCase()];\r\n					\r\n					len = prefixes.length;\r\n					attr = attr.charAt(0).toUpperCase() + attr.slice(1); //camelCase the vendor prefix for js\r\n					for (var i = 0; i < len; i++) {\r\n\r\n						if (!!(prefixes[i] + attr in elem)) {\r\n							val = true;\r\n							break;\r\n						}\r\n					}\r\n				}\r\n			}\r\n			elem = null;	\r\n		}\r\n		return val; //always set\r\n	}'),
(100034, 'menu', 'support for menu tag, uses jsprophelper', 1325, 4000, 'JavaScript', '1.5', 'function %jsproperty% () {\r\n		this.%jsproperty% = %helper%.jsprophelper("menu", "menu", "type");\r\n}'),
(100035, 'borderradius', 'detect support for CSS3 border-radius property, uses cssprophelper', 1398, 4000, 'JavaScript', '1.5', 'function %jsproperty% () {\r\n	this.%jsproperty% = %helper%.cssprophelper("border-radius", "1px");\r\n}'),
(100036, 'promise', 'JavaScript Promise API', 1912, 4000, 'JavaScript', '1.5', 'function %jsproperty% () {\r\n	if(window.Promise) {\r\n		this.%jsproperty% = true;\r\n	}\r\n	this.%jsproperty% = false;\r\n}'),
(100038, 'DOM Level 2 Events', 'Support for .addEventListener and related methods', 1913, 4000, 'JavaScript', '1.5', 'function %jsproperty% () {\r\n	if(%helper%.dom1 === false) {\r\n		this.%jsproperty% = false;\r\n	}\r\n	else {\r\n		this.%jsproperty% = !!(document.implementation && \r\n		document.implementation.hasFeature("Events", "2.0") &&\r\n		document.addEventListener && document.removeEventListener);\r\n	}\r\n}'),
(100039, 'DOMReady Event', 'Custom event test for DOM loaded before Page completes loading all media', 1915, 4000, 'JavaScript', '1.5', 'function %jsproperty% (%callback%) {\r\n			\r\n			//save context\r\n			\r\n			var that = this;\r\n			\r\n			//polling object\r\n							\r\n			that.tmp%jsproperty% = {\r\n				id:-1, //integer starting with 1\r\n				maxPoll:0,\r\n				%callback%:%callback%\r\n				}\r\n			\r\n			function finish () {\r\n				console.log("in finish");\r\n				if(document.body || document.documentElement) {\r\n					console.log("domready is true");\r\n					clearInterval(that.tmp%jsproperty%.id);\r\n					delete that.tmp%jsproperty%;\r\n					if(%callback%) {\r\n						%callback%();\r\n					}\r\n					return (that.%jsproperty% = true);\r\n				}\r\n				else if(that.tmp%jsproperty%.maxPoll > 100) {\r\n					delete that.tmp%jsproperty%;\r\n					return (that.%jsproperty% = false);\r\n				}\r\n			}\r\n			\r\n			if(that.tmp%jsproperty%) {\r\n				clearInterval(that.tmp%jsproperty%.id);\r\n			}\r\n			else {\r\n				that.tmp%jsproperty%.maxPoll++;\r\n			}\r\n			that.tmp%jsproperty%.id = setInterval(finish, 40);\r\n		}'),
(100042, 'dom3xpath', 'DOM Level 3 Xpath support', 1914, 4000, 'JavaScript', '1.5', 'function %jsproperty% () { \r\n//https://developer.mozilla.org/en-US/docs/Introduction_to_using_XPath_in_JavaScript \r\nif(%helper%.dom0 && %helper%.dom1) { \r\nif(!!(document.evaluate)) { \r\nthis.%jsproperty% = true;\r\n } \r\n} else { \r\nthis.%jsproperty% = false; \r\n} \r\n}'),
(100043, 'nodom', 'Browsers with javascript but nonstandard DOM', 1916, 4000, 'JavaScript', '1.5', 'function %jsproperty% () {\r\n\r\n	if(!window && (!document || !(document.documentElement || !document.body))) {\r\n		this.%jsproperty% = true;\r\n	}\r\n	else {\r\n		this.%jsproperty% = false;\r\n	}\r\n}'),
(100044, 'oldie', 'Old IE versions 5-8  problem versions of Internet Explorer', 1917, 4000, 'JavaScript', '1.5', 'function %jsproperty% () {\r\n\r\n//uniquely identify IE5 to IE11 via microsoft extensions\r\n//http://msdn.microsoft.com/en-us/library/ie/ms534351%28v=vs.85%29.aspx\r\n\r\n//document.createDocumentFragment only missing in ie5\r\n\r\n	if(document.createElement) {\r\n\r\n		//this test of createElement works in old versions of ie\r\n		//which do not allow attributes to be added after creation\r\n		var x = document.createElement("p");\r\n		if(!!(x.applyElement || x.mergeAttributes || x.clearAttributes)) {\r\n\r\n			//we have ie 5 to 11\r\n\r\n			if(!document.getElementsByClassName) {\r\n				//ie 8 and below\r\n				this.%jsproperty% = true;\r\n			}\r\n\r\n		}\r\n\r\n	x = null;\r\n	}\r\n\r\n	this.%jsproperty% = false;\r\n\r\n}\r\n'),
(100047, 'mathml', 'basic MathML support', 1306, 4000, 'JavaScript', '1.5', 'function %jsproperty% () {\r\n	//assume presence of dom0 document.body, dom1 createElement\r\n	//https://developer.mozilla.org/en-US/docs/Web/MathML/Authoring\r\n	if(%helper%.dom1 === true && %helper%.domready === true) {\r\n		var div = document.createElement("div"), box;\r\n		div.innerHTML = "<math><mspace height=''23px'' width=''77px''/></math>";\r\n		document.body.appendChild(div);\r\n		box = div.firstChild.firstChild.getBoundingClientRect();\r\n		document.body.removeChild(div);\r\n		this.%jsproperty% = (Math.abs(box.height - 23) <= 1 && Math.abx(box.width - 77) <= 1);\r\n	}\r\n}'),
(100048, 'eventhelper', 'DOM Event helper', 2058, 4000, 'JavaScript', '1.5', 'function %jsproperty% (eventName) {\r\n	\r\n	//http://perfectionkills.com/detecting-event-support-without-browser-sniffing/\r\n	//doesn''t work properly for iOS, use database\r\n\r\n	var isSupported = false;\r\n	if(!%helper%.dom1) {\r\n		return isSupported;\r\n	}\r\n\r\n	var TAGNAMES = { ''select'':''input'',''change'':''input'',''submit'':''form'',''reset'':''form'',''error'':''img'',''load'':''img'',''abort'':''img''}\r\n\r\n	var el = document.createElement(TAGNAMES[eventName] || ''div'');\r\n	eventName = ''on'' + eventName;\r\n	isSupported = (eventName in el);\r\n	if (!isSupported) {\r\n		el.setAttribute(eventName, ''return;'');\r\n		isSupported = typeof el[eventName] == ''function'';\r\n	}\r\n	el = null;\r\n	return isSupported;\r\n}');

-- --------------------------------------------------------

--
-- Table structure for table `devices`
--

CREATE TABLE IF NOT EXISTS `devices` (
  `id` int(11) NOT NULL AUTO_INCREMENT,
  `name` varchar(20) NOT NULL,
  `title` varchar(40) NOT NULL,
  `description` varchar(255) NOT NULL,
  PRIMARY KEY (`id`),
  UNIQUE KEY `id` (`id`)
) ENGINE=InnoDB  DEFAULT CHARSET=latin1 AUTO_INCREMENT=110001 ;

--
-- Dumping data for table `devices`
--

INSERT INTO `devices` (`id`, `name`, `title`, `description`) VALUES
(110000, 'desktop', 'Desktop Computer', '');

-- --------------------------------------------------------

--
-- Table structure for table `devices_properties`
--

CREATE TABLE IF NOT EXISTS `devices_properties` (
  `id` int(11) NOT NULL AUTO_INCREMENT,
  `devices_id` int(11) NOT NULL,
  `devices_versions_id` int(11) NOT NULL,
  `property_id` int(11) NOT NULL,
  `property_value` varchar(20) NOT NULL,
  PRIMARY KEY (`id`),
  KEY `devices_id` (`devices_id`),
  KEY `devices_versions_id` (`devices_versions_id`),
  KEY `property_id` (`property_id`)
) ENGINE=InnoDB DEFAULT CHARSET=latin1 AUTO_INCREMENT=1 ;

-- --------------------------------------------------------

--
-- Table structure for table `devices_versions`
--

CREATE TABLE IF NOT EXISTS `devices_versions` (
  `id` int(11) NOT NULL AUTO_INCREMENT,
  `devices_id` int(11) NOT NULL,
  `search_group_id` int(11) NOT NULL,
  `release_date` date NOT NULL,
  `devicename` varchar(20) NOT NULL COMMENT 'matches ''devicename'' in properties',
  `deviceversion` varchar(20) NOT NULL COMMENT 'matches ''deviceversion'' in properties',
  `description` varchar(255) NOT NULL,
  PRIMARY KEY (`id`),
  KEY `devices_id` (`devices_id`),
  KEY `search_group_id` (`search_group_id`)
) ENGINE=InnoDB DEFAULT CHARSET=latin1 AUTO_INCREMENT=1 ;

-- --------------------------------------------------------

--
-- Table structure for table `discovery`
--

CREATE TABLE IF NOT EXISTS `discovery` (
  `id` int(11) NOT NULL AUTO_INCREMENT,
  `property_id` int(11) NOT NULL,
  `state_id` int(11) NOT NULL,
  PRIMARY KEY (`id`),
  KEY `property_id` (`property_id`),
  KEY `state_id` (`state_id`)
) ENGINE=InnoDB  DEFAULT CHARSET=latin1 AUTO_INCREMENT=8652 ;

--
-- Dumping data for table `discovery`
--

INSERT INTO `discovery` (`id`, `property_id`, `state_id`) VALUES
(8000, 1210, 4010),
(8001, 1211, 4000),
(8002, 1212, 4007),
(8003, 1215, 4010),
(8023, 1214, 4002),
(8026, 1208, 4002),
(8031, 1234, 4001),
(8035, 1238, 4002),
(8036, 1239, 4002),
(8037, 1240, 4000),
(8041, 1244, 4002),
(8042, 1245, 4002),
(8046, 1249, 4002),
(8054, 1257, 4004),
(8056, 1259, 4002),
(8057, 1260, 4002),
(8058, 1261, 4007),
(8059, 1262, 4007),
(8060, 1263, 4002),
(8063, 1266, 4006),
(8064, 1267, 4006),
(8065, 1268, 4006),
(8068, 1358, 4002),
(8069, 1357, 4000),
(8070, 1358, 4000),
(8082, 1236, 4001),
(8083, 1241, 4002),
(8085, 1305, 4002),
(8087, 1499, 4002),
(8088, 1237, 4002),
(8089, 1382, 4002),
(8090, 1269, 4004),
(8091, 1270, 4004),
(8092, 1271, 4004),
(8096, 1505, 4007),
(8097, 1506, 4009),
(8099, 1243, 4000),
(8103, 1317, 4002),
(8104, 1311, 4002),
(8106, 1314, 4000),
(8109, 1315, 4000),
(8111, 1340, 4002),
(8112, 1312, 4000),
(8117, 1029, 4000),
(8119, 1344, 4002),
(8128, 1022, 4001),
(8129, 1313, 4000),
(8131, 1326, 4002),
(8133, 1591, 4000),
(8134, 1592, 4002),
(8135, 1593, 4006),
(8136, 1594, 4002),
(8137, 1595, 4001),
(8138, 1596, 4007),
(8139, 1597, 4007),
(8140, 1603, 4007),
(8141, 1604, 4002),
(8142, 1605, 4002),
(8143, 1347, 4002),
(8144, 1358, 4000),
(8145, 1585, 4007),
(8146, 1295, 4007),
(8147, 1602, 4007),
(8148, 1509, 4009),
(8149, 1508, 4009),
(8150, 1609, 4009),
(8151, 1513, 4009),
(8152, 1510, 4009),
(8153, 1512, 4009),
(8155, 1514, 4009),
(8156, 1511, 4009),
(8157, 1515, 4009),
(8159, 1611, 4006),
(8160, 1612, 4002),
(8161, 1613, 4000),
(8162, 1358, 4000),
(8163, 1614, 4000),
(8164, 1615, 4000),
(8165, 1616, 4000),
(8166, 1617, 4000),
(8167, 1619, 4002),
(8168, 1618, 4000),
(8170, 1498, 4007),
(8171, 1500, 4002),
(8172, 1628, 4002),
(8173, 1629, 4010),
(8174, 1630, 4002),
(8175, 1632, 4002),
(8176, 1633, 4002),
(8177, 1634, 4002),
(8178, 1635, 4002),
(8179, 1636, 4002),
(8180, 1637, 4000),
(8181, 1638, 4002),
(8182, 1639, 4002),
(8183, 1640, 4002),
(8184, 1641, 4002),
(8185, 1642, 4002),
(8186, 1643, 4002),
(8187, 1644, 4002),
(8188, 1645, 4002),
(8189, 1646, 4002),
(8190, 1647, 4002),
(8191, 1648, 4002),
(8192, 1649, 4002),
(8193, 1650, 4002),
(8194, 1651, 4002),
(8195, 1652, 4002),
(8196, 1653, 4002),
(8197, 1654, 4002),
(8198, 1655, 4002),
(8199, 1656, 4002),
(8200, 1657, 4002),
(8201, 1658, 4002),
(8202, 1659, 4002),
(8203, 1660, 4002),
(8204, 1661, 4002),
(8205, 1662, 4002),
(8206, 1663, 4002),
(8207, 1664, 4002),
(8208, 1665, 4002),
(8209, 1666, 4002),
(8210, 1667, 4002),
(8211, 1668, 4002),
(8212, 1669, 4002),
(8213, 1670, 4002),
(8214, 1671, 4002),
(8215, 1672, 4002),
(8216, 1673, 4002),
(8217, 1674, 4002),
(8218, 1675, 4002),
(8219, 1676, 4002),
(8220, 1677, 4002),
(8221, 1678, 4002),
(8222, 1679, 4002),
(8223, 1680, 4002),
(8224, 1681, 4002),
(8225, 1682, 4002),
(8226, 1683, 4002),
(8227, 1684, 4002),
(8228, 1685, 4002),
(8229, 1686, 4002),
(8230, 1687, 4002),
(8231, 1688, 4002),
(8232, 1689, 4002),
(8233, 1690, 4002),
(8234, 1691, 4002),
(8235, 1692, 4002),
(8240, 1697, 4002),
(8241, 1698, 4002),
(8242, 1699, 4002),
(8243, 1700, 4002),
(8244, 1701, 4002),
(8245, 1702, 4002),
(8246, 1703, 4002),
(8247, 1704, 4002),
(8248, 1705, 4002),
(8249, 1706, 4002),
(8250, 1707, 4002),
(8251, 1708, 4002),
(8252, 1709, 4002),
(8254, 1711, 4002),
(8255, 1712, 4002),
(8256, 1713, 4002),
(8257, 1714, 4002),
(8258, 1715, 4002),
(8259, 1716, 4002),
(8260, 1717, 4002),
(8261, 1718, 4002),
(8263, 1720, 4002),
(8264, 1721, 4002),
(8265, 1722, 4002),
(8266, 1723, 4002),
(8267, 1724, 4002),
(8268, 1725, 4002),
(8270, 1726, 4002),
(8271, 1727, 4002),
(8272, 1728, 4002),
(8273, 1729, 4002),
(8274, 1730, 4002),
(8275, 1731, 4002),
(8277, 1732, 4002),
(8278, 1733, 4002),
(8279, 1734, 4002),
(8280, 1735, 4002),
(8281, 1736, 4002),
(8282, 1737, 4002),
(8283, 1738, 4002),
(8284, 1739, 4002),
(8285, 1740, 4002),
(8286, 1741, 4002),
(8287, 1742, 4002),
(8288, 1743, 4002),
(8289, 1744, 4002),
(8290, 1745, 4002),
(8291, 1746, 4002),
(8292, 1747, 4002),
(8293, 1766, 4002),
(8294, 1767, 4002),
(8295, 1768, 4002),
(8296, 1395, 4002),
(8297, 1769, 4002),
(8298, 1770, 4002),
(8299, 1771, 4002),
(8300, 1772, 4002),
(8301, 1773, 4002),
(8302, 1774, 4002),
(8303, 1775, 4002),
(8304, 1776, 4002),
(8305, 1777, 4002),
(8306, 1778, 4002),
(8307, 1779, 4002),
(8308, 1780, 4002),
(8309, 1781, 4002),
(8310, 1782, 4002),
(8311, 1783, 4002),
(8312, 1784, 4002),
(8313, 1785, 4001),
(8314, 1399, 4002),
(8315, 1786, 4002),
(8316, 1787, 4002),
(8317, 1430, 4002),
(8318, 1788, 4002),
(8319, 1789, 4002),
(8320, 1790, 4002),
(8321, 1791, 4002),
(8322, 1792, 4002),
(8323, 1793, 4002),
(8324, 1794, 4002),
(8325, 1795, 4002),
(8326, 1796, 4002),
(8327, 1797, 4002),
(8328, 1798, 4002),
(8329, 1799, 4002),
(8330, 1800, 4002),
(8331, 1801, 4002),
(8332, 1802, 4002),
(8333, 1803, 4002),
(8334, 1804, 4002),
(8335, 1805, 4002),
(8336, 1806, 4002),
(8337, 1807, 4002),
(8338, 1808, 4002),
(8339, 1809, 4002),
(8340, 1810, 4002),
(8341, 1811, 4002),
(8342, 1812, 4002),
(8343, 1813, 4002),
(8344, 1814, 4002),
(8345, 1815, 4002),
(8346, 1816, 4002),
(8347, 1817, 4000),
(8350, 1822, 4000),
(8351, 1823, 4001),
(8353, 1825, 4007),
(8354, 1826, 4007),
(8355, 1827, 4010),
(8356, 1828, 4002),
(8357, 1829, 4002),
(8358, 1830, 4001),
(8359, 1831, 4002),
(8360, 1832, 4002),
(8361, 1833, 4002),
(8362, 1834, 4002),
(8363, 1835, 4002),
(8365, 1837, 4000),
(8366, 1839, 4002),
(8367, 1840, 4002),
(8368, 1841, 4009),
(8369, 1842, 4009),
(8370, 1607, 4009),
(8371, 1608, 4009),
(8372, 1843, 4002),
(8373, 1844, 4000),
(8374, 1845, 4002),
(8375, 1846, 4002),
(8377, 1294, 4002),
(8378, 1847, 4010),
(8382, 1345, 4002),
(8383, 1346, 4002),
(8384, 1848, 4002),
(8385, 1849, 4002),
(8386, 1352, 4002),
(8388, 1850, 4002),
(8390, 1852, 4002),
(8391, 1853, 4002),
(8392, 1502, 4002),
(8393, 1854, 4007),
(8394, 1855, 4010),
(8398, 1859, 4010),
(8399, 1863, 4010),
(8401, 1864, 4010),
(8402, 1287, 4010),
(8403, 1865, 4001),
(8404, 1278, 4001),
(8405, 1456, 4002),
(8406, 1866, 4002),
(8407, 1497, 4007),
(8408, 1867, 4010),
(8409, 1868, 4010),
(8410, 1869, 4010),
(8411, 1870, 4002),
(8412, 1871, 4002),
(8413, 1297, 4001),
(8414, 1872, 4002),
(8415, 1873, 4002),
(8416, 1310, 4002),
(8417, 1064, 4002),
(8418, 1380, 4002),
(8419, 1383, 4002),
(8420, 1404, 4002),
(8421, 1422, 4002),
(8422, 1381, 4002),
(8423, 1405, 4002),
(8424, 1429, 4002),
(8425, 1412, 4002),
(8426, 1413, 4002),
(8427, 1407, 4002),
(8428, 1710, 4002),
(8429, 1384, 4002),
(8430, 1385, 4002),
(8431, 1765, 4002),
(8432, 1402, 4002),
(8433, 1394, 4002),
(8434, 1390, 4002),
(8435, 1392, 4002),
(8436, 1393, 4002),
(8437, 1391, 4002),
(8438, 1396, 4002),
(8439, 1397, 4002),
(8440, 1398, 4002),
(8441, 1406, 4002),
(8442, 1416, 4002),
(8443, 1403, 4002),
(8444, 1400, 4002),
(8445, 1417, 4002),
(8446, 1011, 4002),
(8447, 1423, 4002),
(8448, 1418, 4002),
(8449, 1389, 4002),
(8450, 1409, 4002),
(8451, 1410, 4002),
(8452, 1411, 4002),
(8453, 1414, 4002),
(8454, 1415, 4002),
(8455, 1631, 4002),
(8456, 1401, 4002),
(8457, 1419, 4002),
(8458, 1420, 4002),
(8459, 1421, 4002),
(8460, 1427, 4002),
(8461, 1425, 4002),
(8462, 1426, 4002),
(8463, 1432, 4002),
(8464, 1428, 4002),
(8465, 1431, 4002),
(8466, 1433, 4002),
(8467, 1434, 4002),
(8468, 1435, 4002),
(8469, 1288, 4010),
(8470, 1286, 4002),
(8471, 1518, 4002),
(8472, 1517, 4002),
(8473, 1379, 4002),
(8474, 1376, 4002),
(8475, 1377, 4002),
(8476, 1365, 4002),
(8477, 1364, 4002),
(8478, 1375, 4002),
(8479, 1378, 4002),
(8480, 1363, 4007),
(8481, 1367, 4007),
(8482, 1362, 4002),
(8483, 1370, 4002),
(8484, 1368, 4002),
(8485, 1369, 4002),
(8486, 1372, 4002),
(8487, 1373, 4002),
(8488, 1374, 4002),
(8489, 1371, 4002),
(8490, 1359, 4002),
(8491, 1360, 4002),
(8492, 1366, 4002),
(8493, 1361, 4002),
(8494, 1309, 4000),
(8495, 1356, 4000),
(8497, 1343, 4002),
(8498, 1304, 4007),
(8499, 1353, 4007),
(8500, 1321, 4002),
(8501, 1322, 4002),
(8502, 1320, 4002),
(8503, 1308, 4010),
(8504, 1306, 4002),
(8505, 1325, 4002),
(8506, 1355, 4002),
(8507, 1318, 4002),
(8508, 1503, 4002),
(8509, 1323, 4002),
(8510, 1316, 4007),
(8511, 1489, 4007),
(8512, 1490, 4007),
(8513, 1307, 4002),
(8514, 1424, 4000),
(8516, 1339, 4002),
(8518, 1342, 4002),
(8522, 1504, 4002),
(8523, 1625, 4002),
(8524, 1349, 4002),
(8525, 1626, 4002),
(8527, 1516, 4006),
(8528, 1620, 4002),
(8529, 1447, 4002),
(8530, 1448, 4002),
(8531, 1450, 4002),
(8532, 1451, 4002),
(8533, 1452, 4002),
(8534, 1472, 4002),
(8535, 1493, 4002),
(8536, 1494, 4002),
(8537, 1495, 4002),
(8538, 1496, 4002),
(8539, 1437, 4002),
(8540, 1469, 4002),
(8541, 1449, 4002),
(8542, 1468, 4002),
(8543, 1467, 4002),
(8544, 1465, 4002),
(8545, 1453, 4002),
(8546, 1457, 4000),
(8547, 1621, 4002),
(8548, 1443, 4002),
(8549, 1491, 4002),
(8550, 1440, 4002),
(8551, 1438, 4002),
(8552, 1482, 4002),
(8553, 1484, 4002),
(8554, 1463, 4002),
(8555, 1461, 4002),
(8556, 1454, 4002),
(8557, 1459, 4002),
(8558, 1439, 4002),
(8559, 1475, 4002),
(8560, 1474, 4002),
(8561, 1442, 4002),
(8562, 1487, 4002),
(8563, 1606, 4002),
(8564, 1464, 4002),
(8565, 1460, 4002),
(8566, 1458, 4002),
(8567, 1445, 4002),
(8568, 1473, 4002),
(8569, 1477, 4002),
(8570, 1441, 4002),
(8571, 1444, 4002),
(8572, 1622, 4002),
(8573, 1455, 4002),
(8574, 1485, 4002),
(8575, 1486, 4002),
(8576, 1462, 4002),
(8577, 1623, 4002),
(8578, 1480, 4002),
(8579, 1476, 4002),
(8580, 1488, 4002),
(8581, 1478, 4002),
(8582, 1479, 4002),
(8583, 1446, 4002),
(8584, 1470, 4002),
(8585, 1471, 4002),
(8586, 1329, 4002),
(8587, 1328, 4002),
(8588, 1332, 4002),
(8589, 1333, 4002),
(8590, 1331, 4002),
(8591, 1351, 4002),
(8592, 1350, 4002),
(8593, 1386, 4002),
(8594, 1387, 4002),
(8595, 1388, 4002),
(8596, 1284, 4006),
(8597, 1283, 4004),
(8599, 1354, 4007),
(8600, 1302, 4007),
(8601, 1299, 4007),
(8602, 1300, 4007),
(8603, 1298, 4001),
(8604, 1303, 4002),
(8605, 1301, 4002),
(8606, 1874, 4010),
(8607, 1277, 4004),
(8608, 1276, 4001),
(8609, 1285, 4004),
(8610, 1296, 4007),
(8611, 1875, 4001),
(8612, 1876, 4001),
(8613, 1877, 4007),
(8614, 1878, 4007),
(8615, 1879, 4007),
(8616, 1882, 4007),
(8617, 1319, 4007),
(8618, 1327, 4000),
(8619, 1884, 4001),
(8620, 1886, 4001),
(8621, 1887, 4001),
(8622, 1888, 4001),
(8623, 1889, 4006),
(8624, 1890, 4001),
(8625, 1891, 4001),
(8626, 1899, 4006),
(8627, 1894, 4006),
(8628, 1896, 4001),
(8629, 1897, 4006),
(8630, 1892, 4006),
(8631, 1893, 4006),
(8632, 1895, 4006),
(8633, 1901, 4001),
(8634, 1900, 4001),
(8635, 1902, 4000),
(8636, 1903, 4000),
(8637, 1904, 4000),
(8638, 1905, 4007),
(8639, 1909, 4001),
(8641, 1911, 4000),
(8642, 1912, 4000),
(8643, 1915, 4000),
(8644, 1913, 4000),
(8645, 1916, 4000),
(8646, 1914, 4000),
(8647, 1917, 4000),
(8648, 1918, 4001),
(8649, 1919, 4000),
(8650, 1928, 4000),
(8651, 1930, 4000);

-- --------------------------------------------------------

--
-- Table structure for table `discovery_state`
--

CREATE TABLE IF NOT EXISTS `discovery_state` (
  `id` int(11) NOT NULL AUTO_INCREMENT,
  `name` varchar(20) NOT NULL,
  `datatype_id` int(11) NOT NULL,
  `priority` int(11) NOT NULL,
  `title` varchar(80) NOT NULL,
  `description` varchar(255) NOT NULL,
  PRIMARY KEY (`id`),
  UNIQUE KEY `name` (`name`),
  KEY `title` (`title`),
  KEY `datatype` (`datatype_id`)
) ENGINE=InnoDB  DEFAULT CHARSET=latin1 AUTO_INCREMENT=4012 ;

--
-- Dumping data for table `discovery_state`
--

INSERT INTO `discovery_state` (`id`, `name`, `datatype_id`, `priority`, `title`, `description`) VALUES
(4000, 'clientside', 12000, 6, 'Client-Side (JavaScript) Sniff', 'find by client-side javascript feature detection'),
(4001, 'serverside', 12000, 4, 'Server-Side (PHP) Sniff', 'find by server_side sniffing using PHP at runtime'),
(4002, 'clientserverside', 12000, 0, 'Both Client and Server', 'property can be found by server-side user agent, or client-side feature detection, e.g. domain name.'),
(4004, 'isp', 12000, 0, 'Supplied by ISP', 'property can only be supplied by the ISP, e.g. green office practices.'),
(4006, 'user', 12000, 5, 'User Inspection', 'Information that only the user can supply, e.g. a comment about the browser or inspection of a rendered web page'),
(4007, 'database', 12000, 2, 'Database', 'properties that, cannot be tested for, and must be added to the database.'),
(4009, 'configuration', 12001, 1, 'GBP configuration', 'GBP configuration state, e.g. if GBP is running in a debug mode.'),
(4010, 'headers', 12000, 3, 'HTTP Headers', 'HTTP headers (origin and response) including the user agent.'),
(4011, 'api', 12000, 0, 'API', 'third party api required to get this information.');

-- --------------------------------------------------------

--
-- Table structure for table `import_fulltests`
--

CREATE TABLE IF NOT EXISTS `import_fulltests` (
  `id` int(11) NOT NULL AUTO_INCREMENT,
  `user_agent` varchar(255) NOT NULL,
  `client` varchar(80) NOT NULL,
  `referer` varchar(255) NOT NULL,
  `source` varchar(80) NOT NULL,
  `date_test` datetime NOT NULL,
  PRIMARY KEY (`id`),
  UNIQUE KEY `id` (`id`)
) ENGINE=InnoDB  DEFAULT CHARSET=latin1 COMMENT='used to pull full tests into database' AUTO_INCREMENT=226 ;

--
-- Dumping data for table `import_fulltests`
--

INSERT INTO `import_fulltests` (`id`, `user_agent`, `client`, `referer`, `source`, `date_test`) VALUES
(129, 'Mozilla/5.0 (Windows NT 6.2; WOW64) AppleWebKit/537.36 (KHTML, like Gecko) Chrome/31.0.1650.26 Safari/537.36 OPR/18.0.1284.11 (Edition Next)', '', '1', '', '2013-11-03 11:48:40'),
(133, 'Mozilla/5.0 (Windows NT 6.2; WOW64) AppleWebKit/537.36 (KHTML, like Gecko) Chrome/30.0.1599.101 Safari/537.36', '', '1', '', '2013-11-03 12:00:03'),
(134, 'Mozilla/5.0 (Windows NT 6.2; WOW64; rv:24.0) Gecko/20100101 Firefox/24.0', '', '1', '', '2013-11-03 12:00:36'),
(135, 'Mozilla/5.0 (Windows; U; Windows NT 5.1; en-US; rv:1.8.1.20) Gecko/20081217 Firefox/2.0.0.20', '', '1', '', '2013-11-03 14:12:09'),
(136, 'Mozilla/4.0 (compatible; MSIE 6.0; Windows NT 5.1; SV1; (R1 1.6))', '', '1', '', '2013-11-03 14:12:33'),
(137, 'Mozilla/5.0 (Windows; U; Windows NT 5.1; en-US; rv:1.7.5) Gecko/20060912 Netscape/8.1.2', '', '1', '', '2013-11-03 14:15:44'),
(139, 'Mozilla/4.0 (compatible; MSIE 6.0; Windows NT 5.1; SV1)', '', '1', '', '2013-11-05 20:44:13'),
(140, 'Mozilla/5.0 (Windows; U; Windows NT 5.1; en-US; rv:1.7.5) Gecko/20041107 Firefox/1.0', '', '1', '', '2013-11-05 20:44:58'),
(141, 'Mozilla/5.0 (Windows NT 6.1; WOW64) AppleWebKit/537.36 (KHTML, like Gecko) Chrome/30.0.1599.69 Safari/537.36', '', '1', '', '2013-11-06 06:54:57'),
(142, 'Opera/9.80 (Windows NT 6.1; WOW64) Presto/2.12.388 Version/12.16', '', '1', '', '2013-11-06 06:56:11'),
(143, 'Mozilla/5.0 (compatible; MSIE 10.0; Windows NT 6.1; WOW64; Trident/6.0; SLCC2; .NET CLR 2.0.50727; .NET CLR 3.5.30729; .NET CLR 3.0.30729; Media Center PC 6.0; .NET4.0C; .NET4.0E)', '', '1', '', '2013-11-06 07:11:01'),
(144, 'Mozilla/5.0 (Windows NT 6.1; WOW64) AppleWebKit/537.36 (KHTML, like Gecko) Chrome/30.0.1599.69 Safari/537.36', '', '1', '', '2013-11-06 07:29:59'),
(150, 'Mozilla/4.0 (compatible; MSIE 5.0; Windows NT 5.1) Opera 5.12  [en]', '', '1', '', '2013-11-06 07:57:00'),
(154, 'Opera/9.80 (J2ME/MIDP; Opera Mini/7.1.32422/32.1125; U; en) Presto/2.8.119 Version/11.10', '', '1', '', '2013-11-06 08:11:33'),
(168, 'Mozilla/5.0 (compatible; MSIE 10.0; Windows NT 6.1; WOW64; Trident/6.0; SLCC2; .NET CLR 2.0.50727; .NET CLR 3.5.30729; .NET CLR 3.0.30729; Media Center PC 6.0; .NET4.0C; .NET4.0E)', '', '1', '', '2013-11-06 11:06:37'),
(171, 'Opera/9.80 (Windows NT 6.1; WOW64) Presto/2.12.388 Version/12.16', '', '1', '', '2013-11-06 11:09:37'),
(172, 'Mozilla/5.0 (Windows NT 6.1; WOW64; rv:20.0) Gecko/20100101 Firefox/20.0', '', '1', '', '2013-11-06 12:46:58'),
(173, 'Mozilla/5.0 (Windows NT 6.1; WOW64; rv:20.0) Gecko/20100101 Firefox/20.0', '', '1', '', '2013-11-06 13:00:48'),
(182, 'Mozilla/5.0 (compatible; MSIE 10.0; Windows NT 6.1; WOW64; Trident/6.0; SLCC2; .NET CLR 2.0.50727; .NET CLR 3.5.30729; .NET CLR 3.0.30729; Media Center PC 6.0; .NET4.0C; .NET4.0E)', '', '1', '', '2013-11-06 17:30:32'),
(184, 'Mozilla/3.0 [en] (compatible; HotJava; x86)', '', '1', '', '2013-11-06 17:50:38'),
(185, 'Mozilla/3.0 [en] (compatible; HotJava; x86)', '', '1', '', '2013-11-06 17:52:36'),
(188, 'Mozilla/4.0 (compatible; MSIE 6.0; Windows NT 5.1; SV1; (R1 1.6))', '', '1', '', '2013-11-08 15:02:05'),
(189, 'Mozilla/5.0 (Windows; U; Windows NT 5.1; en-US; rv:1.7.5) Gecko/20060912 Netscape/8.1.2', '', '1', '', '2013-11-08 15:03:02'),
(190, 'Mozilla/5.0 (Windows; U; Windows NT 5.1; en-US; rv:1.8.1.20) Gecko/20081217 Firefox/2.0.0.20', '', '1', '', '2013-11-08 15:04:03'),
(191, 'Mozilla/3.0 [en] (compatible; HotJava; x86)', '', '1', '', '2013-11-08 15:04:29'),
(192, 'Mozilla/5.0 (Windows NT 6.2; WOW64) AppleWebKit/537.36 (KHTML, like Gecko) Chrome/31.0.1650.26 Safari/537.36 OPR/18.0.1284.11 (Edition Next)', '', '1', '', '2013-11-08 15:05:30'),
(204, 'Opera/9.80 (Windows NT 6.2; WOW64) Presto/2.12.388 Version/12.16', '', '1', '', '2013-11-28 09:04:01'),
(208, 'opera/9.80 (windows nt 6.2; wow64) presto/2.12.388 version/12.16', '', '', '', '2013-11-30 16:38:55'),
(209, 'mozilla/5.0 (linux; u; android; en_us; androvm for virtualbox (''phone'' version) build/) applewebkit/530.17 (khtml, like gecko) version/4.0 netfrontlifebrowser/2.3 mobile (dragonfruit)', '', 'http://greenboilerplate.com/gbp/fulltests.php', '', '2014-01-24 11:58:55'),
(210, 'mozilla/5.0 (bb10; touch) applewebkit/537.35  (khtml, like gecko) version/10.2.0.1155 mobile safari/537.35', '', 'http://greenboilerplate.com/gbp/fulltests.php', '', '2014-01-24 16:52:54'),
(211, 'mozilla/5.0 (windows; u; windows nt 5.1; en-us; rv:1.9.1.5) gecko/20091218 firefox/3.5.5 orca/1.2 build 6', '', 'http://greenboilerplate.com/gbp/fulltests.php', '', '2014-01-29 19:32:38'),
(212, 'mozilla/5.0 (windows nt 5.1) applewebkit/534.34 (khtml, like gecko) leechcraft/0.5.95-2509-g599c148 safari/534.34', '', 'http://greenboilerplate.com/gbp/fulltests.php', '', '2014-02-12 09:40:06'),
(213, 'mozilla/4.0 (compatible; msie 6.0; windows nt 5.1; sv1; (r1 1.6); .net4.0c; .net4.0e; .net clr 2.0.50727; .net clr 3.0.4506.2152; .net clr 3.5.30729)', '', 'http://greenboilerplate.com/gbp/fulltests.php', '', '2014-02-15 15:41:50'),
(214, 'mozilla/5.0 (linux; u; android 4.1.1; en-us; androvm for virtualbox (''phone'' version) build/jro03s) applewebkit/534.30 (khtml, like gecko) version/4.0 mobile safari/534.30', '', 'http://greenboilerplate.com/gbp/fulltests.php', '', '2014-02-16 07:57:53'),
(215, 'mozilla/5.0 (windows; u; windows nt 5.1; en-us) applewebkit/532.4 (khtml, like gecko) usejump/0.10.5 safari/532.4', '', 'http://greenboilerplate.com/gbp/fulltests.php', '', '2014-02-16 08:14:03'),
(216, 'mozilla/5.0 (ipad; u; cpu os 6_0 like mac os x) applewebkit/536.26 (khtml, like gecko) version/6.0 mobile/10a403 safari/8536.25', '', 'http://greenboilerplate.com/gbp/fulltests.php', '', '2014-02-19 10:48:13'),
(217, 'mozilla/5.0 (ipad; u; cpu os 5_0 like mac os x) applewebkit/534.46 (khtml, like gecko) version/5.1 mobile/9a334 safari/7534.48.3', '', 'http://greenboilerplate.com/gbp/fulltests.php', '', '2014-02-19 13:33:53'),
(218, 'mozilla/5.0 (ipad; cpu os 7_0_4 like mac os x) applewebkit/537.51.1 (khtml, like gecko) mercury/8.3 mobile/11b554a safari/9537.53', '', 'http://greenboilerplate.com/gbp/fulltests.php', '', '2014-02-19 13:35:07'),
(219, 'mozilla/5.0 (x11; linux i686) applewebkit/535.22  (khtml, like gecko) chromium/17.0.963.56 chrome/17.0.963.56 safari/535.22  ubuntu/12.04 (3.4.1-0ubuntu1) epiphany/3.4.1', '', 'http://greenboilerplate.com/gbp/fulltests.php', '', '2014-02-22 07:41:41'),
(220, 'mozilla/5.0 (x11; linux i686) applewebkit/538.1 (khtml, like gecko) cyberdragon.bin safari/538.1', '', '1', '', '2014-02-23 08:29:38'),
(221, 'mozilla/5.0 (windows nt 5.1; avant tricore) applewebkit/537.36 (khtml, like gecko) chrome/31.0.1650.63 safari/537.36', '', 'http://greenboilerplate.com/gbp/fulltests.php', '', '2014-02-28 07:24:22'),
(222, 'mozilla/4.0 (compatible; msie 6.0; windows nt 5.1; sv1; deepnet explorer 1.5.3; smart 2x2; (r1 1.6); .net4.0c; .net4.0e; .net clr 2.0.50727; .net clr 3.0.4506.2152; .net clr 3.5.30729)', '', 'http://greenboilerplate.com/gbp/fulltests.php', '', '2014-02-28 07:28:56'),
(223, 'mozilla/5.0 (windows nt 5.1) applewebkit/537.31 (khtml, like gecko) chrome/26.3.9999.1648 safari/537.31 bdspark/26.3', '', 'http://greenboilerplate.com/gbp/fulltests.php', '', '2014-03-09 08:20:35'),
(224, 'mozilla/5.0 (windows nt 5.1) applewebkit/537.36 (khtml, like gecko) chrome/29.0.1547.76 safari/537.36', '', 'http://greenboilerplate.com/gbp/fulltests.php', '', '2014-03-09 12:08:24'),
(225, 'mozilla/5.0 (windows nt 5.1) applewebkit/537.36 (khtml, like gecko) chrome/31.0.1650.63 safari/537.36 sleipnir/5.1.0', '', 'http://greenboilerplate.com/gbp/fulltests.php', '', '2014-03-09 12:17:59');

-- --------------------------------------------------------

--
-- Table structure for table `import_fulltests_results`
--

CREATE TABLE IF NOT EXISTS `import_fulltests_results` (
  `id` int(11) NOT NULL AUTO_INCREMENT,
  `property` varchar(80) NOT NULL,
  `result` varchar(255) NOT NULL,
  `fulltest_id` int(11) NOT NULL,
  PRIMARY KEY (`id`),
  UNIQUE KEY `id` (`id`),
  KEY `fulltest_id` (`fulltest_id`)
) ENGINE=InnoDB  DEFAULT CHARSET=latin1 AUTO_INCREMENT=9090 ;

--
-- Dumping data for table `import_fulltests_results`
--

INSERT INTO `import_fulltests_results` (`id`, `property`, `result`, `fulltest_id`) VALUES
(1, 'javascript', 'true', 129),
(2, 'root', '[object Window]', 129),
(3, 'clientside', 'true', 129),
(4, 'loader', 'false', 129),
(5, 'module', 'false', 129),
(6, 'serverside', 'false', 129),
(7, 'name', 'chrome', 129),
(8, 'version', '31', 129),
(9, 'enginename', 'webkit', 129),
(10, 'useragent', 'Mozilla/5.0 (Windows NT 6.2; WOW64) AppleWebKit/537.36 (KHTML, like Gecko) Chrom', 129),
(11, 'dom0', 'true', 129),
(12, 'dom1', 'true', 129),
(13, 'dom2', 'true', 129),
(14, 'dom3', 'false', 129),
(15, 'cookie', 'true', 129),
(16, 'vendorprefix', 'webkit', 129),
(17, 'localstorage', 'true', 129),
(18, 'sessionstorage', 'true', 129),
(19, 'json', 'true', 129),
(20, 'command', 'false', 129),
(21, 'scriptasync', 'true', 129),
(22, 'scriptdefer', 'true', 129),
(23, 'iframe', 'true', 129),
(24, 'sandbox', 'true', 129),
(25, 'seamless', 'false', 129),
(26, 'srcdoc', 'true', 129),
(27, 'microdata', 'false', 129),
(28, 'date', 'true', 129),
(29, 'css', 'true', 129),
(30, 'color', 'true', 129),
(31, 'backgroundclip', 'true', 129),
(32, 'backgroundorigin', 'true', 129),
(33, 'backgroundsize', 'true', 129),
(34, 'boxshadow', 'true', 129),
(35, 'borderradius', 'true', 129),
(36, 'overflowx', 'true', 129),
(37, 'overflowy', 'true', 129),
(38, 'textshadow', 'true', 129),
(39, 'opacity', 'true', 129),
(40, 'pagevisibility', 'true', 129),
(41, 'getusermedia', 'true', 129),
(42, 'touch', 'false', 129),
(43, 'autocomplete', 'true', 129),
(44, 'audio', 'true', 129),
(45, 'audioapi', 'false', 129),
(46, 'mp3', 'false', 129),
(47, 'oggvorbis', 'true', 129),
(48, 'opus', 'true', 129),
(49, 'wav', 'true', 129),
(50, 'aac', 'false', 129),
(51, 'video', 'true', 129),
(52, 'h264', 'false', 129),
(53, 'mp4', 'false', 129),
(54, 'oggtheora', 'true', 129),
(55, 'webm', 'true', 129),
(56, 'webp', 'true', 129),
(57, 'captions', 'true', 129),
(58, 'poster', 'true', 129),
(59, 'track', 'true', 129),
(60, 'base64', 'true', 129),
(61, 'datauri', 'true', 129),
(62, 'canvas', 'true', 129),
(63, 'canvastext', 'true', 129),
(64, 'webgl', 'true', 129),
(65, 'svg', 'true', 129),
(66, 'inlinesvg', 'false', 129),
(67, 'svginhtml', 'true', 129),
(68, 'vml', 'false', 129),
(69, 'fullscreen', 'false', 129),
(70, 'requestanimationframe', 'true', 129),
(71, 'pointerlock', 'false', 129),
(72, 'geolocation', 'true', 129),
(73, 'navtiming', 'true', 129),
(74, 'orientationevent', 'true', 129),
(75, 'websockets', 'true', 129),
(76, 'webworkers', 'true', 129),
(77, 'sharedworkers', 'true', 129),
(78, 'postmessage', 'true', 129),
(79, 'eventsource', 'true', 129),
(80, 'applicationcache', 'false', 129),
(81, 'xhr', 'true', 129),
(82, 'xhr2', 'true', 129),
(83, 'cors', 'true', 129),
(84, 'history', 'true', 129),
(85, 'battery', 'false', 129),
(86, 'gamepad', 'false', 129),
(87, 'vibrate', 'false', 129),
(88, 'connection', 'false', 129),
(89, 'activex', 'true', 129),
(90, 'silverlight', '5.1', 129),
(91, 'acrobat', 'false', 129),
(92, 'quicktime', '7.7', 129),
(93, 'realplayer', 'false', 129),
(94, 'windowsmedia', 'false', 129),
(95, 'director', 'false', 129),
(96, 'unity', '4.2', 129),
(97, 'flash', '11.9', 129),
(98, 'java', 'true', 129),
(99, 'donottrack', 'true', 129),
(100, 'mstrackingprotection', 'false', 129),
(101, 'spdy', 'false', 129),
(405, 'javascript', 'true', 133),
(406, 'root', '[object Window]', 133),
(407, 'clientside', 'true', 133),
(408, 'loader', 'false', 133),
(409, 'module', 'false', 133),
(410, 'serverside', 'false', 133),
(411, 'name', 'chrome', 133),
(412, 'version', '30', 133),
(413, 'enginename', 'webkit', 133),
(414, 'useragent', 'Mozilla/5.0 (Windows NT 6.2; WOW64) AppleWebKit/537.36 (KHTML, like Gecko) Chrom', 133),
(415, 'dom0', 'true', 133),
(416, 'dom1', 'true', 133),
(417, 'dom2', 'true', 133),
(418, 'dom3', 'false', 133),
(419, 'cookie', 'true', 133),
(420, 'vendorprefix', 'webkit', 133),
(421, 'localstorage', 'true', 133),
(422, 'sessionstorage', 'true', 133),
(423, 'json', 'true', 133),
(424, 'command', 'false', 133),
(425, 'scriptasync', 'true', 133),
(426, 'scriptdefer', 'true', 133),
(427, 'iframe', 'true', 133),
(428, 'sandbox', 'true', 133),
(429, 'seamless', 'false', 133),
(430, 'srcdoc', 'true', 133),
(431, 'microdata', 'false', 133),
(432, 'date', 'true', 133),
(433, 'css', 'true', 133),
(434, 'color', 'true', 133),
(435, 'backgroundclip', 'true', 133),
(436, 'backgroundorigin', 'true', 133),
(437, 'backgroundsize', 'true', 133),
(438, 'boxshadow', 'true', 133),
(439, 'borderradius', 'true', 133),
(440, 'overflowx', 'true', 133),
(441, 'overflowy', 'true', 133),
(442, 'textshadow', 'true', 133),
(443, 'opacity', 'true', 133),
(444, 'pagevisibility', 'true', 133),
(445, 'getusermedia', 'true', 133),
(446, 'touch', 'false', 133),
(447, 'autocomplete', 'true', 133),
(448, 'audio', 'true', 133),
(449, 'audioapi', 'false', 133),
(450, 'mp3', 'true', 133),
(451, 'oggvorbis', 'true', 133),
(452, 'opus', 'true', 133),
(453, 'wav', 'true', 133),
(454, 'aac', 'true', 133),
(455, 'video', 'true', 133),
(456, 'h264', 'true', 133),
(457, 'mp4', 'true', 133),
(458, 'oggtheora', 'true', 133),
(459, 'webm', 'true', 133),
(460, 'webp', 'true', 133),
(461, 'captions', 'true', 133),
(462, 'poster', 'true', 133),
(463, 'track', 'true', 133),
(464, 'base64', 'true', 133),
(465, 'datauri', 'true', 133),
(466, 'canvas', 'true', 133),
(467, 'canvastext', 'true', 133),
(468, 'webgl', 'true', 133),
(469, 'svg', 'true', 133),
(470, 'inlinesvg', 'false', 133),
(471, 'svginhtml', 'true', 133),
(472, 'vml', 'false', 133),
(473, 'fullscreen', 'false', 133),
(474, 'requestanimationframe', 'true', 133),
(475, 'pointerlock', 'false', 133),
(476, 'geolocation', 'true', 133),
(477, 'navtiming', 'true', 133),
(478, 'orientationevent', 'true', 133),
(479, 'websockets', 'true', 133),
(480, 'webworkers', 'true', 133),
(481, 'sharedworkers', 'true', 133),
(482, 'postmessage', 'true', 133),
(483, 'eventsource', 'true', 133),
(484, 'applicationcache', 'false', 133),
(485, 'xhr', 'true', 133),
(486, 'xhr2', 'true', 133),
(487, 'cors', 'true', 133),
(488, 'history', 'true', 133),
(489, 'battery', 'false', 133),
(490, 'gamepad', 'false', 133),
(491, 'vibrate', 'false', 133),
(492, 'connection', 'false', 133),
(493, 'activex', 'true', 133),
(494, 'silverlight', '5.1', 133),
(495, 'acrobat', 'false', 133),
(496, 'quicktime', '7.7', 133),
(497, 'realplayer', 'false', 133),
(498, 'windowsmedia', 'false', 133),
(499, 'director', 'false', 133),
(500, 'unity', '4.2', 133),
(501, 'flash', 'false', 133),
(502, 'java', 'true', 133),
(503, 'donottrack', 'true', 133),
(504, 'mstrackingprotection', 'false', 133),
(505, 'spdy', 'false', 133),
(506, 'javascript', 'true', 134),
(507, 'root', '[object Window]', 134),
(508, 'clientside', 'true', 134),
(509, 'loader', 'false', 134),
(510, 'module', 'false', 134),
(511, 'serverside', 'false', 134),
(512, 'name', 'firefox', 134),
(513, 'version', '24', 134),
(514, 'enginename', 'gecko', 134),
(515, 'useragent', 'Mozilla/5.0 (Windows NT 6.2; WOW64; rv:24.0) Gecko/20100101 Firefox/24.0', 134),
(516, 'dom0', 'true', 134),
(517, 'dom1', 'true', 134),
(518, 'dom2', 'true', 134),
(519, 'dom3', 'false', 134),
(520, 'cookie', 'true', 134),
(521, 'vendorprefix', 'Moz', 134),
(522, 'localstorage', 'true', 134),
(523, 'sessionstorage', 'true', 134),
(524, 'json', 'true', 134),
(525, 'command', 'false', 134),
(526, 'scriptasync', 'true', 134),
(527, 'scriptdefer', 'true', 134),
(528, 'iframe', 'true', 134),
(529, 'sandbox', 'true', 134),
(530, 'seamless', 'false', 134),
(531, 'srcdoc', 'false', 134),
(532, 'microdata', 'true', 134),
(533, 'date', 'false', 134),
(534, 'css', 'true', 134),
(535, 'color', 'true', 134),
(536, 'backgroundclip', 'true', 134),
(537, 'backgroundorigin', 'true', 134),
(538, 'backgroundsize', 'true', 134),
(539, 'boxshadow', 'true', 134),
(540, 'borderradius', 'true', 134),
(541, 'overflowx', 'true', 134),
(542, 'overflowy', 'true', 134),
(543, 'textshadow', 'true', 134),
(544, 'opacity', 'true', 134),
(545, 'pagevisibility', 'true', 134),
(546, 'getusermedia', 'true', 134),
(547, 'touch', 'false', 134),
(548, 'autocomplete', 'true', 134),
(549, 'audio', 'true', 134),
(550, 'audioapi', 'false', 134),
(551, 'mp3', 'true', 134),
(552, 'oggvorbis', 'true', 134),
(553, 'opus', 'true', 134),
(554, 'wav', 'true', 134),
(555, 'aac', 'true', 134),
(556, 'video', 'true', 134),
(557, 'h264', 'true', 134),
(558, 'mp4', 'false', 134),
(559, 'oggtheora', 'true', 134),
(560, 'webm', 'true', 134),
(561, 'webp', 'true', 134),
(562, 'captions', 'false', 134),
(563, 'poster', 'true', 134),
(564, 'track', 'false', 134),
(565, 'base64', 'true', 134),
(566, 'datauri', 'true', 134),
(567, 'canvas', 'true', 134),
(568, 'canvastext', 'true', 134),
(569, 'webgl', 'true', 134),
(570, 'svg', 'true', 134),
(571, 'inlinesvg', 'false', 134),
(572, 'svginhtml', 'true', 134),
(573, 'vml', 'false', 134),
(574, 'fullscreen', 'false', 134),
(575, 'requestanimationframe', 'true', 134),
(576, 'pointerlock', 'false', 134),
(577, 'geolocation', 'true', 134),
(578, 'navtiming', 'true', 134),
(579, 'orientationevent', 'true', 134),
(580, 'websockets', 'true', 134),
(581, 'webworkers', 'true', 134),
(582, 'sharedworkers', 'false', 134),
(583, 'postmessage', 'true', 134),
(584, 'eventsource', 'true', 134),
(585, 'applicationcache', 'false', 134),
(586, 'xhr', 'true', 134),
(587, 'xhr2', 'true', 134),
(588, 'cors', 'true', 134),
(589, 'history', 'true', 134),
(590, 'battery', 'true', 134),
(591, 'gamepad', 'false', 134),
(592, 'vibrate', 'true', 134),
(593, 'connection', 'false', 134),
(594, 'activex', 'true', 134),
(595, 'silverlight', '5.1', 134),
(596, 'acrobat', '10.1', 134),
(597, 'quicktime', '7.7', 134),
(598, 'realplayer', 'false', 134),
(599, 'windowsmedia', 'false', 134),
(600, 'director', 'false', 134),
(601, 'unity', '4.2', 134),
(602, 'flash', '11.9', 134),
(603, 'java', 'true', 134),
(604, 'donottrack', 'true', 134),
(605, 'mstrackingprotection', 'false', 134),
(606, 'spdy', 'false', 134),
(607, 'javascript', 'true', 135),
(608, 'root', '[object Window]', 135),
(609, 'clientside', 'true', 135),
(610, 'loader', 'false', 135),
(611, 'module', 'false', 135),
(612, 'serverside', 'false', 135),
(613, 'name', 'firefox', 135),
(614, 'version', '2', 135),
(615, 'enginename', 'gecko', 135),
(616, 'useragent', 'Mozilla/5.0 (Windows; U; Windows NT 5.1; en-US; rv:1.8.1.20) Gecko/20081217 Fire', 135),
(617, 'dom0', 'true', 135),
(618, 'dom1', 'true', 135),
(619, 'dom2', 'true', 135),
(620, 'dom3', 'true', 135),
(621, 'cookie', 'true', 135),
(622, 'vendorprefix', 'Moz', 135),
(623, 'localstorage', 'false', 135),
(624, 'sessionstorage', 'true', 135),
(625, 'json', 'true', 135),
(626, 'command', 'false', 135),
(627, 'scriptasync', 'false', 135),
(628, 'scriptdefer', 'true', 135),
(629, 'iframe', 'true', 135),
(630, 'sandbox', 'false', 135),
(631, 'seamless', 'false', 135),
(632, 'srcdoc', 'false', 135),
(633, 'microdata', 'false', 135),
(634, 'css', 'true', 135),
(635, 'color', 'true', 135),
(636, 'backgroundclip', 'false', 135),
(637, 'backgroundorigin', 'false', 135),
(638, 'backgroundsize', 'false', 135),
(639, 'boxshadow', 'false', 135),
(640, 'borderradius', 'false', 135),
(641, 'overflowx', 'false', 135),
(642, 'overflowy', 'false', 135),
(643, 'textshadow', 'false', 135),
(644, 'opacity', 'true', 135),
(645, 'pagevisibility', 'false', 135),
(646, 'getusermedia', 'false', 135),
(647, 'touch', 'false', 135),
(648, 'autocomplete', 'false', 135),
(649, 'audio', 'false', 135),
(650, 'audioapi', 'false', 135),
(651, 'mp3', 'false', 135),
(652, 'oggvorbis', 'false', 135),
(653, 'opus', 'false', 135),
(654, 'wav', 'false', 135),
(655, 'aac', 'false', 135),
(656, 'video', 'false', 135),
(657, 'h264', 'false', 135),
(658, 'mp4', 'false', 135),
(659, 'oggtheora', 'false', 135),
(660, 'webm', 'false', 135),
(661, 'webp', 'false', 135),
(662, 'captions', 'false', 135),
(663, 'poster', 'false', 135),
(664, 'track', 'false', 135),
(665, 'base64', 'true', 135),
(666, 'datauri', 'true', 135),
(667, 'canvas', 'true', 135),
(668, 'canvastext', 'false', 135),
(669, 'webgl', 'false', 135),
(670, 'svg', 'true', 135),
(671, 'inlinesvg', 'true', 135),
(672, 'svginhtml', 'false', 135),
(673, 'vml', 'false', 135),
(674, 'fullscreen', 'false', 135),
(675, 'requestanimationframe', 'false', 135),
(676, 'pointerlock', 'false', 135),
(677, 'geolocation', 'false', 135),
(678, 'navtiming', 'false', 135),
(679, 'orientationevent', 'false', 135),
(680, 'websockets', 'false', 135),
(681, 'webworkers', 'false', 135),
(682, 'sharedworkers', 'false', 135),
(683, 'postmessage', 'false', 135),
(684, 'eventsource', 'false', 135),
(685, 'applicationcache', 'false', 135),
(686, 'xhr', 'true', 135),
(687, 'xhr2', 'false', 135),
(688, 'cors', 'false', 135),
(689, 'history', 'false', 135),
(690, 'battery', 'false', 135),
(691, 'gamepad', 'false', 135),
(692, 'vibrate', 'false', 135),
(693, 'connection', 'false', 135),
(694, 'activex', 'true', 135),
(695, 'silverlight', '5.1', 135),
(696, 'acrobat', 'false', 135),
(697, 'quicktime', '7.7', 135),
(698, 'realplayer', 'true', 135),
(699, 'windowsmedia', 'true', 135),
(700, 'director', 'false', 135),
(701, 'unity', 'false', 135),
(702, 'flash', 'false', 135),
(703, 'java', 'true', 135),
(704, 'donottrack', 'false', 135),
(705, 'mstrackingprotection', 'false', 135),
(706, 'spdy', 'false', 135),
(707, 'javascript', 'true', 136),
(708, 'root', '[object]', 136),
(709, 'clientside', 'true', 136),
(710, 'loader', 'false', 136),
(711, 'module', 'false', 136),
(712, 'serverside', 'false', 136),
(713, 'name', 'msie', 136),
(714, 'version', '6', 136),
(715, 'enginename', 'trident', 136),
(716, 'useragent', 'Mozilla/4.0 (compatible; MSIE 6.0; Windows NT 5.1; SV1; (R1 1.6))', 136),
(717, 'dom0', 'true', 136),
(718, 'dom1', 'true', 136),
(719, 'dom2', 'false', 136),
(720, 'dom3', 'false', 136),
(721, 'cookie', 'true', 136),
(722, 'vendorprefix', 'false', 136),
(723, 'localstorage', 'false', 136),
(724, 'sessionstorage', 'false', 136),
(725, 'json', 'true', 136),
(726, 'command', 'false', 136),
(727, 'scriptasync', 'false', 136),
(728, 'scriptdefer', 'true', 136),
(729, 'iframe', 'true', 136),
(730, 'sandbox', 'false', 136),
(731, 'seamless', 'false', 136),
(732, 'srcdoc', 'false', 136),
(733, 'microdata', 'false', 136),
(734, 'css', 'true', 136),
(735, 'color', 'true', 136),
(736, 'backgroundclip', 'false', 136),
(737, 'backgroundorigin', 'false', 136),
(738, 'backgroundsize', 'false', 136),
(739, 'boxshadow', 'false', 136),
(740, 'borderradius', 'false', 136),
(741, 'overflowx', 'false', 136),
(742, 'overflowy', 'false', 136),
(743, 'textshadow', 'false', 136),
(744, 'opacity', 'false', 136),
(745, 'pagevisibility', 'false', 136),
(746, 'getusermedia', 'false', 136),
(747, 'touch', 'false', 136),
(748, 'autocomplete', 'false', 136),
(749, 'audio', 'false', 136),
(750, 'audioapi', 'false', 136),
(751, 'mp3', 'false', 136),
(752, 'oggvorbis', 'false', 136),
(753, 'opus', 'false', 136),
(754, 'wav', 'false', 136),
(755, 'aac', 'false', 136),
(756, 'video', 'false', 136),
(757, 'h264', 'false', 136),
(758, 'mp4', 'false', 136),
(759, 'oggtheora', 'false', 136),
(760, 'webm', 'false', 136),
(761, 'webp', 'false', 136),
(762, 'captions', 'false', 136),
(763, 'poster', 'false', 136),
(764, 'track', 'false', 136),
(765, 'base64', 'false', 136),
(766, 'canvas', 'false', 136),
(767, 'canvastext', 'false', 136),
(768, 'webgl', 'false', 136),
(769, 'svg', 'false', 136),
(770, 'inlinesvg', 'false', 136),
(771, 'svginhtml', 'false', 136),
(772, 'vml', 'true', 136),
(773, 'fullscreen', 'false', 136),
(774, 'requestanimationframe', 'false', 136),
(775, 'pointerlock', 'false', 136),
(776, 'geolocation', 'false', 136),
(777, 'navtiming', 'false', 136),
(778, 'orientationevent', 'false', 136),
(779, 'websockets', 'false', 136),
(780, 'webworkers', 'false', 136),
(781, 'sharedworkers', 'false', 136),
(782, 'postmessage', 'false', 136),
(783, 'eventsource', 'false', 136),
(784, 'applicationcache', 'false', 136),
(785, 'xhr', 'false', 136),
(786, 'xhr2', 'false', 136),
(787, 'cors', 'false', 136),
(788, 'history', 'false', 136),
(789, 'battery', 'false', 136),
(790, 'gamepad', 'false', 136),
(791, 'vibrate', 'false', 136),
(792, 'connection', 'false', 136),
(793, 'activex', 'true', 136),
(794, 'silverlight', '5', 136),
(795, 'acrobat', 'false', 136),
(796, 'quicktime', 'false', 136),
(797, 'realplayer', 'true', 136),
(798, 'windowsmedia', '9', 136),
(799, 'director', 'false', 136),
(800, 'unity', 'false', 136),
(801, 'flash', '8.0', 136),
(802, 'java', 'true', 136),
(803, 'donottrack', 'false', 136),
(804, 'mstrackingprotection', 'false', 136),
(805, 'spdy', 'false', 136),
(806, 'javascript', 'true', 137),
(807, 'root', '[object Window]', 137),
(808, 'clientside', 'true', 137),
(809, 'loader', 'false', 137),
(810, 'module', 'false', 137),
(811, 'serverside', 'false', 137),
(812, 'enginename', 'gecko', 137),
(813, 'useragent', 'Mozilla/5.0 (Windows; U; Windows NT 5.1; en-US; rv:1.7.5) Gecko/20060912 Netscap', 137),
(814, 'dom0', 'true', 137),
(815, 'dom1', 'true', 137),
(816, 'dom2', 'true', 137),
(817, 'dom3', 'true', 137),
(818, 'cookie', 'true', 137),
(819, 'vendorprefix', 'Moz', 137),
(820, 'localstorage', 'false', 137),
(821, 'sessionstorage', 'false', 137),
(822, 'json', 'true', 137),
(823, 'command', 'false', 137),
(824, 'scriptasync', 'false', 137),
(825, 'scriptdefer', 'true', 137),
(826, 'iframe', 'true', 137),
(827, 'sandbox', 'false', 137),
(828, 'seamless', 'false', 137),
(829, 'srcdoc', 'false', 137),
(830, 'microdata', 'false', 137),
(831, 'css', 'true', 137),
(832, 'color', 'true', 137),
(833, 'backgroundclip', 'false', 137),
(834, 'backgroundorigin', 'false', 137),
(835, 'backgroundsize', 'false', 137),
(836, 'boxshadow', 'false', 137),
(837, 'borderradius', 'false', 137),
(838, 'overflowx', 'false', 137),
(839, 'overflowy', 'false', 137),
(840, 'textshadow', 'false', 137),
(841, 'opacity', 'true', 137),
(842, 'pagevisibility', 'false', 137),
(843, 'getusermedia', 'false', 137),
(844, 'touch', 'false', 137),
(845, 'autocomplete', 'false', 137),
(846, 'audio', 'false', 137),
(847, 'audioapi', 'false', 137),
(848, 'mp3', 'false', 137),
(849, 'oggvorbis', 'false', 137),
(850, 'opus', 'false', 137),
(851, 'wav', 'false', 137),
(852, 'aac', 'false', 137),
(853, 'video', 'false', 137),
(854, 'h264', 'false', 137),
(855, 'mp4', 'false', 137),
(856, 'oggtheora', 'false', 137),
(857, 'webm', 'false', 137),
(858, 'webp', 'false', 137),
(859, 'captions', 'false', 137),
(860, 'poster', 'false', 137),
(861, 'track', 'false', 137),
(862, 'base64', 'true', 137),
(863, 'datauri', 'true', 137),
(864, 'canvas', 'false', 137),
(865, 'canvastext', 'false', 137),
(866, 'webgl', 'false', 137),
(867, 'svg', 'false', 137),
(868, 'inlinesvg', 'true', 137),
(869, 'svginhtml', 'false', 137),
(870, 'vml', 'false', 137),
(871, 'fullscreen', 'false', 137),
(872, 'requestanimationframe', 'false', 137),
(873, 'pointerlock', 'false', 137),
(874, 'geolocation', 'false', 137),
(875, 'navtiming', 'false', 137),
(876, 'orientationevent', 'false', 137),
(877, 'websockets', 'false', 137),
(878, 'webworkers', 'false', 137),
(879, 'sharedworkers', 'false', 137),
(880, 'postmessage', 'false', 137),
(881, 'eventsource', 'false', 137),
(882, 'applicationcache', 'false', 137),
(883, 'xhr', 'true', 137),
(884, 'xhr2', 'false', 137),
(885, 'cors', 'false', 137),
(886, 'history', 'false', 137),
(887, 'battery', 'false', 137),
(888, 'gamepad', 'false', 137),
(889, 'vibrate', 'false', 137),
(890, 'connection', 'false', 137),
(891, 'activex', 'true', 137),
(892, 'silverlight', '5.1', 137),
(893, 'acrobat', 'false', 137),
(894, 'quicktime', '7.7', 137),
(895, 'realplayer', 'true', 137),
(896, 'windowsmedia', 'true', 137),
(897, 'director', 'false', 137),
(898, 'unity', 'false', 137),
(899, 'flash', '8', 137),
(900, 'java', 'false', 137),
(901, 'donottrack', 'false', 137),
(902, 'mstrackingprotection', 'false', 137),
(903, 'spdy', 'false', 137),
(1004, 'javascript', 'true', 139),
(1005, 'root', '[object]', 139),
(1006, 'clientside', 'true', 139),
(1007, 'loader', 'false', 139),
(1008, 'module', 'false', 139),
(1009, 'serverside', 'false', 139),
(1010, 'name', 'msie', 139),
(1011, 'version', '6', 139),
(1012, 'enginename', 'trident', 139),
(1013, 'useragent', 'Mozilla/4.0 (compatible; MSIE 6.0; Windows NT 5.1; SV1)', 139),
(1014, 'dom0', 'true', 139),
(1015, 'dom1', 'true', 139),
(1016, 'dom2', 'false', 139),
(1017, 'dom3', 'false', 139),
(1018, 'cookie', 'true', 139),
(1019, 'vendorprefix', 'false', 139),
(1020, 'localstorage', 'false', 139),
(1021, 'sessionstorage', 'false', 139),
(1022, 'json', 'true', 139),
(1023, 'command', 'false', 139),
(1024, 'scriptasync', 'false', 139),
(1025, 'scriptdefer', 'true', 139),
(1026, 'iframe', 'true', 139),
(1027, 'sandbox', 'false', 139),
(1028, 'seamless', 'false', 139),
(1029, 'srcdoc', 'false', 139),
(1030, 'microdata', 'false', 139),
(1031, 'css', 'true', 139),
(1032, 'color', 'true', 139),
(1033, 'backgroundclip', 'false', 139),
(1034, 'backgroundorigin', 'false', 139),
(1035, 'backgroundsize', 'false', 139),
(1036, 'boxshadow', 'false', 139),
(1037, 'borderradius', 'false', 139),
(1038, 'overflowx', 'false', 139),
(1039, 'overflowy', 'false', 139),
(1040, 'textshadow', 'false', 139),
(1041, 'opacity', 'false', 139),
(1042, 'pagevisibility', 'false', 139),
(1043, 'getusermedia', 'false', 139),
(1044, 'touch', 'false', 139),
(1045, 'autocomplete', 'false', 139),
(1046, 'audio', 'false', 139),
(1047, 'audioapi', 'false', 139),
(1048, 'mp3', 'false', 139),
(1049, 'oggvorbis', 'false', 139),
(1050, 'opus', 'false', 139),
(1051, 'wav', 'false', 139),
(1052, 'aac', 'false', 139),
(1053, 'video', 'false', 139),
(1054, 'h264', 'false', 139),
(1055, 'mp4', 'false', 139),
(1056, 'oggtheora', 'false', 139),
(1057, 'webm', 'false', 139),
(1058, 'webp', 'false', 139),
(1059, 'captions', 'false', 139),
(1060, 'poster', 'false', 139),
(1061, 'track', 'false', 139),
(1062, 'base64', 'false', 139),
(1063, 'canvas', 'false', 139),
(1064, 'canvastext', 'false', 139),
(1065, 'webgl', 'false', 139),
(1066, 'svg', 'false', 139),
(1067, 'inlinesvg', 'false', 139),
(1068, 'svginhtml', 'false', 139),
(1069, 'vml', 'true', 139),
(1070, 'fullscreen', 'false', 139),
(1071, 'requestanimationframe', 'false', 139),
(1072, 'pointerlock', 'false', 139),
(1073, 'geolocation', 'false', 139),
(1074, 'navtiming', 'false', 139),
(1075, 'orientationevent', 'false', 139),
(1076, 'websockets', 'false', 139),
(1077, 'webworkers', 'false', 139),
(1078, 'sharedworkers', 'false', 139),
(1079, 'postmessage', 'false', 139),
(1080, 'eventsource', 'false', 139),
(1081, 'applicationcache', 'false', 139),
(1082, 'xhr', 'false', 139),
(1083, 'xhr2', 'false', 139),
(1084, 'cors', 'false', 139),
(1085, 'history', 'false', 139),
(1086, 'battery', 'false', 139),
(1087, 'gamepad', 'false', 139),
(1088, 'vibrate', 'false', 139),
(1089, 'connection', 'false', 139),
(1090, 'activex', 'true', 139),
(1091, 'silverlight', 'false', 139),
(1092, 'acrobat', 'false', 139),
(1093, 'quicktime', 'false', 139),
(1094, 'realplayer', 'false', 139),
(1095, 'windowsmedia', '9', 139),
(1096, 'director', 'false', 139),
(1097, 'unity', 'false', 139),
(1098, 'flash', '6', 139),
(1099, 'java', 'true', 139),
(1100, 'donottrack', 'false', 139),
(1101, 'mstrackingprotection', 'false', 139),
(1102, 'spdy', 'false', 139),
(1103, 'javascript', 'true', 140),
(1104, 'root', '[object Window]', 140),
(1105, 'clientside', 'true', 140),
(1106, 'loader', 'false', 140),
(1107, 'module', 'false', 140),
(1108, 'serverside', 'false', 140),
(1109, 'name', 'firefox', 140),
(1110, 'version', '1', 140),
(1111, 'enginename', 'gecko', 140),
(1112, 'useragent', 'Mozilla/5.0 (Windows; U; Windows NT 5.1; en-US; rv:1.7.5) Gecko/20041107 Firefox', 140),
(1113, 'dom0', 'true', 140),
(1114, 'dom1', 'true', 140),
(1115, 'dom2', 'true', 140),
(1116, 'dom3', 'true', 140),
(1117, 'cookie', 'true', 140),
(1118, 'vendorprefix', 'Moz', 140),
(1119, 'localstorage', 'false', 140),
(1120, 'sessionstorage', 'false', 140),
(1121, 'json', 'true', 140),
(1122, 'command', 'false', 140),
(1123, 'scriptasync', 'false', 140),
(1124, 'scriptdefer', 'true', 140),
(1125, 'iframe', 'true', 140),
(1126, 'sandbox', 'false', 140),
(1127, 'seamless', 'false', 140),
(1128, 'srcdoc', 'false', 140),
(1129, 'microdata', 'false', 140),
(1130, 'css', 'true', 140),
(1131, 'color', 'true', 140),
(1132, 'backgroundclip', 'false', 140),
(1133, 'backgroundorigin', 'false', 140),
(1134, 'backgroundsize', 'false', 140),
(1135, 'boxshadow', 'false', 140),
(1136, 'borderradius', 'false', 140),
(1137, 'overflowx', 'false', 140),
(1138, 'overflowy', 'false', 140),
(1139, 'textshadow', 'false', 140),
(1140, 'opacity', 'true', 140),
(1141, 'pagevisibility', 'false', 140),
(1142, 'getusermedia', 'false', 140),
(1143, 'touch', 'false', 140),
(1144, 'autocomplete', 'false', 140),
(1145, 'audio', 'false', 140),
(1146, 'audioapi', 'false', 140),
(1147, 'mp3', 'false', 140),
(1148, 'oggvorbis', 'false', 140),
(1149, 'opus', 'false', 140),
(1150, 'wav', 'false', 140),
(1151, 'aac', 'false', 140),
(1152, 'video', 'false', 140),
(1153, 'h264', 'false', 140),
(1154, 'mp4', 'false', 140),
(1155, 'oggtheora', 'false', 140),
(1156, 'webm', 'false', 140),
(1157, 'webp', 'false', 140),
(1158, 'captions', 'false', 140),
(1159, 'poster', 'false', 140),
(1160, 'track', 'false', 140),
(1161, 'base64', 'true', 140),
(1162, 'datauri', 'true', 140),
(1163, 'canvas', 'false', 140),
(1164, 'canvastext', 'false', 140),
(1165, 'webgl', 'false', 140),
(1166, 'svg', 'false', 140),
(1167, 'inlinesvg', 'true', 140),
(1168, 'svginhtml', 'false', 140),
(1169, 'vml', 'false', 140),
(1170, 'fullscreen', 'false', 140),
(1171, 'requestanimationframe', 'false', 140),
(1172, 'pointerlock', 'false', 140),
(1173, 'geolocation', 'false', 140),
(1174, 'navtiming', 'false', 140),
(1175, 'orientationevent', 'false', 140),
(1176, 'websockets', 'false', 140),
(1177, 'webworkers', 'false', 140),
(1178, 'sharedworkers', 'false', 140),
(1179, 'postmessage', 'false', 140),
(1180, 'eventsource', 'false', 140),
(1181, 'applicationcache', 'false', 140),
(1182, 'xhr', 'true', 140),
(1183, 'xhr2', 'false', 140),
(1184, 'cors', 'false', 140),
(1185, 'history', 'false', 140),
(1186, 'battery', 'false', 140),
(1187, 'gamepad', 'false', 140),
(1188, 'vibrate', 'false', 140),
(1189, 'connection', 'false', 140),
(1190, 'activex', 'true', 140),
(1191, 'silverlight', 'false', 140),
(1192, 'acrobat', 'false', 140),
(1193, 'quicktime', 'false', 140),
(1194, 'realplayer', 'false', 140),
(1195, 'windowsmedia', 'true', 140),
(1196, 'director', 'false', 140),
(1197, 'unity', 'false', 140),
(1198, 'flash', '6', 140),
(1199, 'java', 'false', 140),
(1200, 'donottrack', 'false', 140),
(1201, 'mstrackingprotection', 'false', 140),
(1202, 'spdy', 'false', 140),
(1203, 'javascript', 'true', 141),
(1204, 'root', '[object Window]', 141),
(1205, 'clientside', 'true', 141),
(1206, 'loader', 'false', 141),
(1207, 'module', 'false', 141),
(1208, 'serverside', 'false', 141),
(1209, 'name', 'chrome', 141),
(1210, 'version', '30', 141),
(1211, 'enginename', 'webkit', 141),
(1212, 'useragent', 'Mozilla/5.0 (Windows NT 6.1; WOW64) AppleWebKit/537.36 (KHTML, like Gecko) Chrom', 141),
(1213, 'dom0', 'true', 141),
(1214, 'dom1', 'true', 141),
(1215, 'dom2', 'true', 141),
(1216, 'dom3', 'false', 141),
(1217, 'cookie', 'true', 141),
(1218, 'vendorprefix', 'webkit', 141),
(1219, 'localstorage', 'true', 141),
(1220, 'sessionstorage', 'true', 141),
(1221, 'json', 'true', 141),
(1222, 'command', 'false', 141),
(1223, 'scriptasync', 'true', 141),
(1224, 'scriptdefer', 'true', 141),
(1225, 'iframe', 'true', 141),
(1226, 'sandbox', 'true', 141),
(1227, 'seamless', 'false', 141),
(1228, 'srcdoc', 'true', 141),
(1229, 'microdata', 'false', 141),
(1230, 'css', 'true', 141),
(1231, 'color', 'true', 141),
(1232, 'backgroundclip', 'true', 141),
(1233, 'backgroundorigin', 'true', 141),
(1234, 'backgroundsize', 'true', 141),
(1235, 'boxshadow', 'true', 141),
(1236, 'borderradius', 'true', 141),
(1237, 'overflowx', 'true', 141),
(1238, 'overflowy', 'true', 141),
(1239, 'textshadow', 'true', 141),
(1240, 'opacity', 'true', 141),
(1241, 'pagevisibility', 'true', 141),
(1242, 'getusermedia', 'true', 141),
(1243, 'touch', 'false', 141),
(1244, 'autocomplete', 'true', 141),
(1245, 'audio', 'true', 141),
(1246, 'audioapi', 'false', 141),
(1247, 'mp3', 'true', 141),
(1248, 'oggvorbis', 'true', 141),
(1249, 'opus', 'true', 141),
(1250, 'wav', 'true', 141),
(1251, 'aac', 'true', 141),
(1252, 'video', 'true', 141),
(1253, 'h264', 'true', 141),
(1254, 'mp4', 'true', 141),
(1255, 'oggtheora', 'true', 141),
(1256, 'webm', 'true', 141),
(1257, 'webp', 'true', 141),
(1258, 'captions', 'true', 141),
(1259, 'poster', 'true', 141),
(1260, 'track', 'true', 141),
(1261, 'base64', 'true', 141),
(1262, 'datauri', 'true', 141),
(1263, 'canvas', 'true', 141),
(1264, 'canvastext', 'true', 141),
(1265, 'webgl', 'true', 141),
(1266, 'svg', 'true', 141),
(1267, 'inlinesvg', 'false', 141),
(1268, 'svginhtml', 'true', 141),
(1269, 'vml', 'false', 141),
(1270, 'fullscreen', 'false', 141),
(1271, 'requestanimationframe', 'true', 141),
(1272, 'pointerlock', 'false', 141),
(1273, 'geolocation', 'true', 141),
(1274, 'navtiming', 'true', 141),
(1275, 'orientationevent', 'true', 141),
(1276, 'websockets', 'true', 141),
(1277, 'webworkers', 'true', 141),
(1278, 'sharedworkers', 'true', 141),
(1279, 'postmessage', 'true', 141),
(1280, 'eventsource', 'true', 141),
(1281, 'applicationcache', 'false', 141),
(1282, 'xhr', 'true', 141),
(1283, 'xhr2', 'true', 141),
(1284, 'cors', 'true', 141),
(1285, 'history', 'true', 141),
(1286, 'battery', 'false', 141),
(1287, 'gamepad', 'false', 141),
(1288, 'vibrate', 'false', 141),
(1289, 'connection', 'false', 141),
(1290, 'activex', 'true', 141),
(1291, 'silverlight', 'false', 141),
(1292, 'acrobat', '10.1', 141),
(1293, 'quicktime', '7.7', 141),
(1294, 'realplayer', 'false', 141),
(1295, 'windowsmedia', 'false', 141),
(1296, 'director', 'false', 141),
(1297, 'unity', '4', 141),
(1298, 'flash', '11.9', 141),
(1299, 'java', 'true', 141),
(1300, 'donottrack', 'true', 141),
(1301, 'mstrackingprotection', 'false', 141),
(1302, 'spdy', 'false', 141),
(1303, 'javascript', 'true', 142),
(1304, 'root', '[object Window]', 142),
(1305, 'clientside', 'true', 142),
(1306, 'loader', 'false', 142),
(1307, 'module', 'false', 142),
(1308, 'serverside', 'false', 142),
(1309, 'name', 'opera', 142),
(1310, 'version', '12.16', 142),
(1311, 'enginename', 'presto', 142),
(1312, 'useragent', 'Opera/9.80 (Windows NT 6.1; WOW64) Presto/2.12.388 Version/12.16', 142),
(1313, 'dom0', 'true', 142),
(1314, 'dom1', 'true', 142),
(1315, 'dom2', 'true', 142),
(1316, 'dom3', 'false', 142),
(1317, 'cookie', 'true', 142),
(1318, 'vendorprefix', 'O', 142),
(1319, 'localstorage', 'true', 142),
(1320, 'sessionstorage', 'true', 142),
(1321, 'json', 'true', 142),
(1322, 'command', 'false', 142),
(1323, 'scriptasync', 'false', 142),
(1324, 'scriptdefer', 'true', 142),
(1325, 'iframe', 'true', 142),
(1326, 'sandbox', 'false', 142),
(1327, 'seamless', 'false', 142),
(1328, 'srcdoc', 'false', 142),
(1329, 'microdata', 'true', 142),
(1330, 'css', 'true', 142),
(1331, 'color', 'true', 142),
(1332, 'backgroundclip', 'true', 142),
(1333, 'backgroundorigin', 'true', 142),
(1334, 'backgroundsize', 'true', 142),
(1335, 'boxshadow', 'true', 142),
(1336, 'borderradius', 'true', 142),
(1337, 'overflowx', 'true', 142),
(1338, 'overflowy', 'true', 142),
(1339, 'textshadow', 'true', 142),
(1340, 'opacity', 'true', 142),
(1341, 'pagevisibility', 'true', 142),
(1342, 'getusermedia', 'true', 142),
(1343, 'touch', 'false', 142),
(1344, 'autocomplete', 'true', 142),
(1345, 'audio', 'true', 142),
(1346, 'audioapi', 'false', 142),
(1347, 'mp3', 'false', 142),
(1348, 'oggvorbis', 'true', 142),
(1349, 'opus', 'false', 142),
(1350, 'wav', 'true', 142),
(1351, 'aac', 'false', 142),
(1352, 'video', 'true', 142),
(1353, 'h264', 'false', 142),
(1354, 'mp4', 'false', 142),
(1355, 'oggtheora', 'true', 142),
(1356, 'webm', 'true', 142),
(1357, 'webp', 'true', 142),
(1358, 'captions', 'true', 142),
(1359, 'poster', 'true', 142),
(1360, 'track', 'true', 142),
(1361, 'base64', 'true', 142),
(1362, 'datauri', 'true', 142),
(1363, 'canvas', 'true', 142),
(1364, 'canvastext', 'true', 142),
(1365, 'webgl', 'true', 142),
(1366, 'svg', 'true', 142),
(1367, 'inlinesvg', 'false', 142),
(1368, 'svginhtml', 'true', 142),
(1369, 'vml', 'false', 142),
(1370, 'fullscreen', 'true', 142),
(1371, 'requestanimationframe', 'false', 142),
(1372, 'pointerlock', 'false', 142),
(1373, 'geolocation', 'true', 142),
(1374, 'navtiming', 'false', 142),
(1375, 'orientationevent', 'false', 142),
(1376, 'websockets', 'true', 142),
(1377, 'webworkers', 'true', 142),
(1378, 'sharedworkers', 'true', 142),
(1379, 'postmessage', 'true', 142),
(1380, 'eventsource', 'true', 142),
(1381, 'applicationcache', 'false', 142),
(1382, 'xhr', 'true', 142),
(1383, 'xhr2', 'true', 142),
(1384, 'cors', 'true', 142),
(1385, 'history', 'true', 142),
(1386, 'battery', 'false', 142),
(1387, 'gamepad', 'false', 142),
(1388, 'vibrate', 'false', 142),
(1389, 'connection', 'false', 142),
(1390, 'activex', 'true', 142),
(1391, 'silverlight', 'false', 142),
(1392, 'acrobat', '10.1', 142),
(1393, 'quicktime', '7.7', 142),
(1394, 'realplayer', 'false', 142),
(1395, 'windowsmedia', 'false', 142),
(1396, 'director', 'false', 142),
(1397, 'unity', '4', 142),
(1398, 'flash', '11.9', 142),
(1399, 'java', 'true', 142),
(1400, 'donottrack', 'true', 142),
(1401, 'mstrackingprotection', 'false', 142),
(1402, 'spdy', 'false', 142),
(1403, 'javascript', 'true', 143),
(1404, 'root', '[object Window]', 143),
(1405, 'clientside', 'true', 143),
(1406, 'loader', 'false', 143),
(1407, 'module', 'false', 143),
(1408, 'serverside', 'false', 143),
(1409, 'name', 'msie', 143),
(1410, 'version', '10', 143),
(1411, 'enginename', 'trident', 143),
(1412, 'useragent', 'Mozilla/5.0 (compatible; MSIE 10.0; Windows NT 6.1; WOW64; Trident/6.0; SLCC2; .', 143),
(1413, 'dom0', 'true', 143),
(1414, 'dom1', 'true', 143),
(1415, 'dom2', 'true', 143),
(1416, 'dom3', 'false', 143),
(1417, 'cookie', 'true', 143),
(1418, 'vendorprefix', 'ms', 143),
(1419, 'localstorage', 'true', 143),
(1420, 'sessionstorage', 'true', 143),
(1421, 'json', 'true', 143),
(1422, 'command', 'false', 143),
(1423, 'scriptasync', 'true', 143),
(1424, 'scriptdefer', 'true', 143),
(1425, 'iframe', 'true', 143),
(1426, 'sandbox', 'true', 143),
(1427, 'seamless', 'false', 143),
(1428, 'srcdoc', 'false', 143),
(1429, 'microdata', 'false', 143),
(1430, 'css', 'true', 143),
(1431, 'color', 'true', 143),
(1432, 'backgroundclip', 'true', 143),
(1433, 'backgroundorigin', 'true', 143),
(1434, 'backgroundsize', 'true', 143),
(1435, 'boxshadow', 'true', 143),
(1436, 'borderradius', 'true', 143),
(1437, 'overflowx', 'true', 143),
(1438, 'overflowy', 'true', 143),
(1439, 'textshadow', 'true', 143),
(1440, 'opacity', 'true', 143),
(1441, 'pagevisibility', 'true', 143),
(1442, 'getusermedia', 'false', 143),
(1443, 'touch', 'false', 143),
(1444, 'autocomplete', 'true', 143),
(1445, 'audio', 'true', 143),
(1446, 'audioapi', 'false', 143),
(1447, 'mp3', 'true', 143),
(1448, 'oggvorbis', 'false', 143),
(1449, 'opus', 'false', 143),
(1450, 'wav', 'false', 143),
(1451, 'aac', 'true', 143),
(1452, 'video', 'true', 143),
(1453, 'h264', 'true', 143),
(1454, 'mp4', 'false', 143),
(1455, 'oggtheora', 'false', 143),
(1456, 'webm', 'false', 143),
(1457, 'webp', 'false', 143),
(1458, 'captions', 'true', 143),
(1459, 'poster', 'true', 143),
(1460, 'track', 'true', 143),
(1461, 'base64', 'true', 143),
(1462, 'datauri', 'true', 143),
(1463, 'canvas', 'true', 143),
(1464, 'canvastext', 'true', 143),
(1465, 'webgl', 'false', 143),
(1466, 'svg', 'true', 143),
(1467, 'inlinesvg', 'false', 143),
(1468, 'svginhtml', 'true', 143),
(1469, 'vml', 'false', 143),
(1470, 'fullscreen', 'false', 143),
(1471, 'requestanimationframe', 'true', 143),
(1472, 'pointerlock', 'false', 143),
(1473, 'geolocation', 'true', 143),
(1474, 'navtiming', 'true', 143),
(1475, 'orientationevent', 'false', 143),
(1476, 'websockets', 'true', 143),
(1477, 'webworkers', 'true', 143),
(1478, 'sharedworkers', 'false', 143),
(1479, 'postmessage', 'true', 143),
(1480, 'eventsource', 'false', 143),
(1481, 'applicationcache', 'false', 143),
(1482, 'xhr', 'true', 143),
(1483, 'xhr2', 'true', 143),
(1484, 'cors', 'true', 143),
(1485, 'history', 'true', 143),
(1486, 'battery', 'false', 143),
(1487, 'gamepad', 'false', 143),
(1488, 'vibrate', 'false', 143),
(1489, 'connection', 'false', 143),
(1490, 'activex', 'true', 143),
(1491, 'silverlight', 'false', 143),
(1492, 'acrobat', '10.1', 143),
(1493, 'quicktime', 'false', 143),
(1494, 'realplayer', 'false', 143),
(1495, 'windowsmedia', '12', 143),
(1496, 'director', 'false', 143),
(1497, 'unity', 'true', 143),
(1498, 'flash', '11.9', 143),
(1499, 'java', 'true', 143),
(1500, 'donottrack', 'false', 143),
(1501, 'mstrackingprotection', 'false', 143),
(1502, 'spdy', 'false', 143),
(1503, 'javascript', 'true', 144),
(1504, 'root', '[object Window]', 144),
(1505, 'clientside', 'true', 144),
(1506, 'loader', 'false', 144),
(1507, 'module', 'false', 144),
(1508, 'serverside', 'false', 144),
(1509, 'name', 'chrome', 144),
(1510, 'version', '30', 144),
(1511, 'enginename', 'webkit', 144),
(1512, 'useragent', 'Mozilla/5.0 (Windows NT 6.1; WOW64) AppleWebKit/537.36 (KHTML, like Gecko) Chrom', 144),
(1513, 'dom0', 'true', 144),
(1514, 'dom1', 'true', 144),
(1515, 'dom2', 'true', 144),
(1516, 'dom3', 'false', 144),
(1517, 'cookie', 'true', 144),
(1518, 'vendorprefix', 'webkit', 144),
(1519, 'localstorage', 'true', 144),
(1520, 'sessionstorage', 'true', 144),
(1521, 'json', 'true', 144),
(1522, 'command', 'false', 144),
(1523, 'scriptasync', 'true', 144),
(1524, 'scriptdefer', 'true', 144),
(1525, 'iframe', 'true', 144),
(1526, 'sandbox', 'true', 144),
(1527, 'seamless', 'false', 144),
(1528, 'srcdoc', 'true', 144),
(1529, 'microdata', 'false', 144),
(1530, 'css', 'true', 144),
(1531, 'color', 'true', 144),
(1532, 'backgroundclip', 'true', 144),
(1533, 'backgroundorigin', 'true', 144),
(1534, 'backgroundsize', 'true', 144),
(1535, 'boxshadow', 'true', 144),
(1536, 'borderradius', 'true', 144),
(1537, 'overflowx', 'true', 144),
(1538, 'overflowy', 'true', 144),
(1539, 'textshadow', 'true', 144),
(1540, 'opacity', 'true', 144),
(1541, 'pagevisibility', 'true', 144),
(1542, 'getusermedia', 'true', 144),
(1543, 'touch', 'false', 144),
(1544, 'autocomplete', 'true', 144),
(1545, 'audio', 'true', 144),
(1546, 'audioapi', 'false', 144),
(1547, 'mp3', 'true', 144),
(1548, 'oggvorbis', 'true', 144),
(1549, 'opus', 'true', 144),
(1550, 'wav', 'true', 144),
(1551, 'aac', 'true', 144),
(1552, 'video', 'true', 144),
(1553, 'h264', 'true', 144),
(1554, 'mp4', 'true', 144),
(1555, 'oggtheora', 'true', 144),
(1556, 'webm', 'true', 144),
(1557, 'webp', 'true', 144),
(1558, 'captions', 'true', 144),
(1559, 'poster', 'true', 144),
(1560, 'track', 'true', 144),
(1561, 'base64', 'true', 144),
(1562, 'datauri', 'true', 144),
(1563, 'canvas', 'true', 144),
(1564, 'canvastext', 'true', 144),
(1565, 'webgl', 'true', 144),
(1566, 'svg', 'true', 144),
(1567, 'inlinesvg', 'false', 144),
(1568, 'svginhtml', 'true', 144),
(1569, 'vml', 'false', 144),
(1570, 'fullscreen', 'false', 144),
(1571, 'requestanimationframe', 'true', 144),
(1572, 'pointerlock', 'false', 144),
(1573, 'geolocation', 'true', 144),
(1574, 'navtiming', 'true', 144),
(1575, 'orientationevent', 'true', 144),
(1576, 'websockets', 'true', 144),
(1577, 'webworkers', 'true', 144),
(1578, 'sharedworkers', 'true', 144),
(1579, 'postmessage', 'true', 144),
(1580, 'eventsource', 'true', 144),
(1581, 'applicationcache', 'false', 144),
(1582, 'xhr', 'true', 144),
(1583, 'xhr2', 'true', 144),
(1584, 'cors', 'true', 144),
(1585, 'history', 'true', 144),
(1586, 'battery', 'false', 144),
(1587, 'gamepad', 'false', 144),
(1588, 'vibrate', 'false', 144),
(1589, 'connection', 'false', 144),
(1590, 'activex', 'true', 144),
(1591, 'silverlight', 'false', 144),
(1592, 'acrobat', '10.1', 144),
(1593, 'quicktime', '7.7', 144),
(1594, 'realplayer', 'false', 144),
(1595, 'windowsmedia', 'false', 144),
(1596, 'director', 'false', 144),
(1597, 'unity', '4', 144),
(1598, 'flash', '11.9', 144),
(1599, 'java', 'true', 144),
(1600, 'donottrack', 'true', 144),
(1601, 'mstrackingprotection', 'false', 144),
(1602, 'spdy', 'false', 144),
(2052, 'javascript', 'true', 150),
(2053, 'root', '[object Object]', 150),
(2054, 'clientside', 'true', 150),
(2055, 'loader', 'false', 150),
(2056, 'module', 'false', 150),
(2057, 'serverside', 'false', 150),
(2058, 'name', 'opera', 150),
(2059, 'version', '5', 150),
(2060, 'enginename', 'presto', 150),
(2061, 'useragent', 'Mozilla/4.0 (compatible; MSIE 5.0; Windows NT 5.1) Opera 5.12  [en]', 150),
(2062, 'dom0', 'true', 150),
(2063, 'dom1', 'false', 150),
(2064, 'dom2', 'false', 150),
(2065, 'dom3', 'false', 150),
(2066, 'cookie', 'true', 150),
(2067, 'vendorprefix', 'false', 150),
(2068, 'localstorage', 'false', 150),
(2069, 'sessionstorage', 'false', 150),
(2070, 'json', 'true', 150),
(2071, 'iframe', 'false', 150),
(2072, 'microdata', 'false', 150),
(2073, 'css', 'false', 150),
(2074, 'color', 'false', 150),
(2075, 'backgroundclip', 'false', 150),
(2076, 'backgroundorigin', 'false', 150),
(2077, 'backgroundsize', 'false', 150),
(2078, 'boxshadow', 'false', 150),
(2079, 'borderradius', 'false', 150),
(2080, 'overflowx', 'false', 150),
(2081, 'overflowy', 'false', 150),
(2082, 'textshadow', 'false', 150),
(2083, 'opacity', 'false', 150),
(2084, 'autocomplete', 'false', 150),
(2085, 'audio', 'false', 150),
(2086, 'audioapi', 'false', 150),
(2087, 'mp3', 'false', 150),
(2088, 'oggvorbis', 'false', 150),
(2089, 'opus', 'false', 150),
(2090, 'wav', 'false', 150),
(2091, 'aac', 'false', 150),
(2092, 'video', 'false', 150),
(2093, 'h264', 'false', 150),
(2094, 'mp4', 'false', 150),
(2095, 'oggtheora', 'false', 150),
(2096, 'webm', 'false', 150),
(2097, 'webp', 'false', 150),
(2098, 'base64', 'false', 150),
(2099, 'canvas', 'false', 150),
(2100, 'canvastext', 'false', 150),
(2101, 'webgl', 'false', 150),
(2102, 'svg', 'false', 150),
(2103, 'inlinesvg', 'false', 150),
(2104, 'svginhtml', 'false', 150),
(2105, 'vml', 'false', 150),
(2106, 'fullscreen', 'false', 150),
(2107, 'requestanimationframe', 'false', 150),
(2108, 'pointerlock', 'false', 150),
(2109, 'geolocation', 'false', 150),
(2110, 'navtiming', 'false', 150),
(2111, 'orientationevent', 'false', 150),
(2112, 'websockets', 'false', 150),
(2113, 'webworkers', 'false', 150),
(2114, 'sharedworkers', 'false', 150),
(2115, 'postmessage', 'false', 150),
(2116, 'eventsource', 'false', 150),
(2117, 'applicationcache', 'false', 150),
(2118, 'xhr', 'false', 150),
(2119, 'xhr2', 'false', 150),
(2120, 'cors', 'false', 150),
(2121, 'history', 'false', 150),
(2122, 'battery', 'false', 150),
(2123, 'gamepad', 'false', 150),
(2124, 'vibrate', 'false', 150),
(2125, 'connection', 'false', 150),
(2126, 'activex', 'true', 150),
(2127, 'silverlight', 'false', 150),
(2128, 'acrobat', 'false', 150),
(2129, 'quicktime', 'false', 150),
(2130, 'realplayer', 'false', 150),
(2131, 'windowsmedia', 'false', 150),
(2132, 'director', 'false', 150),
(2133, 'unity', 'false', 150),
(2134, 'flash', '6', 150),
(2135, 'java', 'false', 150),
(2136, 'donottrack', 'false', 150),
(2137, 'mstrackingprotection', 'false', 150),
(2138, 'spdy', 'false', 150),
(2413, 'javascript', 'true', 154),
(2414, 'root', '[object Window]', 154),
(2415, 'clientside', 'true', 154),
(2416, 'loader', 'false', 154),
(2417, 'module', 'false', 154),
(2418, 'serverside', 'false', 154),
(2419, 'name', 'opera', 154),
(2420, 'version', '11.1', 154),
(2421, 'enginename', 'presto', 154),
(2422, 'useragent', 'Opera/9.80 (J2ME/MIDP; Opera Mini/7.1.32422/32.1125; U; en) Presto/2.8.119 Versi', 154),
(2423, 'dom0', 'true', 154),
(2424, 'dom1', 'true', 154),
(2425, 'dom2', 'true', 154),
(2426, 'dom3', 'false', 154),
(2427, 'cookie', 'true', 154),
(2428, 'vendorprefix', 'O', 154),
(2429, 'localstorage', 'false', 154),
(2430, 'sessionstorage', 'false', 154),
(2431, 'json', 'true', 154),
(2432, 'command', 'false', 154),
(2433, 'scriptasync', 'false', 154),
(2434, 'scriptdefer', 'true', 154),
(2435, 'iframe', 'true', 154),
(2436, 'sandbox', 'false', 154),
(2437, 'seamless', 'false', 154),
(2438, 'srcdoc', 'false', 154),
(2439, 'microdata', 'false', 154),
(2440, 'css', 'true', 154),
(2441, 'color', 'true', 154),
(2442, 'backgroundclip', 'false', 154),
(2443, 'backgroundorigin', 'false', 154),
(2444, 'backgroundsize', 'false', 154),
(2445, 'boxshadow', 'false', 154),
(2446, 'borderradius', 'false', 154),
(2447, 'overflowx', 'false', 154),
(2448, 'overflowy', 'false', 154),
(2449, 'textshadow', 'false', 154),
(2450, 'opacity', 'true', 154),
(2451, 'pagevisibility', 'false', 154),
(2452, 'getusermedia', 'false', 154),
(2453, 'touch', 'false', 154),
(2454, 'autocomplete', 'false', 154),
(2455, 'audio', 'false', 154),
(2456, 'audioapi', 'false', 154),
(2457, 'mp3', 'false', 154),
(2458, 'oggvorbis', 'false', 154),
(2459, 'opus', 'false', 154),
(2460, 'wav', 'false', 154),
(2461, 'aac', 'false', 154),
(2462, 'video', 'false', 154),
(2463, 'h264', 'false', 154),
(2464, 'mp4', 'false', 154),
(2465, 'oggtheora', 'false', 154),
(2466, 'webm', 'false', 154),
(2467, 'webp', 'false', 154),
(2468, 'captions', 'false', 154),
(2469, 'poster', 'false', 154),
(2470, 'track', 'false', 154),
(2471, 'base64', 'true', 154),
(2472, 'datauri', 'true', 154),
(2473, 'canvas', 'true', 154),
(2474, 'canvastext', 'true', 154),
(2475, 'webgl', 'false', 154),
(2476, 'svg', 'true', 154),
(2477, 'inlinesvg', 'true', 154),
(2478, 'svginhtml', 'false', 154),
(2479, 'vml', 'false', 154),
(2480, 'fullscreen', 'false', 154),
(2481, 'requestanimationframe', 'false', 154),
(2482, 'pointerlock', 'false', 154),
(2483, 'geolocation', 'false', 154),
(2484, 'navtiming', 'false', 154),
(2485, 'orientationevent', 'false', 154),
(2486, 'websockets', 'false', 154),
(2487, 'webworkers', 'false', 154),
(2488, 'sharedworkers', 'false', 154),
(2489, 'postmessage', 'true', 154),
(2490, 'eventsource', 'false', 154),
(2491, 'applicationcache', 'false', 154),
(2492, 'xhr', 'true', 154),
(2493, 'xhr2', 'false', 154),
(2494, 'cors', 'false', 154),
(2495, 'history', 'false', 154),
(2496, 'battery', 'false', 154),
(2497, 'gamepad', 'false', 154),
(2498, 'vibrate', 'false', 154),
(2499, 'connection', 'false', 154),
(2500, 'activex', 'true', 154),
(2501, 'java', 'false', 154),
(2502, 'donottrack', 'false', 154),
(2503, 'mstrackingprotection', 'false', 154),
(2504, 'spdy', 'false', 154),
(3454, 'javascript', 'true', 168),
(3455, 'root', '[object Window]', 168),
(3456, 'clientside', 'true', 168),
(3457, 'loader', 'false', 168),
(3458, 'module', 'false', 168),
(3459, 'serverside', 'false', 168),
(3460, 'name', 'msie', 168),
(3461, 'version', '10', 168),
(3462, 'enginename', 'trident', 168),
(3463, 'useragent', 'Mozilla/5.0 (compatible; MSIE 10.0; Windows NT 6.1; WOW64; Trident/6.0; SLCC2; .', 168),
(3464, 'dom0', 'true', 168),
(3465, 'dom1', 'true', 168),
(3466, 'dom2', 'true', 168),
(3467, 'dom3', 'false', 168),
(3468, 'cookie', 'true', 168),
(3469, 'vendorprefix', 'ms', 168),
(3470, 'localstorage', 'true', 168),
(3471, 'sessionstorage', 'true', 168),
(3472, 'json', 'true', 168),
(3473, 'command', 'false', 168),
(3474, 'scriptasync', 'true', 168),
(3475, 'scriptdefer', 'true', 168),
(3476, 'iframe', 'true', 168),
(3477, 'sandbox', 'true', 168),
(3478, 'seamless', 'false', 168),
(3479, 'srcdoc', 'false', 168),
(3480, 'microdata', 'false', 168),
(3481, 'css', 'true', 168),
(3482, 'color', 'true', 168),
(3483, 'backgroundclip', 'true', 168),
(3484, 'backgroundorigin', 'true', 168),
(3485, 'backgroundsize', 'true', 168),
(3486, 'boxshadow', 'true', 168),
(3487, 'borderradius', 'true', 168),
(3488, 'overflowx', 'true', 168),
(3489, 'overflowy', 'true', 168),
(3490, 'textshadow', 'true', 168),
(3491, 'opacity', 'true', 168),
(3492, 'pagevisibility', 'true', 168),
(3493, 'getusermedia', 'false', 168),
(3494, 'touch', 'false', 168),
(3495, 'autocomplete', 'true', 168),
(3496, 'audio', 'true', 168),
(3497, 'audioapi', 'false', 168),
(3498, 'mp3', 'true', 168),
(3499, 'oggvorbis', 'false', 168),
(3500, 'opus', 'false', 168),
(3501, 'wav', 'false', 168),
(3502, 'aac', 'true', 168),
(3503, 'video', 'true', 168),
(3504, 'h264', 'true', 168),
(3505, 'mp4', 'false', 168),
(3506, 'oggtheora', 'false', 168),
(3507, 'webm', 'false', 168),
(3508, 'webp', 'false', 168),
(3509, 'captions', 'true', 168),
(3510, 'poster', 'true', 168),
(3511, 'track', 'true', 168),
(3512, 'base64', 'true', 168),
(3513, 'datauri', 'true', 168),
(3514, 'canvas', 'true', 168),
(3515, 'canvastext', 'true', 168),
(3516, 'webgl', 'false', 168),
(3517, 'svg', 'true', 168),
(3518, 'inlinesvg', 'false', 168),
(3519, 'svginhtml', 'true', 168),
(3520, 'vml', 'false', 168),
(3521, 'fullscreen', 'false', 168),
(3522, 'requestanimationframe', 'true', 168),
(3523, 'pointerlock', 'false', 168),
(3524, 'geolocation', 'true', 168),
(3525, 'navtiming', 'true', 168),
(3526, 'orientationevent', 'false', 168),
(3527, 'websockets', 'true', 168),
(3528, 'webworkers', 'true', 168),
(3529, 'sharedworkers', 'false', 168),
(3530, 'postmessage', 'true', 168),
(3531, 'eventsource', 'false', 168),
(3532, 'applicationcache', 'false', 168),
(3533, 'xhr', 'true', 168),
(3534, 'xhr2', 'true', 168),
(3535, 'cors', 'true', 168),
(3536, 'history', 'true', 168),
(3537, 'battery', 'false', 168),
(3538, 'gamepad', 'false', 168),
(3539, 'vibrate', 'false', 168),
(3540, 'connection', 'false', 168),
(3541, 'activex', 'true', 168),
(3542, 'silverlight', 'false', 168),
(3543, 'acrobat', '10.1', 168),
(3544, 'quicktime', 'false', 168),
(3545, 'realplayer', 'false', 168),
(3546, 'windowsmedia', '12', 168),
(3547, 'director', 'false', 168),
(3548, 'unity', 'true', 168),
(3549, 'flash', '11.9', 168),
(3550, 'java', 'true', 168),
(3551, 'donottrack', 'false', 168),
(3552, 'mstrackingprotection', 'false', 168),
(3553, 'spdy', 'false', 168),
(3554, 'undefined', 'false', 168),
(3757, 'javascript', 'true', 171),
(3758, 'root', '[object Window]', 171),
(3759, 'clientside', 'true', 171),
(3760, 'loader', 'false', 171),
(3761, 'module', 'false', 171),
(3762, 'serverside', 'false', 171),
(3763, 'name', 'opera', 171),
(3764, 'version', '12.16', 171),
(3765, 'enginename', 'presto', 171),
(3766, 'useragent', 'Opera/9.80 (Windows NT 6.1; WOW64) Presto/2.12.388 Version/12.16', 171),
(3767, 'dom0', 'true', 171),
(3768, 'dom1', 'true', 171),
(3769, 'dom2', 'true', 171),
(3770, 'dom3', 'false', 171),
(3771, 'cookie', 'true', 171),
(3772, 'vendorprefix', 'O', 171),
(3773, 'localstorage', 'true', 171),
(3774, 'sessionstorage', 'true', 171),
(3775, 'json', 'true', 171),
(3776, 'command', 'false', 171),
(3777, 'scriptasync', 'false', 171),
(3778, 'scriptdefer', 'true', 171),
(3779, 'iframe', 'true', 171),
(3780, 'sandbox', 'false', 171),
(3781, 'seamless', 'false', 171),
(3782, 'srcdoc', 'false', 171),
(3783, 'microdata', 'true', 171),
(3784, 'css', 'true', 171),
(3785, 'color', 'true', 171),
(3786, 'backgroundclip', 'true', 171),
(3787, 'backgroundorigin', 'true', 171),
(3788, 'backgroundsize', 'true', 171),
(3789, 'boxshadow', 'true', 171),
(3790, 'borderradius', 'true', 171),
(3791, 'overflowx', 'true', 171),
(3792, 'overflowy', 'true', 171),
(3793, 'textshadow', 'true', 171),
(3794, 'opacity', 'true', 171),
(3795, 'pagevisibility', 'true', 171),
(3796, 'getusermedia', 'true', 171),
(3797, 'touch', 'false', 171),
(3798, 'autocomplete', 'true', 171),
(3799, 'audio', 'true', 171),
(3800, 'audioapi', 'false', 171),
(3801, 'mp3', 'false', 171),
(3802, 'oggvorbis', 'true', 171),
(3803, 'opus', 'false', 171),
(3804, 'wav', 'true', 171),
(3805, 'aac', 'false', 171),
(3806, 'video', 'true', 171),
(3807, 'h264', 'false', 171),
(3808, 'mp4', 'false', 171),
(3809, 'oggtheora', 'true', 171),
(3810, 'webm', 'true', 171),
(3811, 'webp', 'true', 171),
(3812, 'captions', 'true', 171),
(3813, 'poster', 'true', 171),
(3814, 'track', 'true', 171),
(3815, 'base64', 'true', 171),
(3816, 'datauri', 'true', 171),
(3817, 'canvas', 'true', 171),
(3818, 'canvastext', 'true', 171),
(3819, 'webgl', 'true', 171),
(3820, 'svg', 'true', 171),
(3821, 'inlinesvg', 'false', 171),
(3822, 'svginhtml', 'true', 171),
(3823, 'vml', 'false', 171),
(3824, 'fullscreen', 'true', 171),
(3825, 'requestanimationframe', 'false', 171),
(3826, 'pointerlock', 'false', 171),
(3827, 'geolocation', 'true', 171),
(3828, 'navtiming', 'false', 171),
(3829, 'orientationevent', 'false', 171),
(3830, 'websockets', 'true', 171),
(3831, 'webworkers', 'true', 171),
(3832, 'sharedworkers', 'true', 171),
(3833, 'postmessage', 'true', 171),
(3834, 'eventsource', 'true', 171),
(3835, 'applicationcache', 'false', 171),
(3836, 'xhr', 'true', 171),
(3837, 'xhr2', 'true', 171),
(3838, 'cors', 'true', 171),
(3839, 'history', 'true', 171),
(3840, 'battery', 'false', 171),
(3841, 'gamepad', 'false', 171);
INSERT INTO `import_fulltests_results` (`id`, `property`, `result`, `fulltest_id`) VALUES
(3842, 'vibrate', 'false', 171),
(3843, 'connection', 'false', 171),
(3844, 'activex', 'true', 171),
(3845, 'silverlight', 'false', 171),
(3846, 'acrobat', '10.1', 171),
(3847, 'quicktime', '7.7', 171),
(3848, 'realplayer', 'false', 171),
(3849, 'windowsmedia', 'false', 171),
(3850, 'director', 'false', 171),
(3851, 'unity', '4', 171),
(3852, 'flash', '11.9', 171),
(3853, 'java', 'true', 171),
(3854, 'donottrack', 'true', 171),
(3855, 'mstrackingprotection', 'false', 171),
(3856, 'spdy', 'false', 171),
(3857, 'undefined', 'false', 171),
(3858, 'javascript', 'true', 172),
(3859, 'root', '[object Window]', 172),
(3860, 'clientside', 'true', 172),
(3861, 'loader', 'false', 172),
(3862, 'module', 'false', 172),
(3863, 'serverside', 'false', 172),
(3864, 'name', 'firefox', 172),
(3865, 'version', '20', 172),
(3866, 'enginename', 'gecko', 172),
(3867, 'useragent', 'Mozilla/5.0 (Windows NT 6.1; WOW64; rv:20.0) Gecko/20100101 Firefox/20.0', 172),
(3868, 'dom0', 'true', 172),
(3869, 'dom1', 'true', 172),
(3870, 'dom2', 'true', 172),
(3871, 'dom3', 'true', 172),
(3872, 'cookie', 'true', 172),
(3873, 'vendorprefix', 'Moz', 172),
(3874, 'localstorage', 'true', 172),
(3875, 'sessionstorage', 'true', 172),
(3876, 'json', 'true', 172),
(3877, 'command', 'false', 172),
(3878, 'scriptasync', 'true', 172),
(3879, 'scriptdefer', 'true', 172),
(3880, 'iframe', 'true', 172),
(3881, 'sandbox', 'true', 172),
(3882, 'seamless', 'false', 172),
(3883, 'srcdoc', 'false', 172),
(3884, 'microdata', 'true', 172),
(3885, 'css', 'true', 172),
(3886, 'color', 'true', 172),
(3887, 'backgroundclip', 'false', 172),
(3888, 'backgroundorigin', 'false', 172),
(3889, 'backgroundsize', 'false', 172),
(3890, 'boxshadow', 'false', 172),
(3891, 'borderradius', 'false', 172),
(3892, 'overflowx', 'false', 172),
(3893, 'overflowy', 'false', 172),
(3894, 'textshadow', 'false', 172),
(3895, 'opacity', 'true', 172),
(3896, 'pagevisibility', 'true', 172),
(3897, 'getusermedia', 'true', 172),
(3898, 'touch', 'false', 172),
(3899, 'autocomplete', 'true', 172),
(3900, 'audio', 'true', 172),
(3901, 'audioapi', 'false', 172),
(3902, 'mp3', 'false', 172),
(3903, 'oggvorbis', 'true', 172),
(3904, 'opus', 'true', 172),
(3905, 'wav', 'true', 172),
(3906, 'aac', 'false', 172),
(3907, 'video', 'true', 172),
(3908, 'h264', 'false', 172),
(3909, 'mp4', 'false', 172),
(3910, 'oggtheora', 'true', 172),
(3911, 'webm', 'true', 172),
(3912, 'webp', 'true', 172),
(3913, 'captions', 'false', 172),
(3914, 'poster', 'true', 172),
(3915, 'track', 'false', 172),
(3916, 'base64', 'true', 172),
(3917, 'datauri', 'true', 172),
(3918, 'canvas', 'true', 172),
(3919, 'canvastext', 'true', 172),
(3920, 'webgl', 'true', 172),
(3921, 'svg', 'true', 172),
(3922, 'inlinesvg', 'false', 172),
(3923, 'svginhtml', 'true', 172),
(3924, 'vml', 'false', 172),
(3925, 'fullscreen', 'false', 172),
(3926, 'requestanimationframe', 'false', 172),
(3927, 'pointerlock', 'false', 172),
(3928, 'geolocation', 'true', 172),
(3929, 'navtiming', 'true', 172),
(3930, 'orientationevent', 'true', 172),
(3931, 'websockets', 'true', 172),
(3932, 'webworkers', 'true', 172),
(3933, 'sharedworkers', 'false', 172),
(3934, 'postmessage', 'true', 172),
(3935, 'eventsource', 'true', 172),
(3936, 'applicationcache', 'false', 172),
(3937, 'xhr', 'true', 172),
(3938, 'xhr2', 'true', 172),
(3939, 'cors', 'true', 172),
(3940, 'history', 'true', 172),
(3941, 'battery', 'true', 172),
(3942, 'gamepad', 'false', 172),
(3943, 'vibrate', 'true', 172),
(3944, 'connection', 'false', 172),
(3945, 'activex', 'true', 172),
(3946, 'silverlight', '5.1', 172),
(3947, 'acrobat', '11', 172),
(3948, 'quicktime', '7.7', 172),
(3949, 'realplayer', 'true', 172),
(3950, 'windowsmedia', 'false', 172),
(3951, 'director', 'false', 172),
(3952, 'unity', 'false', 172),
(3953, 'flash', '11.8', 172),
(3954, 'java', 'true', 172),
(3955, 'donottrack', 'true', 172),
(3956, 'mstrackingprotection', 'false', 172),
(3957, 'spdy', 'false', 172),
(3958, 'undefined', 'false', 172),
(3959, 'javascript', 'true', 173),
(3960, 'root', '[object Window]', 173),
(3961, 'clientside', 'true', 173),
(3962, 'loader', 'false', 173),
(3963, 'module', 'false', 173),
(3964, 'serverside', 'false', 173),
(3965, 'name', 'firefox', 173),
(3966, 'version', '20', 173),
(3967, 'enginename', 'gecko', 173),
(3968, 'useragent', 'Mozilla/5.0 (Windows NT 6.1; WOW64; rv:20.0) Gecko/20100101 Firefox/20.0', 173),
(3969, 'dom0', 'true', 173),
(3970, 'dom1', 'true', 173),
(3971, 'dom2', 'true', 173),
(3972, 'dom3', 'true', 173),
(3973, 'cookie', 'true', 173),
(3974, 'vendorprefix', 'Moz', 173),
(3975, 'localstorage', 'true', 173),
(3976, 'sessionstorage', 'true', 173),
(3977, 'json', 'true', 173),
(3978, 'command', 'false', 173),
(3979, 'scriptasync', 'true', 173),
(3980, 'scriptdefer', 'true', 173),
(3981, 'iframe', 'true', 173),
(3982, 'sandbox', 'true', 173),
(3983, 'seamless', 'false', 173),
(3984, 'srcdoc', 'false', 173),
(3985, 'microdata', 'true', 173),
(3986, 'css', 'true', 173),
(3987, 'color', 'true', 173),
(3988, 'backgroundclip', 'false', 173),
(3989, 'backgroundorigin', 'false', 173),
(3990, 'backgroundsize', 'false', 173),
(3991, 'boxshadow', 'false', 173),
(3992, 'borderradius', 'false', 173),
(3993, 'overflowx', 'false', 173),
(3994, 'overflowy', 'false', 173),
(3995, 'textshadow', 'false', 173),
(3996, 'opacity', 'true', 173),
(3997, 'pagevisibility', 'true', 173),
(3998, 'getusermedia', 'true', 173),
(3999, 'touch', 'false', 173),
(4000, 'autocomplete', 'true', 173),
(4001, 'audio', 'true', 173),
(4002, 'audioapi', 'false', 173),
(4003, 'mp3', 'false', 173),
(4004, 'oggvorbis', 'true', 173),
(4005, 'opus', 'true', 173),
(4006, 'wav', 'true', 173),
(4007, 'aac', 'false', 173),
(4008, 'video', 'true', 173),
(4009, 'h264', 'false', 173),
(4010, 'mp4', 'false', 173),
(4011, 'oggtheora', 'true', 173),
(4012, 'webm', 'true', 173),
(4013, 'webp', 'true', 173),
(4014, 'captions', 'false', 173),
(4015, 'poster', 'true', 173),
(4016, 'track', 'false', 173),
(4017, 'base64', 'true', 173),
(4018, 'datauri', 'true', 173),
(4019, 'canvas', 'true', 173),
(4020, 'canvastext', 'true', 173),
(4021, 'webgl', 'true', 173),
(4022, 'svg', 'true', 173),
(4023, 'inlinesvg', 'false', 173),
(4024, 'svginhtml', 'true', 173),
(4025, 'vml', 'false', 173),
(4026, 'fullscreen', 'false', 173),
(4027, 'requestanimationframe', 'false', 173),
(4028, 'pointerlock', 'false', 173),
(4029, 'geolocation', 'true', 173),
(4030, 'navtiming', 'true', 173),
(4031, 'orientationevent', 'true', 173),
(4032, 'websockets', 'true', 173),
(4033, 'webworkers', 'true', 173),
(4034, 'sharedworkers', 'false', 173),
(4035, 'postmessage', 'true', 173),
(4036, 'eventsource', 'true', 173),
(4037, 'applicationcache', 'false', 173),
(4038, 'xhr', 'true', 173),
(4039, 'xhr2', 'true', 173),
(4040, 'cors', 'true', 173),
(4041, 'history', 'true', 173),
(4042, 'battery', 'true', 173),
(4043, 'gamepad', 'false', 173),
(4044, 'vibrate', 'true', 173),
(4045, 'connection', 'false', 173),
(4046, 'activex', 'true', 173),
(4047, 'silverlight', '5.1', 173),
(4048, 'acrobat', '11', 173),
(4049, 'quicktime', '7.7', 173),
(4050, 'realplayer', 'true', 173),
(4051, 'windowsmedia', 'false', 173),
(4052, 'director', 'false', 173),
(4053, 'unity', 'false', 173),
(4054, 'flash', '11.8', 173),
(4055, 'java', 'true', 173),
(4056, 'donottrack', 'true', 173),
(4057, 'mstrackingprotection', 'false', 173),
(4058, 'spdy', 'false', 173),
(4059, 'undefined', 'false', 173),
(4866, 'javascript', 'true', 182),
(4867, 'root', '[object Window]', 182),
(4868, 'clientside', 'true', 182),
(4869, 'loader', 'false', 182),
(4870, 'module', 'false', 182),
(4871, 'serverside', 'false', 182),
(4872, 'name', 'msie', 182),
(4873, 'version', '10', 182),
(4874, 'enginename', 'trident', 182),
(4875, 'useragent', 'Mozilla/5.0 (compatible; MSIE 10.0; Windows NT 6.1; WOW64; Trident/6.0; SLCC2; .', 182),
(4876, 'dom0', 'true', 182),
(4877, 'dom1', 'true', 182),
(4878, 'dom2', 'true', 182),
(4879, 'dom3', 'false', 182),
(4880, 'cookie', 'true', 182),
(4881, 'vendorprefix', 'ms', 182),
(4882, 'localstorage', 'true', 182),
(4883, 'sessionstorage', 'true', 182),
(4884, 'json', 'true', 182),
(4885, 'command', 'false', 182),
(4886, 'scriptasync', 'true', 182),
(4887, 'scriptdefer', 'true', 182),
(4888, 'iframe', 'true', 182),
(4889, 'sandbox', 'true', 182),
(4890, 'seamless', 'false', 182),
(4891, 'srcdoc', 'false', 182),
(4892, 'microdata', 'false', 182),
(4893, 'css', 'true', 182),
(4894, 'color', 'true', 182),
(4895, 'backgroundclip', 'true', 182),
(4896, 'backgroundorigin', 'true', 182),
(4897, 'backgroundsize', 'true', 182),
(4898, 'boxshadow', 'true', 182),
(4899, 'borderradius', 'true', 182),
(4900, 'overflowx', 'true', 182),
(4901, 'overflowy', 'true', 182),
(4902, 'textshadow', 'true', 182),
(4903, 'opacity', 'true', 182),
(4904, 'pagevisibility', 'true', 182),
(4905, 'getusermedia', 'false', 182),
(4906, 'touch', 'false', 182),
(4907, 'autocomplete', 'true', 182),
(4908, 'audio', 'true', 182),
(4909, 'audioapi', 'false', 182),
(4910, 'mp3', 'true', 182),
(4911, 'oggvorbis', 'false', 182),
(4912, 'opus', 'false', 182),
(4913, 'wav', 'false', 182),
(4914, 'aac', 'true', 182),
(4915, 'video', 'true', 182),
(4916, 'h264', 'true', 182),
(4917, 'mp4', 'false', 182),
(4918, 'oggtheora', 'false', 182),
(4919, 'webm', 'false', 182),
(4920, 'webp', 'false', 182),
(4921, 'captions', 'true', 182),
(4922, 'poster', 'true', 182),
(4923, 'track', 'true', 182),
(4924, 'base64', 'true', 182),
(4925, 'datauri', 'true', 182),
(4926, 'canvas', 'true', 182),
(4927, 'canvastext', 'true', 182),
(4928, 'webgl', 'false', 182),
(4929, 'svg', 'true', 182),
(4930, 'inlinesvg', 'false', 182),
(4931, 'svginhtml', 'true', 182),
(4932, 'vml', 'false', 182),
(4933, 'fullscreen', 'false', 182),
(4934, 'requestanimationframe', 'true', 182),
(4935, 'pointerlock', 'false', 182),
(4936, 'geolocation', 'true', 182),
(4937, 'navtiming', 'true', 182),
(4938, 'orientationevent', 'false', 182),
(4939, 'websockets', 'true', 182),
(4940, 'webworkers', 'true', 182),
(4941, 'sharedworkers', 'false', 182),
(4942, 'postmessage', 'true', 182),
(4943, 'eventsource', 'false', 182),
(4944, 'applicationcache', 'false', 182),
(4945, 'xhr', 'true', 182),
(4946, 'xhr2', 'true', 182),
(4947, 'cors', 'true', 182),
(4948, 'history', 'true', 182),
(4949, 'battery', 'false', 182),
(4950, 'gamepad', 'false', 182),
(4951, 'vibrate', 'false', 182),
(4952, 'connection', 'false', 182),
(4953, 'activex', 'true', 182),
(4954, 'silverlight', 'false', 182),
(4955, 'acrobat', '10.1', 182),
(4956, 'quicktime', 'false', 182),
(4957, 'realplayer', 'false', 182),
(4958, 'windowsmedia', '12', 182),
(4959, 'director', 'false', 182),
(4960, 'unity', 'true', 182),
(4961, 'flash', '11.9', 182),
(4962, 'java', 'true', 182),
(4963, 'donottrack', 'false', 182),
(4964, 'mstrackingprotection', 'false', 182),
(4965, 'spdy', 'false', 182),
(4966, 'undefined', 'false', 182),
(5068, 'webworkers', 'false', 184),
(5069, 'webgl', 'false', 184),
(5070, 'vendorprefix', 'false', 184),
(5071, 'color', 'false', 184),
(5072, 'datauri', 'false', 184),
(5073, 'localstorage', 'false', 184),
(5074, 'director', 'false', 184),
(5075, 'activex', 'true', 184),
(5076, 'svginhtml', 'false', 184),
(5077, 'useragent', 'Mozilla/3.0 [en] (compatible; HotJava; x86)', 184),
(5078, 'opus', 'false', 184),
(5079, 'postmessage', 'false', 184),
(5080, 'borderradius', 'false', 184),
(5081, 'textshadow', 'false', 184),
(5082, 'srcdoc', 'false', 184),
(5083, 'webm', 'false', 184),
(5084, 'fullscreen', 'false', 184),
(5085, 'connection', 'false', 184),
(5086, 'webp', 'false', 184),
(5087, 'websockets', 'false', 184),
(5088, 'autocomplete', 'false', 184),
(5089, 'mp4', 'false', 184),
(5090, 'mp3', 'false', 184),
(5091, 'command', 'false', 184),
(5092, 'iframe', 'false', 184),
(5093, 'pagevisibility', 'false', 184),
(5094, 'scriptdefer', 'false', 184),
(5095, 'loader', 'false', 184),
(5096, 'quicktime', 'false', 184),
(5097, 'sandbox', 'false', 184),
(5098, 'history', 'false', 184),
(5099, 'gamepad', 'false', 184),
(5100, 'serverside', 'false', 184),
(5101, 'opacity', 'false', 184),
(5102, 'module', 'false', 184),
(5103, 'wav', 'false', 184),
(5104, 'sessionstorage', 'false', 184),
(5105, 'backgroundsize', 'false', 184),
(5106, 'navtiming', 'false', 184),
(5107, 'undefined', 'false', 184),
(5108, 'root', '[object Window]', 184),
(5109, 'flash', 'false', 184),
(5110, 'acrobat', 'false', 184),
(5111, 'video', 'false', 184),
(5112, 'windowsmedia', 'false', 184),
(5113, 'backgroundclip', 'false', 184),
(5114, 'json', 'true', 184),
(5115, 'vml', 'false', 184),
(5116, 'sharedworkers', 'false', 184),
(5117, 'donottrack', 'false', 184),
(5118, 'css', 'false', 184),
(5119, 'geolocation', 'false', 184),
(5120, 'vibrate', 'false', 184),
(5121, 'applicationcache', 'false', 184),
(5122, 'aac', 'false', 184),
(5123, 'track', 'false', 184),
(5124, 'captions', 'false', 184),
(5125, 'cookie', 'true', 184),
(5126, 'xhr2', 'false', 184),
(5127, 'spdy', 'false', 184),
(5128, 'canvastext', 'false', 184),
(5129, 'svg', 'false', 184),
(5130, 'audioapi', 'false', 184),
(5131, 'boxshadow', 'false', 184),
(5132, 'eventsource', 'false', 184),
(5133, 'pointerlock', 'false', 184),
(5134, 'canvas', 'false', 184),
(5135, 'microdata', 'false', 184),
(5136, 'silverlight', 'false', 184),
(5137, 'java', 'true', 184),
(5138, 'realplayer', 'false', 184),
(5139, 'inlinesvg', 'false', 184),
(5140, 'orientationevent', 'false', 184),
(5141, 'mstrackingprotection', 'false', 184),
(5142, 'h264', 'false', 184),
(5143, 'scriptasync', 'false', 184),
(5144, 'base64', 'false', 184),
(5145, 'backgroundorigin', 'false', 184),
(5146, 'dom0', 'true', 184),
(5147, 'dom1', 'false', 184),
(5148, 'dom2', 'false', 184),
(5149, 'dom3', 'false', 184),
(5150, 'overflowx', 'false', 184),
(5151, 'overflowy', 'false', 184),
(5152, 'xhr', 'false', 184),
(5153, 'javascript', 'true', 184),
(5154, 'battery', 'false', 184),
(5155, 'unity', 'false', 184),
(5156, 'oggtheora', 'false', 184),
(5157, 'oggvorbis', 'false', 184),
(5158, 'clientside', 'true', 184),
(5159, 'getusermedia', 'false', 184),
(5160, 'poster', 'false', 184),
(5161, 'cors', 'false', 184),
(5162, 'requestanimationframe', 'false', 184),
(5163, 'audio', 'false', 184),
(5164, 'export', 'Submit Results', 184),
(5165, 'webworkers', 'false', 185),
(5166, 'webgl', 'false', 185),
(5167, 'vendorprefix', 'false', 185),
(5168, 'color', 'false', 185),
(5169, 'datauri', 'false', 185),
(5170, 'localstorage', 'false', 185),
(5171, 'director', 'false', 185),
(5172, 'activex', 'true', 185),
(5173, 'svginhtml', 'false', 185),
(5174, 'useragent', 'Mozilla/3.0 [en] (compatible; HotJava; x86)', 185),
(5175, 'opus', 'false', 185),
(5176, 'postmessage', 'false', 185),
(5177, 'borderradius', 'false', 185),
(5178, 'textshadow', 'false', 185),
(5179, 'srcdoc', 'false', 185),
(5180, 'webm', 'false', 185),
(5181, 'fullscreen', 'false', 185),
(5182, 'connection', 'false', 185),
(5183, 'webp', 'false', 185),
(5184, 'websockets', 'false', 185),
(5185, 'autocomplete', 'false', 185),
(5186, 'mp4', 'false', 185),
(5187, 'mp3', 'false', 185),
(5188, 'command', 'false', 185),
(5189, 'iframe', 'false', 185),
(5190, 'pagevisibility', 'false', 185),
(5191, 'scriptdefer', 'false', 185),
(5192, 'loader', 'false', 185),
(5193, 'quicktime', 'false', 185),
(5194, 'sandbox', 'false', 185),
(5195, 'history', 'false', 185),
(5196, 'gamepad', 'false', 185),
(5197, 'serverside', 'false', 185),
(5198, 'opacity', 'false', 185),
(5199, 'module', 'false', 185),
(5200, 'wav', 'false', 185),
(5201, 'sessionstorage', 'false', 185),
(5202, 'backgroundsize', 'false', 185),
(5203, 'navtiming', 'false', 185),
(5204, 'undefined', 'false', 185),
(5205, 'root', '[object Window]', 185),
(5206, 'flash', 'false', 185),
(5207, 'acrobat', 'false', 185),
(5208, 'video', 'false', 185),
(5209, 'windowsmedia', 'false', 185),
(5210, 'backgroundclip', 'false', 185),
(5211, 'json', 'true', 185),
(5212, 'vml', 'false', 185),
(5213, 'sharedworkers', 'false', 185),
(5214, 'donottrack', 'false', 185),
(5215, 'css', 'false', 185),
(5216, 'geolocation', 'false', 185),
(5217, 'vibrate', 'false', 185),
(5218, 'applicationcache', 'false', 185),
(5219, 'aac', 'false', 185),
(5220, 'track', 'false', 185),
(5221, 'captions', 'false', 185),
(5222, 'cookie', 'true', 185),
(5223, 'xhr2', 'false', 185),
(5224, 'spdy', 'false', 185),
(5225, 'canvastext', 'false', 185),
(5226, 'svg', 'false', 185),
(5227, 'audioapi', 'false', 185),
(5228, 'boxshadow', 'false', 185),
(5229, 'eventsource', 'false', 185),
(5230, 'pointerlock', 'false', 185),
(5231, 'canvas', 'false', 185),
(5232, 'microdata', 'false', 185),
(5233, 'silverlight', 'false', 185),
(5234, 'java', 'true', 185),
(5235, 'realplayer', 'false', 185),
(5236, 'inlinesvg', 'false', 185),
(5237, 'orientationevent', 'false', 185),
(5238, 'mstrackingprotection', 'false', 185),
(5239, 'h264', 'false', 185),
(5240, 'scriptasync', 'false', 185),
(5241, 'base64', 'false', 185),
(5242, 'backgroundorigin', 'false', 185),
(5243, 'dom0', 'true', 185),
(5244, 'dom1', 'false', 185),
(5245, 'dom2', 'false', 185),
(5246, 'dom3', 'false', 185),
(5247, 'overflowx', 'false', 185),
(5248, 'overflowy', 'false', 185),
(5249, 'xhr', 'false', 185),
(5250, 'javascript', 'true', 185),
(5251, 'battery', 'false', 185),
(5252, 'unity', 'false', 185),
(5253, 'oggtheora', 'false', 185),
(5254, 'oggvorbis', 'false', 185),
(5255, 'clientside', 'true', 185),
(5256, 'getusermedia', 'false', 185),
(5257, 'poster', 'false', 185),
(5258, 'cors', 'false', 185),
(5259, 'requestanimationframe', 'false', 185),
(5260, 'audio', 'false', 185),
(5261, 'export', 'Submit Results', 185),
(5464, 'javascript', 'true', 188),
(5465, 'root', '[object]', 188),
(5466, 'clientside', 'true', 188),
(5467, 'loader', 'false', 188),
(5468, 'module', 'false', 188),
(5469, 'serverside', 'false', 188),
(5470, 'name', 'msie', 188),
(5471, 'version', '6', 188),
(5472, 'enginename', 'trident', 188),
(5473, 'useragent', 'Mozilla/4.0 (compatible; MSIE 6.0; Windows NT 5.1; SV1; (R1 1.6))', 188),
(5474, 'dom0', 'true', 188),
(5475, 'dom1', 'true', 188),
(5476, 'dom2', 'false', 188),
(5477, 'dom3', 'false', 188),
(5478, 'cookie', 'true', 188),
(5479, 'vendorprefix', 'false', 188),
(5480, 'localstorage', 'false', 188),
(5481, 'sessionstorage', 'false', 188),
(5482, 'json', 'true', 188),
(5483, 'command', 'false', 188),
(5484, 'scriptasync', 'false', 188),
(5485, 'scriptdefer', 'true', 188),
(5486, 'iframe', 'true', 188),
(5487, 'sandbox', 'false', 188),
(5488, 'seamless', 'false', 188),
(5489, 'srcdoc', 'false', 188),
(5490, 'microdata', 'false', 188),
(5491, 'css', 'true', 188),
(5492, 'color', 'true', 188),
(5493, 'backgroundclip', 'false', 188),
(5494, 'backgroundorigin', 'false', 188),
(5495, 'backgroundsize', 'false', 188),
(5496, 'boxshadow', 'false', 188),
(5497, 'borderradius', 'false', 188),
(5498, 'overflowx', 'false', 188),
(5499, 'overflowy', 'false', 188),
(5500, 'textshadow', 'false', 188),
(5501, 'opacity', 'false', 188),
(5502, 'pagevisibility', 'false', 188),
(5503, 'getusermedia', 'false', 188),
(5504, 'touch', 'false', 188),
(5505, 'autocomplete', 'false', 188),
(5506, 'audio', 'false', 188),
(5507, 'audioapi', 'false', 188),
(5508, 'mp3', 'false', 188),
(5509, 'oggvorbis', 'false', 188),
(5510, 'opus', 'false', 188),
(5511, 'wav', 'false', 188),
(5512, 'aac', 'false', 188),
(5513, 'video', 'false', 188),
(5514, 'h264', 'false', 188),
(5515, 'mp4', 'false', 188),
(5516, 'oggtheora', 'false', 188),
(5517, 'webm', 'false', 188),
(5518, 'webp', 'false', 188),
(5519, 'captions', 'false', 188),
(5520, 'poster', 'false', 188),
(5521, 'track', 'false', 188),
(5522, 'base64', 'false', 188),
(5523, 'canvas', 'false', 188),
(5524, 'canvastext', 'false', 188),
(5525, 'webgl', 'false', 188),
(5526, 'svg', 'false', 188),
(5527, 'inlinesvg', 'false', 188),
(5528, 'svginhtml', 'false', 188),
(5529, 'vml', 'true', 188),
(5530, 'fullscreen', 'false', 188),
(5531, 'requestanimationframe', 'false', 188),
(5532, 'pointerlock', 'false', 188),
(5533, 'geolocation', 'false', 188),
(5534, 'navtiming', 'false', 188),
(5535, 'orientationevent', 'false', 188),
(5536, 'websockets', 'false', 188),
(5537, 'webworkers', 'false', 188),
(5538, 'sharedworkers', 'false', 188),
(5539, 'postmessage', 'false', 188),
(5540, 'eventsource', 'false', 188),
(5541, 'applicationcache', 'false', 188),
(5542, 'xhr', 'false', 188),
(5543, 'xhr2', 'false', 188),
(5544, 'cors', 'false', 188),
(5545, 'history', 'false', 188),
(5546, 'battery', 'false', 188),
(5547, 'gamepad', 'false', 188),
(5548, 'vibrate', 'false', 188),
(5549, 'connection', 'false', 188),
(5550, 'activex', 'true', 188),
(5551, 'silverlight', '5', 188),
(5552, 'acrobat', 'false', 188),
(5553, 'quicktime', 'false', 188),
(5554, 'realplayer', 'true', 188),
(5555, 'windowsmedia', '9', 188),
(5556, 'director', 'false', 188),
(5557, 'unity', 'false', 188),
(5558, 'flash', '8.0', 188),
(5559, 'java', 'true', 188),
(5560, 'donottrack', 'false', 188),
(5561, 'mstrackingprotection', 'false', 188),
(5562, 'spdy', 'false', 188),
(5563, 'undefined', 'false', 188),
(5564, 'javascript', 'true', 189),
(5565, 'root', '[object Window]', 189),
(5566, 'clientside', 'true', 189),
(5567, 'loader', 'false', 189),
(5568, 'module', 'false', 189),
(5569, 'serverside', 'false', 189),
(5570, 'enginename', 'gecko', 189),
(5571, 'useragent', 'Mozilla/5.0 (Windows; U; Windows NT 5.1; en-US; rv:1.7.5) Gecko/20060912 Netscape/8.1.2', 189),
(5572, 'dom0', 'true', 189),
(5573, 'dom1', 'true', 189),
(5574, 'dom2', 'true', 189),
(5575, 'dom3', 'true', 189),
(5576, 'cookie', 'true', 189),
(5577, 'vendorprefix', 'Moz', 189),
(5578, 'localstorage', 'false', 189),
(5579, 'sessionstorage', 'false', 189),
(5580, 'json', 'true', 189),
(5581, 'command', 'false', 189),
(5582, 'scriptasync', 'false', 189),
(5583, 'scriptdefer', 'true', 189),
(5584, 'iframe', 'true', 189),
(5585, 'sandbox', 'false', 189),
(5586, 'seamless', 'false', 189),
(5587, 'srcdoc', 'false', 189),
(5588, 'microdata', 'false', 189),
(5589, 'css', 'true', 189),
(5590, 'color', 'true', 189),
(5591, 'backgroundclip', 'false', 189),
(5592, 'backgroundorigin', 'false', 189),
(5593, 'backgroundsize', 'false', 189),
(5594, 'boxshadow', 'false', 189),
(5595, 'borderradius', 'false', 189),
(5596, 'overflowx', 'false', 189),
(5597, 'overflowy', 'false', 189),
(5598, 'textshadow', 'false', 189),
(5599, 'opacity', 'true', 189),
(5600, 'pagevisibility', 'false', 189),
(5601, 'getusermedia', 'false', 189),
(5602, 'touch', 'false', 189),
(5603, 'autocomplete', 'false', 189),
(5604, 'audio', 'false', 189),
(5605, 'audioapi', 'false', 189),
(5606, 'mp3', 'false', 189),
(5607, 'oggvorbis', 'false', 189),
(5608, 'opus', 'false', 189),
(5609, 'wav', 'false', 189),
(5610, 'aac', 'false', 189),
(5611, 'video', 'false', 189),
(5612, 'h264', 'false', 189),
(5613, 'mp4', 'false', 189),
(5614, 'oggtheora', 'false', 189),
(5615, 'webm', 'false', 189),
(5616, 'webp', 'false', 189),
(5617, 'captions', 'false', 189),
(5618, 'poster', 'false', 189),
(5619, 'track', 'false', 189),
(5620, 'base64', 'true', 189),
(5621, 'datauri', 'true', 189),
(5622, 'canvas', 'false', 189),
(5623, 'canvastext', 'false', 189),
(5624, 'webgl', 'false', 189),
(5625, 'svg', 'false', 189),
(5626, 'inlinesvg', 'true', 189),
(5627, 'svginhtml', 'false', 189),
(5628, 'vml', 'false', 189),
(5629, 'fullscreen', 'false', 189),
(5630, 'requestanimationframe', 'false', 189),
(5631, 'pointerlock', 'false', 189),
(5632, 'geolocation', 'false', 189),
(5633, 'navtiming', 'false', 189),
(5634, 'orientationevent', 'false', 189),
(5635, 'websockets', 'false', 189),
(5636, 'webworkers', 'false', 189),
(5637, 'sharedworkers', 'false', 189),
(5638, 'postmessage', 'false', 189),
(5639, 'eventsource', 'false', 189),
(5640, 'applicationcache', 'false', 189),
(5641, 'xhr', 'true', 189),
(5642, 'xhr2', 'false', 189),
(5643, 'cors', 'false', 189),
(5644, 'history', 'false', 189),
(5645, 'battery', 'false', 189),
(5646, 'gamepad', 'false', 189),
(5647, 'vibrate', 'false', 189),
(5648, 'connection', 'false', 189),
(5649, 'activex', 'true', 189),
(5650, 'silverlight', '5.1', 189),
(5651, 'acrobat', 'false', 189),
(5652, 'quicktime', '7.7', 189),
(5653, 'realplayer', 'true', 189),
(5654, 'windowsmedia', 'true', 189),
(5655, 'director', 'false', 189),
(5656, 'unity', 'false', 189),
(5657, 'flash', '8', 189),
(5658, 'java', 'false', 189),
(5659, 'donottrack', 'false', 189),
(5660, 'mstrackingprotection', 'false', 189),
(5661, 'spdy', 'false', 189),
(5662, 'undefined', 'false', 189),
(5663, 'javascript', 'true', 190),
(5664, 'root', '[object Window]', 190),
(5665, 'clientside', 'true', 190),
(5666, 'loader', 'false', 190),
(5667, 'module', 'false', 190),
(5668, 'serverside', 'false', 190),
(5669, 'name', 'firefox', 190),
(5670, 'version', '2', 190),
(5671, 'enginename', 'gecko', 190),
(5672, 'useragent', 'Mozilla/5.0 (Windows; U; Windows NT 5.1; en-US; rv:1.8.1.20) Gecko/20081217 Firefox/2.0.0.20', 190),
(5673, 'dom0', 'true', 190),
(5674, 'dom1', 'true', 190),
(5675, 'dom2', 'true', 190),
(5676, 'dom3', 'true', 190),
(5677, 'cookie', 'true', 190),
(5678, 'vendorprefix', 'Moz', 190),
(5679, 'localstorage', 'false', 190),
(5680, 'sessionstorage', 'true', 190),
(5681, 'json', 'true', 190),
(5682, 'command', 'false', 190),
(5683, 'scriptasync', 'false', 190),
(5684, 'scriptdefer', 'true', 190),
(5685, 'iframe', 'true', 190),
(5686, 'sandbox', 'false', 190),
(5687, 'seamless', 'false', 190),
(5688, 'srcdoc', 'false', 190),
(5689, 'microdata', 'false', 190),
(5690, 'css', 'true', 190),
(5691, 'color', 'true', 190),
(5692, 'backgroundclip', 'false', 190),
(5693, 'backgroundorigin', 'false', 190),
(5694, 'backgroundsize', 'false', 190),
(5695, 'boxshadow', 'false', 190),
(5696, 'borderradius', 'false', 190),
(5697, 'overflowx', 'false', 190),
(5698, 'overflowy', 'false', 190),
(5699, 'textshadow', 'false', 190),
(5700, 'opacity', 'true', 190),
(5701, 'pagevisibility', 'false', 190),
(5702, 'getusermedia', 'false', 190),
(5703, 'touch', 'false', 190),
(5704, 'autocomplete', 'false', 190),
(5705, 'audio', 'false', 190),
(5706, 'audioapi', 'false', 190),
(5707, 'mp3', 'false', 190),
(5708, 'oggvorbis', 'false', 190),
(5709, 'opus', 'false', 190),
(5710, 'wav', 'false', 190),
(5711, 'aac', 'false', 190),
(5712, 'video', 'false', 190),
(5713, 'h264', 'false', 190),
(5714, 'mp4', 'false', 190),
(5715, 'oggtheora', 'false', 190),
(5716, 'webm', 'false', 190),
(5717, 'webp', 'false', 190),
(5718, 'captions', 'false', 190),
(5719, 'poster', 'false', 190),
(5720, 'track', 'false', 190),
(5721, 'base64', 'true', 190),
(5722, 'datauri', 'true', 190),
(5723, 'canvas', 'true', 190),
(5724, 'canvastext', 'false', 190),
(5725, 'webgl', 'false', 190),
(5726, 'svg', 'true', 190),
(5727, 'inlinesvg', 'true', 190),
(5728, 'svginhtml', 'false', 190),
(5729, 'vml', 'false', 190),
(5730, 'fullscreen', 'false', 190),
(5731, 'requestanimationframe', 'false', 190),
(5732, 'pointerlock', 'false', 190),
(5733, 'geolocation', 'false', 190),
(5734, 'navtiming', 'false', 190),
(5735, 'orientationevent', 'false', 190),
(5736, 'websockets', 'false', 190),
(5737, 'webworkers', 'false', 190),
(5738, 'sharedworkers', 'false', 190),
(5739, 'postmessage', 'false', 190),
(5740, 'eventsource', 'false', 190),
(5741, 'applicationcache', 'false', 190),
(5742, 'xhr', 'true', 190),
(5743, 'xhr2', 'false', 190),
(5744, 'cors', 'false', 190),
(5745, 'history', 'false', 190),
(5746, 'battery', 'false', 190),
(5747, 'gamepad', 'false', 190),
(5748, 'vibrate', 'false', 190),
(5749, 'connection', 'false', 190),
(5750, 'activex', 'true', 190),
(5751, 'silverlight', '5.1', 190),
(5752, 'acrobat', 'false', 190),
(5753, 'quicktime', '7.7', 190),
(5754, 'realplayer', 'true', 190),
(5755, 'windowsmedia', 'true', 190),
(5756, 'director', 'false', 190),
(5757, 'unity', 'false', 190),
(5758, 'flash', 'false', 190),
(5759, 'java', 'true', 190),
(5760, 'donottrack', 'false', 190),
(5761, 'mstrackingprotection', 'false', 190),
(5762, 'spdy', 'false', 190),
(5763, 'undefined', 'false', 190),
(5764, 'webworkers', 'false', 191),
(5765, 'webgl', 'false', 191),
(5766, 'vendorprefix', 'false', 191),
(5767, 'color', 'false', 191),
(5768, 'datauri', 'false', 191),
(5769, 'localstorage', 'false', 191),
(5770, 'director', 'false', 191),
(5771, 'activex', 'true', 191),
(5772, 'svginhtml', 'false', 191),
(5773, 'useragent', 'Mozilla/3.0 [en] (compatible; HotJava; x86)', 191),
(5774, 'opus', 'false', 191),
(5775, 'postmessage', 'false', 191),
(5776, 'borderradius', 'false', 191),
(5777, 'textshadow', 'false', 191),
(5778, 'srcdoc', 'false', 191),
(5779, 'webm', 'false', 191),
(5780, 'fullscreen', 'false', 191),
(5781, 'connection', 'false', 191),
(5782, 'webp', 'false', 191),
(5783, 'websockets', 'false', 191),
(5784, 'autocomplete', 'false', 191),
(5785, 'mp4', 'false', 191),
(5786, 'mp3', 'false', 191),
(5787, 'command', 'false', 191),
(5788, 'iframe', 'false', 191),
(5789, 'pagevisibility', 'false', 191),
(5790, 'scriptdefer', 'false', 191),
(5791, 'loader', 'false', 191),
(5792, 'quicktime', 'false', 191),
(5793, 'sandbox', 'false', 191),
(5794, 'history', 'false', 191),
(5795, 'gamepad', 'false', 191),
(5796, 'serverside', 'false', 191),
(5797, 'opacity', 'false', 191),
(5798, 'module', 'false', 191),
(5799, 'wav', 'false', 191),
(5800, 'sessionstorage', 'false', 191),
(5801, 'backgroundsize', 'false', 191),
(5802, 'navtiming', 'false', 191),
(5803, 'undefined', 'false', 191),
(5804, 'root', '[object Window]', 191),
(5805, 'flash', 'false', 191),
(5806, 'acrobat', 'false', 191),
(5807, 'video', 'false', 191),
(5808, 'windowsmedia', 'false', 191),
(5809, 'backgroundclip', 'false', 191),
(5810, 'json', 'true', 191),
(5811, 'vml', 'false', 191),
(5812, 'sharedworkers', 'false', 191),
(5813, 'donottrack', 'false', 191),
(5814, 'css', 'false', 191),
(5815, 'geolocation', 'false', 191),
(5816, 'vibrate', 'false', 191),
(5817, 'applicationcache', 'false', 191),
(5818, 'aac', 'false', 191),
(5819, 'track', 'false', 191),
(5820, 'captions', 'false', 191),
(5821, 'cookie', 'true', 191),
(5822, 'xhr2', 'false', 191),
(5823, 'spdy', 'false', 191),
(5824, 'canvastext', 'false', 191),
(5825, 'svg', 'false', 191),
(5826, 'audioapi', 'false', 191),
(5827, 'boxshadow', 'false', 191),
(5828, 'eventsource', 'false', 191),
(5829, 'pointerlock', 'false', 191),
(5830, 'canvas', 'false', 191),
(5831, 'microdata', 'false', 191),
(5832, 'silverlight', 'false', 191),
(5833, 'java', 'true', 191),
(5834, 'realplayer', 'false', 191),
(5835, 'inlinesvg', 'false', 191),
(5836, 'orientationevent', 'false', 191),
(5837, 'mstrackingprotection', 'false', 191),
(5838, 'h264', 'false', 191),
(5839, 'scriptasync', 'false', 191),
(5840, 'base64', 'false', 191),
(5841, 'backgroundorigin', 'false', 191),
(5842, 'dom0', 'true', 191),
(5843, 'dom1', 'false', 191),
(5844, 'dom2', 'false', 191),
(5845, 'dom3', 'false', 191),
(5846, 'overflowx', 'false', 191),
(5847, 'overflowy', 'false', 191),
(5848, 'xhr', 'false', 191),
(5849, 'javascript', 'true', 191),
(5850, 'battery', 'false', 191),
(5851, 'unity', 'false', 191),
(5852, 'oggtheora', 'false', 191),
(5853, 'oggvorbis', 'false', 191),
(5854, 'clientside', 'true', 191),
(5855, 'getusermedia', 'false', 191),
(5856, 'poster', 'false', 191),
(5857, 'cors', 'false', 191),
(5858, 'requestanimationframe', 'false', 191),
(5859, 'audio', 'false', 191),
(5860, 'export', 'Submit Results', 191),
(5861, 'javascript', 'true', 192),
(5862, 'root', '[object Window]', 192),
(5863, 'clientside', 'true', 192),
(5864, 'loader', 'false', 192),
(5865, 'module', 'false', 192),
(5866, 'serverside', 'false', 192),
(5867, 'name', 'chrome', 192),
(5868, 'version', '31', 192),
(5869, 'enginename', 'webkit', 192),
(5870, 'useragent', 'Mozilla/5.0 (Windows NT 6.2; WOW64) AppleWebKit/537.36 (KHTML, like Gecko) Chrome/31.0.1650.26 Safari/537.36 OPR/18.0.1284.11 (Edition Next)', 192),
(5871, 'dom0', 'true', 192),
(5872, 'dom1', 'true', 192),
(5873, 'dom2', 'true', 192),
(5874, 'dom3', 'false', 192),
(5875, 'cookie', 'true', 192),
(5876, 'vendorprefix', 'webkit', 192),
(5877, 'localstorage', 'true', 192),
(5878, 'sessionstorage', 'true', 192),
(5879, 'json', 'true', 192),
(5880, 'command', 'false', 192),
(5881, 'scriptasync', 'true', 192),
(5882, 'scriptdefer', 'true', 192),
(5883, 'iframe', 'true', 192),
(5884, 'sandbox', 'true', 192),
(5885, 'seamless', 'false', 192),
(5886, 'srcdoc', 'true', 192),
(5887, 'microdata', 'false', 192),
(5888, 'css', 'true', 192),
(5889, 'color', 'true', 192),
(5890, 'backgroundclip', 'true', 192),
(5891, 'backgroundorigin', 'true', 192),
(5892, 'backgroundsize', 'true', 192),
(5893, 'boxshadow', 'true', 192),
(5894, 'borderradius', 'true', 192),
(5895, 'overflowx', 'true', 192),
(5896, 'overflowy', 'true', 192),
(5897, 'textshadow', 'true', 192),
(5898, 'opacity', 'true', 192),
(5899, 'pagevisibility', 'true', 192),
(5900, 'getusermedia', 'true', 192),
(5901, 'touch', 'false', 192),
(5902, 'autocomplete', 'true', 192),
(5903, 'audio', 'true', 192),
(5904, 'audioapi', 'false', 192),
(5905, 'mp3', 'false', 192),
(5906, 'oggvorbis', 'true', 192),
(5907, 'opus', 'true', 192),
(5908, 'wav', 'true', 192),
(5909, 'aac', 'false', 192),
(5910, 'video', 'true', 192),
(5911, 'h264', 'false', 192),
(5912, 'mp4', 'false', 192),
(5913, 'oggtheora', 'true', 192),
(5914, 'webm', 'true', 192),
(5915, 'webp', 'true', 192),
(5916, 'captions', 'true', 192),
(5917, 'poster', 'true', 192),
(5918, 'track', 'true', 192),
(5919, 'base64', 'true', 192),
(5920, 'datauri', 'true', 192),
(5921, 'canvas', 'true', 192),
(5922, 'canvastext', 'true', 192),
(5923, 'webgl', 'true', 192),
(5924, 'svg', 'true', 192),
(5925, 'inlinesvg', 'false', 192),
(5926, 'svginhtml', 'true', 192),
(5927, 'vml', 'false', 192),
(5928, 'fullscreen', 'false', 192),
(5929, 'requestanimationframe', 'true', 192),
(5930, 'pointerlock', 'false', 192),
(5931, 'geolocation', 'true', 192),
(5932, 'navtiming', 'true', 192),
(5933, 'orientationevent', 'true', 192),
(5934, 'websockets', 'true', 192),
(5935, 'webworkers', 'true', 192),
(5936, 'sharedworkers', 'true', 192),
(5937, 'postmessage', 'true', 192),
(5938, 'eventsource', 'true', 192),
(5939, 'applicationcache', 'false', 192),
(5940, 'xhr', 'true', 192),
(5941, 'xhr2', 'true', 192),
(5942, 'cors', 'true', 192),
(5943, 'history', 'true', 192),
(5944, 'battery', 'false', 192),
(5945, 'gamepad', 'false', 192),
(5946, 'vibrate', 'false', 192),
(5947, 'connection', 'false', 192),
(5948, 'activex', 'true', 192),
(5949, 'silverlight', '5.1', 192),
(5950, 'acrobat', 'false', 192),
(5951, 'quicktime', '7.7', 192),
(5952, 'realplayer', 'false', 192),
(5953, 'windowsmedia', 'false', 192),
(5954, 'director', 'false', 192),
(5955, 'unity', '4.2', 192),
(5956, 'flash', '11.9', 192),
(5957, 'java', 'true', 192),
(5958, 'donottrack', 'true', 192),
(5959, 'mstrackingprotection', 'false', 192),
(5960, 'spdy', 'false', 192),
(5961, 'undefined', 'false', 192),
(7073, 'javascript', 'true', 204),
(7074, 'root', '[object Window]', 204),
(7075, 'clientside', 'true', 204),
(7076, 'loader', 'false', 204),
(7077, 'module', 'false', 204),
(7078, 'serverside', 'false', 204),
(7079, 'name', 'opera', 204),
(7080, 'version', '12.16', 204),
(7081, 'enginename', 'presto', 204),
(7082, 'useragent', 'Opera/9.80 (Windows NT 6.2; WOW64) Presto/2.12.388 Version/12.16', 204),
(7083, 'dom0', 'true', 204),
(7084, 'dom1', 'true', 204),
(7085, 'dom2', 'true', 204),
(7086, 'dom3', 'false', 204),
(7087, 'cookie', 'true', 204),
(7088, 'vendorprefix', 'O', 204),
(7089, 'localstorage', 'true', 204),
(7090, 'sessionstorage', 'true', 204),
(7091, 'json', 'true', 204),
(7092, 'command', 'false', 204),
(7093, 'scriptasync', 'false', 204),
(7094, 'scriptdefer', 'true', 204),
(7095, 'iframe', 'true', 204),
(7096, 'sandbox', 'false', 204),
(7097, 'seamless', 'false', 204),
(7098, 'srcdoc', 'false', 204),
(7099, 'microdata', 'true', 204),
(7100, 'css', 'true', 204),
(7101, 'color', 'true', 204),
(7102, 'backgroundclip', 'true', 204),
(7103, 'backgroundorigin', 'true', 204),
(7104, 'backgroundsize', 'true', 204),
(7105, 'boxshadow', 'true', 204),
(7106, 'borderradius', 'true', 204),
(7107, 'overflowx', 'true', 204),
(7108, 'overflowy', 'true', 204),
(7109, 'textshadow', 'true', 204),
(7110, 'opacity', 'true', 204),
(7111, 'pagevisibility', 'true', 204),
(7112, 'getusermedia', 'true', 204),
(7113, 'touch', 'false', 204),
(7114, 'autocomplete', 'true', 204),
(7115, 'audio', 'true', 204),
(7116, 'audioapi', 'false', 204),
(7117, 'mp3', 'false', 204),
(7118, 'oggvorbis', 'true', 204),
(7119, 'opus', 'false', 204),
(7120, 'wav', 'true', 204),
(7121, 'aac', 'false', 204),
(7122, 'video', 'true', 204),
(7123, 'h264', 'false', 204),
(7124, 'mp4', 'false', 204),
(7125, 'oggtheora', 'true', 204),
(7126, 'webm', 'true', 204),
(7127, 'webp', 'true', 204),
(7128, 'captions', 'true', 204),
(7129, 'poster', 'true', 204),
(7130, 'track', 'true', 204),
(7131, 'base64', 'true', 204),
(7132, 'datauri', 'true', 204),
(7133, 'canvas', 'true', 204),
(7134, 'canvastext', 'true', 204),
(7135, 'webgl', 'true', 204),
(7136, 'svg', 'true', 204),
(7137, 'inlinesvg', 'false', 204),
(7138, 'svginhtml', 'true', 204),
(7139, 'vml', 'false', 204),
(7140, 'fullscreen', 'true', 204),
(7141, 'requestanimationframe', 'false', 204),
(7142, 'pointerlock', 'false', 204),
(7143, 'geolocation', 'true', 204),
(7144, 'navtiming', 'false', 204),
(7145, 'orientationevent', 'false', 204),
(7146, 'websockets', 'true', 204),
(7147, 'webworkers', 'true', 204),
(7148, 'sharedworkers', 'true', 204),
(7149, 'postmessage', 'true', 204),
(7150, 'eventsource', 'true', 204),
(7151, 'applicationcache', 'false', 204),
(7152, 'xhr', 'true', 204),
(7153, 'xhr2', 'true', 204),
(7154, 'cors', 'true', 204),
(7155, 'history', 'true', 204),
(7156, 'battery', 'false', 204),
(7157, 'gamepad', 'false', 204),
(7158, 'vibrate', 'false', 204),
(7159, 'connection', 'false', 204),
(7160, 'activex', 'true', 204),
(7161, 'silverlight', '5.1', 204),
(7162, 'acrobat', '10.1', 204),
(7163, 'quicktime', '7.7', 204),
(7164, 'realplayer', 'false', 204),
(7165, 'windowsmedia', 'false', 204),
(7166, 'director', 'false', 204),
(7167, 'unity', '4.2', 204),
(7168, 'flash', '11.9', 204),
(7169, 'java', 'true', 204),
(7170, 'donottrack', 'true', 204),
(7171, 'mstrackingprotection', 'false', 204),
(7172, 'spdy', 'false', 204),
(7173, 'undefined', 'false', 204),
(7275, 'javascript', 'true', 208),
(7276, 'root', '[object window]', 208),
(7277, 'clientside', 'true', 208),
(7278, 'loader', 'false', 208),
(7279, 'module', 'false', 208),
(7280, 'serverside', 'false', 208),
(7281, 'name', 'opera', 208),
(7282, 'version', '12.16', 208),
(7283, 'enginename', 'presto', 208),
(7284, 'useragent', 'opera/9.80 (windows nt 6.2; wow64) presto/2.12.388 version/12.16', 208),
(7285, 'dom0', 'true', 208),
(7286, 'dom1', 'true', 208),
(7287, 'dom2', 'true', 208),
(7288, 'dom3', 'false', 208),
(7289, 'cookie', 'true', 208),
(7290, 'vendorprefix', 'o', 208),
(7291, 'localstorage', 'true', 208),
(7292, 'sessionstorage', 'true', 208),
(7293, 'json', 'true', 208),
(7294, 'command', 'false', 208),
(7295, 'scriptasync', 'false', 208),
(7296, 'scriptdefer', 'true', 208),
(7297, 'iframe', 'true', 208),
(7298, 'sandbox', 'false', 208),
(7299, 'seamless', 'false', 208),
(7300, 'srcdoc', 'false', 208),
(7301, 'microdata', 'true', 208),
(7302, 'css', 'true', 208),
(7303, 'color', 'true', 208),
(7304, 'backgroundclip', 'true', 208),
(7305, 'backgroundorigin', 'true', 208),
(7306, 'backgroundsize', 'true', 208),
(7307, 'boxshadow', 'true', 208),
(7308, 'borderradius', 'true', 208),
(7309, 'overflowx', 'true', 208),
(7310, 'overflowy', 'true', 208),
(7311, 'textshadow', 'true', 208),
(7312, 'opacity', 'true', 208),
(7313, 'pagevisibility', 'true', 208),
(7314, 'getusermedia', 'true', 208),
(7315, 'touch', 'false', 208),
(7316, 'autocomplete', 'true', 208),
(7317, 'audio', 'true', 208),
(7318, 'audioapi', 'false', 208),
(7319, 'mp3', 'false', 208),
(7320, 'oggvorbis', 'true', 208),
(7321, 'opus', 'false', 208),
(7322, 'wav', 'true', 208),
(7323, 'aac', 'false', 208),
(7324, 'video', 'true', 208),
(7325, 'h264', 'false', 208),
(7326, 'mp4', 'false', 208),
(7327, 'oggtheora', 'true', 208),
(7328, 'webm', 'true', 208),
(7329, 'webp', 'true', 208),
(7330, 'captions', 'true', 208),
(7331, 'poster', 'true', 208),
(7332, 'track', 'true', 208),
(7333, 'base64', 'true', 208),
(7334, 'datauri', 'true', 208),
(7335, 'canvas', 'true', 208),
(7336, 'canvastext', 'true', 208),
(7337, 'webgl', 'true', 208),
(7338, 'svg', 'true', 208),
(7339, 'inlinesvg', 'false', 208),
(7340, 'svginhtml', 'true', 208),
(7341, 'vml', 'false', 208),
(7342, 'fullscreen', 'true', 208),
(7343, 'requestanimationframe', 'false', 208),
(7344, 'pointerlock', 'false', 208),
(7345, 'geolocation', 'true', 208),
(7346, 'navtiming', 'false', 208),
(7347, 'orientationevent', 'false', 208),
(7348, 'websockets', 'true', 208),
(7349, 'webworkers', 'true', 208),
(7350, 'sharedworkers', 'true', 208),
(7351, 'postmessage', 'true', 208),
(7352, 'eventsource', 'true', 208),
(7353, 'applicationcache', 'false', 208),
(7354, 'xhr', 'true', 208),
(7355, 'xhr2', 'true', 208),
(7356, 'cors', 'true', 208),
(7357, 'history', 'true', 208),
(7358, 'battery', 'false', 208),
(7359, 'gamepad', 'false', 208),
(7360, 'vibrate', 'false', 208),
(7361, 'connection', 'false', 208),
(7362, 'activex', 'true', 208),
(7363, 'silverlight', '5.1', 208),
(7364, 'acrobat', '10.1', 208),
(7365, 'quicktime', '7.7', 208),
(7366, 'realplayer', 'false', 208),
(7367, 'windowsmedia', 'false', 208),
(7368, 'director', 'false', 208),
(7369, 'unity', '4.2', 208),
(7370, 'flash', '11.9', 208),
(7371, 'java', 'true', 208),
(7372, 'donottrack', 'true', 208),
(7373, 'mstrackingprotection', 'false', 208),
(7374, 'spdy', 'false', 208),
(7375, 'undefined', 'false', 208),
(7376, 'javascript', 'true', 209),
(7377, 'root', '[object domwindow]', 209),
(7378, 'clientside', 'true', 209),
(7379, 'loader', 'false', 209),
(7380, 'module', 'false', 209),
(7381, 'serverside', 'false', 209),
(7382, 'version', '4', 209),
(7383, 'enginename', 'webkit', 209),
(7384, 'useragent', 'mozilla/5.0 (linux; u; android; en_us; androvm for virtualbox (''phone'' version) build/) applewebkit/530.17 (khtml, like gecko) version/4.0 netfrontlifebrowser/2.3 mobile (dragonfruit)', 209),
(7385, 'dom0', 'true', 209),
(7386, 'dom1', 'true', 209),
(7387, 'dom2', 'true', 209),
(7388, 'dom3', 'false', 209),
(7389, 'cookie', 'true', 209),
(7390, 'vendorprefix', 'khtml', 209),
(7391, 'localstorage', 'true', 209),
(7392, 'sessionstorage', 'true', 209),
(7393, 'json', 'true', 209),
(7394, 'command', 'false', 209),
(7395, 'scriptasync', 'true', 209),
(7396, 'scriptdefer', 'true', 209),
(7397, 'iframe', 'true', 209),
(7398, 'sandbox', 'true', 209),
(7399, 'seamless', 'false', 209),
(7400, 'srcdoc', 'false', 209),
(7401, 'microdata', 'false', 209),
(7402, 'css', 'true', 209),
(7403, 'color', 'true', 209),
(7404, 'backgroundclip', 'true', 209),
(7405, 'backgroundorigin', 'true', 209),
(7406, 'backgroundsize', 'true', 209),
(7407, 'boxshadow', 'true', 209),
(7408, 'borderradius', 'false', 209),
(7409, 'overflowx', 'true', 209),
(7410, 'overflowy', 'true', 209),
(7411, 'textshadow', 'true', 209),
(7412, 'opacity', 'true', 209),
(7413, 'pagevisibility', 'false', 209),
(7414, 'getusermedia', 'false', 209),
(7415, 'touch', 'true', 209),
(7416, 'autocomplete', 'false', 209),
(7417, 'audio', 'true', 209),
(7418, 'audioapi', 'false', 209),
(7419, 'mp3', 'true', 209),
(7420, 'oggvorbis', 'true', 209),
(7421, 'opus', 'true', 209),
(7422, 'wav', 'false', 209),
(7423, 'aac', 'true', 209),
(7424, 'video', 'true', 209),
(7425, 'h264', 'true', 209),
(7426, 'mp4', 'true', 209),
(7427, 'oggtheora', 'false', 209),
(7428, 'webm', 'true', 209),
(7429, 'webp', 'true', 209),
(7430, 'captions', 'false', 209),
(7431, 'poster', 'true', 209),
(7432, 'track', 'false', 209),
(7433, 'base64', 'true', 209),
(7434, 'datauri', 'true', 209),
(7435, 'canvas', 'true', 209),
(7436, 'canvastext', 'true', 209),
(7437, 'webgl', 'false', 209),
(7438, 'svg', 'true', 209),
(7439, 'inlinesvg', 'false', 209),
(7440, 'svginhtml', 'true', 209),
(7441, 'vml', 'false', 209),
(7442, 'fullscreen', 'false', 209),
(7443, 'requestanimationframe', 'false', 209),
(7444, 'pointerlock', 'false', 209),
(7445, 'geolocation', 'true', 209),
(7446, 'navtiming', 'true', 209),
(7447, 'orientationevent', 'true', 209),
(7448, 'websockets', 'false', 209),
(7449, 'webworkers', 'false', 209),
(7450, 'sharedworkers', 'false', 209),
(7451, 'postmessage', 'true', 209),
(7452, 'eventsource', 'false', 209),
(7453, 'applicationcache', 'false', 209),
(7454, 'xhr', 'true', 209),
(7455, 'xhr2', 'true', 209),
(7456, 'cors', 'true', 209),
(7457, 'history', 'true', 209),
(7458, 'battery', 'false', 209),
(7459, 'gamepad', 'false', 209),
(7460, 'vibrate', 'false', 209),
(7461, 'connection', 'true', 209),
(7462, 'activex', 'true', 209),
(7463, 'silverlight', 'false', 209),
(7464, 'acrobat', 'false', 209),
(7465, 'quicktime', 'false', 209),
(7466, 'realplayer', 'false', 209),
(7467, 'windowsmedia', 'false', 209),
(7468, 'director', 'false', 209),
(7469, 'unity', 'false', 209),
(7470, 'flash', '11.1', 209),
(7471, 'java', 'false', 209),
(7472, 'donottrack', 'false', 209),
(7473, 'mstrackingprotection', 'false', 209),
(7474, 'spdy', 'false', 209),
(7475, 'undefined', 'false', 209),
(7476, 'javascript', 'true', 210),
(7477, 'root', '[object window]', 210),
(7478, 'clientside', 'true', 210),
(7479, 'loader', 'false', 210),
(7480, 'module', 'false', 210),
(7481, 'serverside', 'false', 210),
(7482, 'name', 'safari', 210),
(7483, 'version', '10.2', 210),
(7484, 'enginename', 'webkit', 210),
(7485, 'useragent', 'mozilla/5.0 (bb10; touch) applewebkit/537.35  (khtml, like gecko) version/10.2.0.1155 mobile safari/537.35', 210),
(7486, 'dom0', 'true', 210),
(7487, 'dom1', 'true', 210),
(7488, 'dom2', 'true', 210),
(7489, 'dom3', 'false', 210),
(7490, 'cookie', 'true', 210),
(7491, 'vendorprefix', 'webkit', 210),
(7492, 'localstorage', 'true', 210),
(7493, 'sessionstorage', 'true', 210),
(7494, 'json', 'true', 210),
(7495, 'command', 'false', 210),
(7496, 'scriptasync', 'true', 210),
(7497, 'scriptdefer', 'true', 210),
(7498, 'iframe', 'true', 210),
(7499, 'sandbox', 'true', 210),
(7500, 'seamless', 'true', 210),
(7501, 'srcdoc', 'true', 210),
(7502, 'microdata', 'true', 210),
(7503, 'css', 'true', 210),
(7504, 'color', 'true', 210),
(7505, 'backgroundclip', 'true', 210),
(7506, 'backgroundorigin', 'true', 210),
(7507, 'backgroundsize', 'true', 210),
(7508, 'boxshadow', 'true', 210),
(7509, 'borderradius', 'true', 210),
(7510, 'overflowx', 'true', 210),
(7511, 'overflowy', 'true', 210),
(7512, 'textshadow', 'true', 210),
(7513, 'opacity', 'true', 210),
(7514, 'pagevisibility', 'true', 210),
(7515, 'getusermedia', 'true', 210),
(7516, 'touch', 'true', 210),
(7517, 'autocomplete', 'true', 210),
(7518, 'audio', 'true', 210),
(7519, 'audioapi', 'false', 210),
(7520, 'mp3', 'true', 210),
(7521, 'oggvorbis', 'true', 210),
(7522, 'opus', 'true', 210),
(7523, 'wav', 'true', 210),
(7524, 'aac', 'true', 210),
(7525, 'video', 'true', 210),
(7526, 'h264', 'true', 210),
(7527, 'mp4', 'true', 210),
(7528, 'oggtheora', 'false', 210),
(7529, 'webm', 'false', 210),
(7530, 'webp', 'false', 210),
(7531, 'captions', 'true', 210),
(7532, 'poster', 'true', 210),
(7533, 'track', 'true', 210),
(7534, 'base64', 'true', 210),
(7535, 'datauri', 'true', 210),
(7536, 'canvas', 'true', 210),
(7537, 'canvastext', 'true', 210),
(7538, 'webgl', 'true', 210),
(7539, 'svg', 'true', 210),
(7540, 'inlinesvg', 'false', 210),
(7541, 'svginhtml', 'true', 210),
(7542, 'vml', 'false', 210),
(7543, 'fullscreen', 'false', 210),
(7544, 'requestanimationframe', 'true', 210),
(7545, 'pointerlock', 'false', 210),
(7546, 'geolocation', 'true', 210),
(7547, 'navtiming', 'true', 210),
(7548, 'orientationevent', 'true', 210),
(7549, 'websockets', 'true', 210),
(7550, 'webworkers', 'true', 210),
(7551, 'sharedworkers', 'true', 210),
(7552, 'postmessage', 'true', 210),
(7553, 'eventsource', 'true', 210),
(7554, 'applicationcache', 'false', 210),
(7555, 'xhr', 'true', 210),
(7556, 'xhr2', 'true', 210),
(7557, 'cors', 'true', 210),
(7558, 'history', 'true', 210),
(7559, 'battery', 'false', 210),
(7560, 'gamepad', 'false', 210),
(7561, 'vibrate', 'true', 210),
(7562, 'connection', 'false', 210),
(7563, 'activex', 'true', 210),
(7564, 'silverlight', 'false', 210),
(7565, 'acrobat', 'false', 210),
(7566, 'quicktime', 'false', 210),
(7567, 'realplayer', 'false', 210),
(7568, 'windowsmedia', 'false', 210),
(7569, 'director', 'false', 210),
(7570, 'unity', 'false', 210),
(7571, 'flash', 'false', 210),
(7572, 'java', 'false', 210),
(7573, 'donottrack', 'false', 210),
(7574, 'mstrackingprotection', 'false', 210),
(7575, 'spdy', 'false', 210),
(7576, 'undefined', 'false', 210),
(7577, 'javascript', 'true', 211),
(7578, 'root', '[object window]', 211),
(7579, 'clientside', 'true', 211),
(7580, 'loader', 'false', 211),
(7581, 'module', 'false', 211),
(7582, 'serverside', 'false', 211),
(7583, 'name', 'firefox', 211),
(7584, 'version', '3.5', 211),
(7585, 'enginename', 'gecko', 211),
(7586, 'useragent', 'mozilla/5.0 (windows; u; windows nt 5.1; en-us; rv:1.9.1.5) gecko/20091218 firefox/3.5.5 orca/1.2 build 6', 211),
(7587, 'dom0', 'true', 211),
(7588, 'dom1', 'true', 211),
(7589, 'dom2', 'true', 211),
(7590, 'dom3', 'true', 211),
(7591, 'cookie', 'true', 211),
(7592, 'vendorprefix', 'moz', 211),
(7593, 'localstorage', 'true', 211),
(7594, 'sessionstorage', 'true', 211),
(7595, 'json', 'true', 211),
(7596, 'command', 'false', 211),
(7597, 'scriptasync', 'false', 211),
(7598, 'scriptdefer', 'true', 211),
(7599, 'iframe', 'true', 211),
(7600, 'sandbox', 'false', 211),
(7601, 'seamless', 'false', 211),
(7602, 'srcdoc', 'false', 211),
(7603, 'microdata', 'false', 211),
(7604, 'css', 'true', 211),
(7605, 'color', 'true', 211),
(7606, 'backgroundclip', 'false', 211),
(7607, 'backgroundorigin', 'false', 211),
(7608, 'backgroundsize', 'false', 211),
(7609, 'boxshadow', 'false', 211),
(7610, 'borderradius', 'false', 211),
(7611, 'overflowx', 'false', 211),
(7612, 'overflowy', 'false', 211),
(7613, 'textshadow', 'false', 211),
(7614, 'opacity', 'true', 211),
(7615, 'pagevisibility', 'false', 211),
(7616, 'getusermedia', 'false', 211),
(7617, 'touch', 'false', 211),
(7618, 'autocomplete', 'false', 211),
(7619, 'audio', 'true', 211),
(7620, 'audioapi', 'false', 211),
(7621, 'mp3', 'false', 211),
(7622, 'oggvorbis', 'true', 211),
(7623, 'opus', 'false', 211),
(7624, 'wav', 'true', 211),
(7625, 'aac', 'false', 211),
(7626, 'video', 'true', 211),
(7627, 'h264', 'false', 211),
(7628, 'mp4', 'false', 211),
(7629, 'oggtheora', 'true', 211),
(7630, 'webm', 'false', 211),
(7631, 'webp', 'false', 211),
(7632, 'captions', 'false', 211),
(7633, 'poster', 'false', 211),
(7634, 'track', 'false', 211),
(7635, 'base64', 'true', 211),
(7636, 'datauri', 'true', 211),
(7637, 'canvas', 'true', 211),
(7638, 'canvastext', 'true', 211),
(7639, 'webgl', 'false', 211),
(7640, 'svg', 'true', 211),
(7641, 'inlinesvg', 'true', 211),
(7642, 'svginhtml', 'false', 211),
(7643, 'vml', 'false', 211),
(7644, 'fullscreen', 'false', 211),
(7645, 'requestanimationframe', 'false', 211),
(7646, 'pointerlock', 'false', 211),
(7647, 'geolocation', 'true', 211),
(7648, 'navtiming', 'false', 211),
(7649, 'orientationevent', 'false', 211),
(7650, 'websockets', 'false', 211),
(7651, 'webworkers', 'true', 211),
(7652, 'sharedworkers', 'false', 211),
(7653, 'postmessage', 'true', 211),
(7654, 'eventsource', 'false', 211),
(7655, 'applicationcache', 'false', 211),
(7656, 'xhr', 'true', 211),
(7657, 'xhr2', 'true', 211),
(7658, 'cors', 'true', 211),
(7659, 'history', 'false', 211),
(7660, 'battery', 'false', 211),
(7661, 'gamepad', 'false', 211),
(7662, 'vibrate', 'false', 211),
(7663, 'connection', 'false', 211),
(7664, 'activex', 'true', 211),
(7665, 'silverlight', '5.1', 211),
(7666, 'acrobat', 'false', 211),
(7667, 'quicktime', '7.7', 211),
(7668, 'realplayer', 'true', 211),
(7669, 'windowsmedia', 'true', 211),
(7670, 'director', 'false', 211),
(7671, 'unity', 'false', 211),
(7672, 'flash', 'false', 211),
(7673, 'java', 'true', 211),
(7674, 'donottrack', 'false', 211),
(7675, 'mstrackingprotection', 'false', 211),
(7676, 'spdy', 'false', 211),
(7677, 'undefined', 'false', 211),
(7678, 'javascript', 'true', 212),
(7679, 'root', '[object domwindow]', 212),
(7680, 'clientside', 'true', 212),
(7681, 'loader', 'false', 212),
(7682, 'module', 'false', 212),
(7683, 'serverside', 'false', 212),
(7684, 'name', 'safari', 212),
(7685, 'version', '534.34', 212),
(7686, 'enginename', 'webkit', 212),
(7687, 'useragent', 'mozilla/5.0 (windows nt 5.1) applewebkit/534.34 (khtml, like gecko) leechcraft/0.5.95-2509-g599c148 safari/534.34', 212),
(7688, 'dom0', 'true', 212),
(7689, 'dom1', 'true', 212),
(7690, 'dom2', 'true', 212),
(7691, 'dom3', 'false', 212),
(7692, 'cookie', 'true', 212);
INSERT INTO `import_fulltests_results` (`id`, `property`, `result`, `fulltest_id`) VALUES
(7693, 'vendorprefix', 'khtml', 212),
(7694, 'localstorage', 'true', 212),
(7695, 'sessionstorage', 'true', 212),
(7696, 'json', 'true', 212),
(7697, 'command', 'false', 212),
(7698, 'scriptasync', 'true', 212),
(7699, 'scriptdefer', 'true', 212),
(7700, 'iframe', 'true', 212),
(7701, 'sandbox', 'true', 212),
(7702, 'seamless', 'false', 212),
(7703, 'srcdoc', 'false', 212),
(7704, 'microdata', 'false', 212),
(7705, 'css', 'true', 212),
(7706, 'color', 'true', 212),
(7707, 'backgroundclip', 'true', 212),
(7708, 'backgroundorigin', 'true', 212),
(7709, 'backgroundsize', 'true', 212),
(7710, 'boxshadow', 'true', 212),
(7711, 'borderradius', 'false', 212),
(7712, 'overflowx', 'true', 212),
(7713, 'overflowy', 'true', 212),
(7714, 'textshadow', 'true', 212),
(7715, 'opacity', 'true', 212),
(7716, 'pagevisibility', 'false', 212),
(7717, 'getusermedia', 'false', 212),
(7718, 'touch', 'true', 212),
(7719, 'autocomplete', 'false', 212),
(7720, 'audio', 'false', 212),
(7721, 'audioapi', 'false', 212),
(7722, 'mp3', 'false', 212),
(7723, 'oggvorbis', 'false', 212),
(7724, 'opus', 'false', 212),
(7725, 'wav', 'false', 212),
(7726, 'aac', 'false', 212),
(7727, 'video', 'false', 212),
(7728, 'h264', 'false', 212),
(7729, 'mp4', 'false', 212),
(7730, 'oggtheora', 'false', 212),
(7731, 'webm', 'false', 212),
(7732, 'webp', 'false', 212),
(7733, 'captions', 'false', 212),
(7734, 'poster', 'false', 212),
(7735, 'track', 'false', 212),
(7736, 'base64', 'true', 212),
(7737, 'datauri', 'true', 212),
(7738, 'canvas', 'true', 212),
(7739, 'canvastext', 'true', 212),
(7740, 'webgl', 'false', 212),
(7741, 'svg', 'true', 212),
(7742, 'inlinesvg', 'false', 212),
(7743, 'svginhtml', 'true', 212),
(7744, 'vml', 'false', 212),
(7745, 'fullscreen', 'false', 212),
(7746, 'requestanimationframe', 'false', 212),
(7747, 'pointerlock', 'false', 212),
(7748, 'geolocation', 'false', 212),
(7749, 'navtiming', 'false', 212),
(7750, 'orientationevent', 'false', 212),
(7751, 'websockets', 'true', 212),
(7752, 'webworkers', 'true', 212),
(7753, 'sharedworkers', 'true', 212),
(7754, 'postmessage', 'true', 212),
(7755, 'eventsource', 'true', 212),
(7756, 'applicationcache', 'false', 212),
(7757, 'xhr', 'true', 212),
(7758, 'xhr2', 'true', 212),
(7759, 'cors', 'true', 212),
(7760, 'history', 'true', 212),
(7761, 'battery', 'false', 212),
(7762, 'gamepad', 'false', 212),
(7763, 'vibrate', 'false', 212),
(7764, 'connection', 'false', 212),
(7765, 'activex', 'true', 212),
(7766, 'silverlight', '5.1', 212),
(7767, 'acrobat', 'false', 212),
(7768, 'quicktime', '7.7', 212),
(7769, 'realplayer', 'true', 212),
(7770, 'windowsmedia', 'true', 212),
(7771, 'director', 'false', 212),
(7772, 'unity', 'false', 212),
(7773, 'flash', '8', 212),
(7774, 'java', 'true', 212),
(7775, 'donottrack', 'false', 212),
(7776, 'mstrackingprotection', 'false', 212),
(7777, 'spdy', 'false', 212),
(7778, 'undefined', 'false', 212),
(7779, 'javascript', 'true', 213),
(7780, 'root', '[object]', 213),
(7781, 'clientside', 'true', 213),
(7782, 'loader', 'false', 213),
(7783, 'module', 'false', 213),
(7784, 'serverside', 'false', 213),
(7785, 'name', 'msie', 213),
(7786, 'version', '6', 213),
(7787, 'enginename', 'trident', 213),
(7788, 'useragent', 'mozilla/4.0 (compatible; msie 6.0; windows nt 5.1; sv1; (r1 1.6); .net4.0c; .net4.0e; .net clr 2.0.50727; .net clr 3.0.4506.2152; .net clr 3.5.30729)', 213),
(7789, 'dom0', 'true', 213),
(7790, 'dom1', 'true', 213),
(7791, 'dom2', 'false', 213),
(7792, 'dom3', 'false', 213),
(7793, 'cookie', 'true', 213),
(7794, 'vendorprefix', 'false', 213),
(7795, 'localstorage', 'false', 213),
(7796, 'sessionstorage', 'false', 213),
(7797, 'json', 'true', 213),
(7798, 'command', 'false', 213),
(7799, 'scriptasync', 'false', 213),
(7800, 'scriptdefer', 'true', 213),
(7801, 'iframe', 'true', 213),
(7802, 'sandbox', 'false', 213),
(7803, 'seamless', 'false', 213),
(7804, 'srcdoc', 'false', 213),
(7805, 'microdata', 'false', 213),
(7806, 'css', 'true', 213),
(7807, 'color', 'true', 213),
(7808, 'backgroundclip', 'false', 213),
(7809, 'backgroundorigin', 'false', 213),
(7810, 'backgroundsize', 'false', 213),
(7811, 'boxshadow', 'false', 213),
(7812, 'borderradius', 'false', 213),
(7813, 'overflowx', 'false', 213),
(7814, 'overflowy', 'false', 213),
(7815, 'textshadow', 'false', 213),
(7816, 'opacity', 'false', 213),
(7817, 'pagevisibility', 'false', 213),
(7818, 'getusermedia', 'false', 213),
(7819, 'touch', 'false', 213),
(7820, 'autocomplete', 'false', 213),
(7821, 'audio', 'false', 213),
(7822, 'audioapi', 'false', 213),
(7823, 'mp3', 'false', 213),
(7824, 'oggvorbis', 'false', 213),
(7825, 'opus', 'false', 213),
(7826, 'wav', 'false', 213),
(7827, 'aac', 'false', 213),
(7828, 'video', 'false', 213),
(7829, 'h264', 'false', 213),
(7830, 'mp4', 'false', 213),
(7831, 'oggtheora', 'false', 213),
(7832, 'webm', 'false', 213),
(7833, 'webp', 'false', 213),
(7834, 'captions', 'false', 213),
(7835, 'poster', 'false', 213),
(7836, 'track', 'false', 213),
(7837, 'base64', 'false', 213),
(7838, 'canvas', 'false', 213),
(7839, 'canvastext', 'false', 213),
(7840, 'webgl', 'false', 213),
(7841, 'svg', 'false', 213),
(7842, 'inlinesvg', 'false', 213),
(7843, 'svginhtml', 'false', 213),
(7844, 'vml', 'true', 213),
(7845, 'fullscreen', 'false', 213),
(7846, 'requestanimationframe', 'false', 213),
(7847, 'pointerlock', 'false', 213),
(7848, 'geolocation', 'false', 213),
(7849, 'navtiming', 'false', 213),
(7850, 'orientationevent', 'false', 213),
(7851, 'websockets', 'false', 213),
(7852, 'webworkers', 'false', 213),
(7853, 'sharedworkers', 'false', 213),
(7854, 'postmessage', 'false', 213),
(7855, 'eventsource', 'false', 213),
(7856, 'applicationcache', 'false', 213),
(7857, 'xhr', 'false', 213),
(7858, 'xhr2', 'false', 213),
(7859, 'cors', 'false', 213),
(7860, 'history', 'false', 213),
(7861, 'battery', 'false', 213),
(7862, 'gamepad', 'false', 213),
(7863, 'vibrate', 'false', 213),
(7864, 'connection', 'false', 213),
(7865, 'activex', 'true', 213),
(7866, 'silverlight', '5', 213),
(7867, 'acrobat', 'false', 213),
(7868, 'quicktime', 'false', 213),
(7869, 'realplayer', 'true', 213),
(7870, 'windowsmedia', '9', 213),
(7871, 'director', 'false', 213),
(7872, 'unity', 'false', 213),
(7873, 'flash', '8.0', 213),
(7874, 'java', 'true', 213),
(7875, 'donottrack', 'false', 213),
(7876, 'mstrackingprotection', 'false', 213),
(7877, 'spdy', 'false', 213),
(7878, 'undefined', 'false', 213),
(7879, 'javascript', 'true', 214),
(7880, 'root', '[object domwindow]', 214),
(7881, 'clientside', 'true', 214),
(7882, 'loader', 'false', 214),
(7883, 'module', 'false', 214),
(7884, 'serverside', 'false', 214),
(7885, 'name', 'safari', 214),
(7886, 'version', '4', 214),
(7887, 'enginename', 'webkit', 214),
(7888, 'useragent', 'mozilla/5.0 (linux; u; android 4.1.1; en-us; androvm for virtualbox (''phone'' version) build/jro03s) applewebkit/534.30 (khtml, like gecko) version/4.0 mobile safari/534.30', 214),
(7889, 'dom0', 'true', 214),
(7890, 'dom1', 'true', 214),
(7891, 'dom2', 'true', 214),
(7892, 'dom3', 'false', 214),
(7893, 'cookie', 'true', 214),
(7894, 'vendorprefix', 'khtml', 214),
(7895, 'localstorage', 'true', 214),
(7896, 'sessionstorage', 'true', 214),
(7897, 'json', 'true', 214),
(7898, 'command', 'false', 214),
(7899, 'scriptasync', 'true', 214),
(7900, 'scriptdefer', 'true', 214),
(7901, 'iframe', 'true', 214),
(7902, 'sandbox', 'true', 214),
(7903, 'seamless', 'false', 214),
(7904, 'srcdoc', 'false', 214),
(7905, 'microdata', 'false', 214),
(7906, 'css', 'true', 214),
(7907, 'color', 'true', 214),
(7908, 'backgroundclip', 'true', 214),
(7909, 'backgroundorigin', 'true', 214),
(7910, 'backgroundsize', 'true', 214),
(7911, 'boxshadow', 'true', 214),
(7912, 'borderradius', 'false', 214),
(7913, 'overflowx', 'true', 214),
(7914, 'overflowy', 'true', 214),
(7915, 'textshadow', 'true', 214),
(7916, 'opacity', 'true', 214),
(7917, 'pagevisibility', 'false', 214),
(7918, 'getusermedia', 'false', 214),
(7919, 'touch', 'true', 214),
(7920, 'autocomplete', 'false', 214),
(7921, 'audio', 'true', 214),
(7922, 'audioapi', 'false', 214),
(7923, 'mp3', 'true', 214),
(7924, 'oggvorbis', 'true', 214),
(7925, 'opus', 'true', 214),
(7926, 'wav', 'false', 214),
(7927, 'aac', 'true', 214),
(7928, 'video', 'true', 214),
(7929, 'h264', 'true', 214),
(7930, 'mp4', 'true', 214),
(7931, 'oggtheora', 'false', 214),
(7932, 'webm', 'true', 214),
(7933, 'webp', 'true', 214),
(7934, 'captions', 'false', 214),
(7935, 'poster', 'true', 214),
(7936, 'track', 'false', 214),
(7937, 'base64', 'true', 214),
(7938, 'datauri', 'true', 214),
(7939, 'canvas', 'true', 214),
(7940, 'canvastext', 'true', 214),
(7941, 'webgl', 'false', 214),
(7942, 'svg', 'true', 214),
(7943, 'inlinesvg', 'false', 214),
(7944, 'svginhtml', 'true', 214),
(7945, 'vml', 'false', 214),
(7946, 'fullscreen', 'false', 214),
(7947, 'requestanimationframe', 'false', 214),
(7948, 'pointerlock', 'false', 214),
(7949, 'geolocation', 'true', 214),
(7950, 'navtiming', 'true', 214),
(7951, 'orientationevent', 'true', 214),
(7952, 'websockets', 'false', 214),
(7953, 'webworkers', 'false', 214),
(7954, 'sharedworkers', 'false', 214),
(7955, 'postmessage', 'true', 214),
(7956, 'eventsource', 'false', 214),
(7957, 'applicationcache', 'false', 214),
(7958, 'xhr', 'true', 214),
(7959, 'xhr2', 'true', 214),
(7960, 'cors', 'true', 214),
(7961, 'history', 'true', 214),
(7962, 'battery', 'false', 214),
(7963, 'gamepad', 'false', 214),
(7964, 'vibrate', 'false', 214),
(7965, 'connection', 'true', 214),
(7966, 'activex', 'true', 214),
(7967, 'silverlight', 'false', 214),
(7968, 'acrobat', 'false', 214),
(7969, 'quicktime', 'false', 214),
(7970, 'realplayer', 'false', 214),
(7971, 'windowsmedia', 'false', 214),
(7972, 'director', 'false', 214),
(7973, 'unity', 'false', 214),
(7974, 'flash', '11.1', 214),
(7975, 'java', 'false', 214),
(7976, 'donottrack', 'false', 214),
(7977, 'mstrackingprotection', 'false', 214),
(7978, 'spdy', 'false', 214),
(7979, 'undefined', 'false', 214),
(7980, 'javascript', 'true', 215),
(7981, 'root', '[object domwindow]', 215),
(7982, 'clientside', 'true', 215),
(7983, 'loader', 'false', 215),
(7984, 'module', 'false', 215),
(7985, 'serverside', 'false', 215),
(7986, 'name', 'safari', 215),
(7987, 'version', '532.4', 215),
(7988, 'enginename', 'webkit', 215),
(7989, 'useragent', 'mozilla/5.0 (windows; u; windows nt 5.1; en-us) applewebkit/532.4 (khtml, like gecko) usejump/0.10.5 safari/532.4', 215),
(7990, 'dom0', 'true', 215),
(7991, 'dom1', 'true', 215),
(7992, 'dom2', 'true', 215),
(7993, 'dom3', 'false', 215),
(7994, 'cookie', 'true', 215),
(7995, 'vendorprefix', 'khtml', 215),
(7996, 'localstorage', 'false', 215),
(7997, 'sessionstorage', 'true', 215),
(7998, 'json', 'true', 215),
(7999, 'command', 'false', 215),
(8000, 'scriptasync', 'false', 215),
(8001, 'scriptdefer', 'true', 215),
(8002, 'iframe', 'true', 215),
(8003, 'sandbox', 'false', 215),
(8004, 'seamless', 'false', 215),
(8005, 'srcdoc', 'false', 215),
(8006, 'microdata', 'false', 215),
(8007, 'css', 'true', 215),
(8008, 'color', 'true', 215),
(8009, 'backgroundclip', 'false', 215),
(8010, 'backgroundorigin', 'true', 215),
(8011, 'backgroundsize', 'true', 215),
(8012, 'boxshadow', 'false', 215),
(8013, 'borderradius', 'false', 215),
(8014, 'overflowx', 'true', 215),
(8015, 'overflowy', 'true', 215),
(8016, 'textshadow', 'true', 215),
(8017, 'opacity', 'true', 215),
(8018, 'pagevisibility', 'false', 215),
(8019, 'getusermedia', 'false', 215),
(8020, 'touch', 'false', 215),
(8021, 'autocomplete', 'false', 215),
(8022, 'audio', 'true', 215),
(8023, 'audioapi', 'false', 215),
(8024, 'mp3', 'false', 215),
(8025, 'oggvorbis', 'false', 215),
(8026, 'opus', 'false', 215),
(8027, 'wav', 'false', 215),
(8028, 'aac', 'false', 215),
(8029, 'video', 'true', 215),
(8030, 'h264', 'false', 215),
(8031, 'mp4', 'false', 215),
(8032, 'oggtheora', 'false', 215),
(8033, 'webm', 'false', 215),
(8034, 'webp', 'false', 215),
(8035, 'captions', 'false', 215),
(8036, 'poster', 'true', 215),
(8037, 'track', 'false', 215),
(8038, 'base64', 'true', 215),
(8039, 'datauri', 'true', 215),
(8040, 'canvas', 'true', 215),
(8041, 'canvastext', 'true', 215),
(8042, 'webgl', 'false', 215),
(8043, 'svg', 'true', 215),
(8044, 'inlinesvg', 'false', 215),
(8045, 'svginhtml', 'false', 215),
(8046, 'vml', 'false', 215),
(8047, 'fullscreen', 'false', 215),
(8048, 'requestanimationframe', 'false', 215),
(8049, 'pointerlock', 'false', 215),
(8050, 'geolocation', 'false', 215),
(8051, 'navtiming', 'false', 215),
(8052, 'orientationevent', 'false', 215),
(8053, 'websockets', 'false', 215),
(8054, 'webworkers', 'true', 215),
(8055, 'sharedworkers', 'true', 215),
(8056, 'postmessage', 'true', 215),
(8057, 'eventsource', 'true', 215),
(8058, 'applicationcache', 'false', 215),
(8059, 'xhr', 'true', 215),
(8060, 'xhr2', 'true', 215),
(8061, 'cors', 'true', 215),
(8062, 'history', 'false', 215),
(8063, 'battery', 'false', 215),
(8064, 'gamepad', 'false', 215),
(8065, 'vibrate', 'false', 215),
(8066, 'connection', 'false', 215),
(8067, 'activex', 'true', 215),
(8068, 'silverlight', '5.1', 215),
(8069, 'acrobat', 'false', 215),
(8070, 'quicktime', '7.7', 215),
(8071, 'realplayer', 'true', 215),
(8072, 'windowsmedia', 'true', 215),
(8073, 'director', 'false', 215),
(8074, 'unity', 'false', 215),
(8075, 'flash', '8', 215),
(8076, 'java', 'false', 215),
(8077, 'donottrack', 'false', 215),
(8078, 'mstrackingprotection', 'false', 215),
(8079, 'spdy', 'false', 215),
(8080, 'undefined', 'false', 215),
(8081, 'javascript', 'true', 216),
(8082, 'root', '[object window]', 216),
(8083, 'clientside', 'true', 216),
(8084, 'loader', 'false', 216),
(8085, 'module', 'false', 216),
(8086, 'serverside', 'false', 216),
(8087, 'name', 'safari', 216),
(8088, 'version', '6', 216),
(8089, 'enginename', 'webkit', 216),
(8090, 'useragent', 'mozilla/5.0 (ipad; u; cpu os 6_0 like mac os x) applewebkit/536.26 (khtml, like gecko) version/6.0 mobile/10a403 safari/8536.25', 216),
(8091, 'dom0', 'true', 216),
(8092, 'dom1', 'true', 216),
(8093, 'dom2', 'true', 216),
(8094, 'dom3', 'false', 216),
(8095, 'cookie', 'true', 216),
(8096, 'vendorprefix', 'webkit', 216),
(8097, 'localstorage', 'true', 216),
(8098, 'sessionstorage', 'true', 216),
(8099, 'json', 'true', 216),
(8100, 'command', 'false', 216),
(8101, 'scriptasync', 'true', 216),
(8102, 'scriptdefer', 'true', 216),
(8103, 'iframe', 'true', 216),
(8104, 'sandbox', 'true', 216),
(8105, 'seamless', 'true', 216),
(8106, 'srcdoc', 'true', 216),
(8107, 'microdata', 'false', 216),
(8108, 'css', 'true', 216),
(8109, 'color', 'true', 216),
(8110, 'backgroundclip', 'true', 216),
(8111, 'backgroundorigin', 'true', 216),
(8112, 'backgroundsize', 'true', 216),
(8113, 'boxshadow', 'true', 216),
(8114, 'borderradius', 'true', 216),
(8115, 'overflowx', 'true', 216),
(8116, 'overflowy', 'true', 216),
(8117, 'textshadow', 'true', 216),
(8118, 'opacity', 'true', 216),
(8119, 'pagevisibility', 'true', 216),
(8120, 'getusermedia', 'false', 216),
(8121, 'touch', 'true', 216),
(8122, 'autocomplete', 'true', 216),
(8123, 'audio', 'true', 216),
(8124, 'audioapi', 'false', 216),
(8125, 'mp3', 'true', 216),
(8126, 'oggvorbis', 'false', 216),
(8127, 'opus', 'false', 216),
(8128, 'wav', 'true', 216),
(8129, 'aac', 'true', 216),
(8130, 'video', 'true', 216),
(8131, 'h264', 'true', 216),
(8132, 'mp4', 'true', 216),
(8133, 'oggtheora', 'false', 216),
(8134, 'webm', 'false', 216),
(8135, 'webp', 'false', 216),
(8136, 'captions', 'true', 216),
(8137, 'poster', 'true', 216),
(8138, 'track', 'true', 216),
(8139, 'base64', 'true', 216),
(8140, 'datauri', 'true', 216),
(8141, 'canvas', 'true', 216),
(8142, 'canvastext', 'true', 216),
(8143, 'webgl', 'true', 216),
(8144, 'svg', 'true', 216),
(8145, 'inlinesvg', 'false', 216),
(8146, 'svginhtml', 'true', 216),
(8147, 'vml', 'false', 216),
(8148, 'fullscreen', 'false', 216),
(8149, 'requestanimationframe', 'true', 216),
(8150, 'pointerlock', 'false', 216),
(8151, 'geolocation', 'true', 216),
(8152, 'navtiming', 'false', 216),
(8153, 'orientationevent', 'true', 216),
(8154, 'websockets', 'true', 216),
(8155, 'webworkers', 'true', 216),
(8156, 'sharedworkers', 'false', 216),
(8157, 'postmessage', 'true', 216),
(8158, 'eventsource', 'true', 216),
(8159, 'applicationcache', 'false', 216),
(8160, 'xhr', 'true', 216),
(8161, 'xhr2', 'true', 216),
(8162, 'cors', 'true', 216),
(8163, 'history', 'true', 216),
(8164, 'battery', 'false', 216),
(8165, 'gamepad', 'false', 216),
(8166, 'vibrate', 'false', 216),
(8167, 'connection', 'false', 216),
(8168, 'activex', 'true', 216),
(8169, 'silverlight', 'false', 216),
(8170, 'acrobat', 'false', 216),
(8171, 'quicktime', 'true', 216),
(8172, 'realplayer', 'false', 216),
(8173, 'windowsmedia', 'false', 216),
(8174, 'director', 'false', 216),
(8175, 'unity', 'false', 216),
(8176, 'flash', 'false', 216),
(8177, 'java', 'false', 216),
(8178, 'donottrack', 'false', 216),
(8179, 'mstrackingprotection', 'false', 216),
(8180, 'spdy', 'false', 216),
(8181, 'undefined', 'false', 216),
(8182, 'javascript', 'true', 217),
(8183, 'root', '[object window]', 217),
(8184, 'clientside', 'true', 217),
(8185, 'loader', 'false', 217),
(8186, 'module', 'false', 217),
(8187, 'serverside', 'false', 217),
(8188, 'name', 'safari', 217),
(8189, 'version', '5.1', 217),
(8190, 'enginename', 'webkit', 217),
(8191, 'useragent', 'mozilla/5.0 (ipad; u; cpu os 5_0 like mac os x) applewebkit/534.46 (khtml, like gecko) version/5.1 mobile/9a334 safari/7534.48.3', 217),
(8192, 'dom0', 'true', 217),
(8193, 'dom1', 'true', 217),
(8194, 'dom2', 'true', 217),
(8195, 'dom3', 'false', 217),
(8196, 'cookie', 'true', 217),
(8197, 'vendorprefix', 'webkit', 217),
(8198, 'localstorage', 'true', 217),
(8199, 'sessionstorage', 'true', 217),
(8200, 'json', 'true', 217),
(8201, 'command', 'false', 217),
(8202, 'scriptasync', 'true', 217),
(8203, 'scriptdefer', 'true', 217),
(8204, 'iframe', 'true', 217),
(8205, 'sandbox', 'true', 217),
(8206, 'seamless', 'true', 217),
(8207, 'srcdoc', 'true', 217),
(8208, 'microdata', 'false', 217),
(8209, 'css', 'true', 217),
(8210, 'color', 'true', 217),
(8211, 'backgroundclip', 'true', 217),
(8212, 'backgroundorigin', 'true', 217),
(8213, 'backgroundsize', 'true', 217),
(8214, 'boxshadow', 'true', 217),
(8215, 'borderradius', 'true', 217),
(8216, 'overflowx', 'true', 217),
(8217, 'overflowy', 'true', 217),
(8218, 'textshadow', 'true', 217),
(8219, 'opacity', 'true', 217),
(8220, 'pagevisibility', 'true', 217),
(8221, 'getusermedia', 'false', 217),
(8222, 'touch', 'true', 217),
(8223, 'autocomplete', 'true', 217),
(8224, 'audio', 'true', 217),
(8225, 'audioapi', 'false', 217),
(8226, 'mp3', 'true', 217),
(8227, 'oggvorbis', 'false', 217),
(8228, 'opus', 'false', 217),
(8229, 'wav', 'true', 217),
(8230, 'aac', 'true', 217),
(8231, 'video', 'true', 217),
(8232, 'h264', 'true', 217),
(8233, 'mp4', 'true', 217),
(8234, 'oggtheora', 'false', 217),
(8235, 'webm', 'false', 217),
(8236, 'webp', 'false', 217),
(8237, 'captions', 'true', 217),
(8238, 'poster', 'true', 217),
(8239, 'track', 'true', 217),
(8240, 'base64', 'true', 217),
(8241, 'datauri', 'true', 217),
(8242, 'canvas', 'true', 217),
(8243, 'canvastext', 'true', 217),
(8244, 'webgl', 'true', 217),
(8245, 'svg', 'true', 217),
(8246, 'inlinesvg', 'false', 217),
(8247, 'svginhtml', 'true', 217),
(8248, 'vml', 'false', 217),
(8249, 'fullscreen', 'false', 217),
(8250, 'requestanimationframe', 'true', 217),
(8251, 'pointerlock', 'false', 217),
(8252, 'geolocation', 'true', 217),
(8253, 'navtiming', 'false', 217),
(8254, 'orientationevent', 'true', 217),
(8255, 'websockets', 'true', 217),
(8256, 'webworkers', 'true', 217),
(8257, 'sharedworkers', 'false', 217),
(8258, 'postmessage', 'true', 217),
(8259, 'eventsource', 'true', 217),
(8260, 'applicationcache', 'false', 217),
(8261, 'xhr', 'true', 217),
(8262, 'xhr2', 'true', 217),
(8263, 'cors', 'true', 217),
(8264, 'history', 'true', 217),
(8265, 'battery', 'false', 217),
(8266, 'gamepad', 'false', 217),
(8267, 'vibrate', 'false', 217),
(8268, 'connection', 'false', 217),
(8269, 'activex', 'true', 217),
(8270, 'silverlight', 'false', 217),
(8271, 'acrobat', 'false', 217),
(8272, 'quicktime', 'true', 217),
(8273, 'realplayer', 'false', 217),
(8274, 'windowsmedia', 'false', 217),
(8275, 'director', 'false', 217),
(8276, 'unity', 'false', 217),
(8277, 'flash', 'false', 217),
(8278, 'java', 'false', 217),
(8279, 'donottrack', 'false', 217),
(8280, 'mstrackingprotection', 'false', 217),
(8281, 'spdy', 'false', 217),
(8282, 'undefined', 'false', 217),
(8283, 'javascript', 'true', 218),
(8284, 'root', '[object window]', 218),
(8285, 'clientside', 'true', 218),
(8286, 'loader', 'false', 218),
(8287, 'module', 'false', 218),
(8288, 'serverside', 'false', 218),
(8289, 'name', 'safari', 218),
(8290, 'version', '9537.53', 218),
(8291, 'enginename', 'webkit', 218),
(8292, 'useragent', 'mozilla/5.0 (ipad; cpu os 7_0_4 like mac os x) applewebkit/537.51.1 (khtml, like gecko) mercury/8.3 mobile/11b554a safari/9537.53', 218),
(8293, 'dom0', 'true', 218),
(8294, 'dom1', 'true', 218),
(8295, 'dom2', 'true', 218),
(8296, 'dom3', 'false', 218),
(8297, 'cookie', 'true', 218),
(8298, 'vendorprefix', 'webkit', 218),
(8299, 'localstorage', 'true', 218),
(8300, 'sessionstorage', 'true', 218),
(8301, 'json', 'true', 218),
(8302, 'command', 'false', 218),
(8303, 'scriptasync', 'true', 218),
(8304, 'scriptdefer', 'true', 218),
(8305, 'iframe', 'true', 218),
(8306, 'sandbox', 'true', 218),
(8307, 'seamless', 'true', 218),
(8308, 'srcdoc', 'true', 218),
(8309, 'microdata', 'false', 218),
(8310, 'css', 'true', 218),
(8311, 'color', 'true', 218),
(8312, 'backgroundclip', 'true', 218),
(8313, 'backgroundorigin', 'true', 218),
(8314, 'backgroundsize', 'true', 218),
(8315, 'boxshadow', 'true', 218),
(8316, 'borderradius', 'true', 218),
(8317, 'overflowx', 'true', 218),
(8318, 'overflowy', 'true', 218),
(8319, 'textshadow', 'true', 218),
(8320, 'opacity', 'true', 218),
(8321, 'pagevisibility', 'true', 218),
(8322, 'getusermedia', 'false', 218),
(8323, 'touch', 'true', 218),
(8324, 'autocomplete', 'true', 218),
(8325, 'audio', 'true', 218),
(8326, 'audioapi', 'false', 218),
(8327, 'mp3', 'true', 218),
(8328, 'oggvorbis', 'false', 218),
(8329, 'opus', 'false', 218),
(8330, 'wav', 'true', 218),
(8331, 'aac', 'true', 218),
(8332, 'video', 'true', 218),
(8333, 'h264', 'true', 218),
(8334, 'mp4', 'true', 218),
(8335, 'oggtheora', 'false', 218),
(8336, 'webm', 'false', 218),
(8337, 'webp', 'false', 218),
(8338, 'captions', 'true', 218),
(8339, 'poster', 'true', 218),
(8340, 'track', 'true', 218),
(8341, 'base64', 'true', 218),
(8342, 'datauri', 'true', 218),
(8343, 'canvas', 'true', 218),
(8344, 'canvastext', 'true', 218),
(8345, 'webgl', 'true', 218),
(8346, 'svg', 'true', 218),
(8347, 'inlinesvg', 'false', 218),
(8348, 'svginhtml', 'true', 218),
(8349, 'vml', 'false', 218),
(8350, 'fullscreen', 'false', 218),
(8351, 'requestanimationframe', 'true', 218),
(8352, 'pointerlock', 'false', 218),
(8353, 'geolocation', 'true', 218),
(8354, 'navtiming', 'false', 218),
(8355, 'orientationevent', 'true', 218),
(8356, 'websockets', 'true', 218),
(8357, 'webworkers', 'true', 218),
(8358, 'sharedworkers', 'false', 218),
(8359, 'postmessage', 'true', 218),
(8360, 'eventsource', 'true', 218),
(8361, 'applicationcache', 'false', 218),
(8362, 'xhr', 'true', 218),
(8363, 'xhr2', 'true', 218),
(8364, 'cors', 'true', 218),
(8365, 'history', 'true', 218),
(8366, 'battery', 'false', 218),
(8367, 'gamepad', 'false', 218),
(8368, 'vibrate', 'false', 218),
(8369, 'connection', 'false', 218),
(8370, 'activex', 'true', 218),
(8371, 'silverlight', 'false', 218),
(8372, 'acrobat', 'false', 218),
(8373, 'quicktime', 'true', 218),
(8374, 'realplayer', 'false', 218),
(8375, 'windowsmedia', 'false', 218),
(8376, 'director', 'false', 218),
(8377, 'unity', 'false', 218),
(8378, 'flash', 'false', 218),
(8379, 'java', 'false', 218),
(8380, 'donottrack', 'false', 218),
(8381, 'mstrackingprotection', 'false', 218),
(8382, 'spdy', 'false', 218),
(8383, 'undefined', 'false', 218),
(8384, 'javascript', 'true', 219),
(8385, 'root', '[object domwindow]', 219),
(8386, 'clientside', 'true', 219),
(8387, 'loader', 'false', 219),
(8388, 'module', 'false', 219),
(8389, 'serverside', 'false', 219),
(8390, 'name', 'chrome', 219),
(8391, 'version', '17', 219),
(8392, 'enginename', 'webkit', 219),
(8393, 'useragent', 'mozilla/5.0 (x11; linux i686) applewebkit/535.22  (khtml, like gecko) chromium/17.0.963.56 chrome/17.0.963.56 safari/535.22  ubuntu/12.04 (3.4.1-0ubuntu1) epiphany/3.4.1', 219),
(8394, 'dom0', 'true', 219),
(8395, 'dom1', 'true', 219),
(8396, 'dom2', 'true', 219),
(8397, 'dom3', 'false', 219),
(8398, 'cookie', 'true', 219),
(8399, 'vendorprefix', 'webkit', 219),
(8400, 'localstorage', 'true', 219),
(8401, 'sessionstorage', 'true', 219),
(8402, 'json', 'true', 219),
(8403, 'command', 'false', 219),
(8404, 'scriptasync', 'true', 219),
(8405, 'scriptdefer', 'true', 219),
(8406, 'iframe', 'true', 219),
(8407, 'sandbox', 'true', 219),
(8408, 'seamless', 'false', 219),
(8409, 'srcdoc', 'false', 219),
(8410, 'microdata', 'false', 219),
(8411, 'css', 'true', 219),
(8412, 'color', 'true', 219),
(8413, 'backgroundclip', 'true', 219),
(8414, 'backgroundorigin', 'true', 219),
(8415, 'backgroundsize', 'true', 219),
(8416, 'boxshadow', 'true', 219),
(8417, 'borderradius', 'false', 219),
(8418, 'overflowx', 'true', 219),
(8419, 'overflowy', 'true', 219),
(8420, 'textshadow', 'true', 219),
(8421, 'opacity', 'true', 219),
(8422, 'pagevisibility', 'false', 219),
(8423, 'getusermedia', 'false', 219),
(8424, 'touch', 'false', 219),
(8425, 'autocomplete', 'true', 219),
(8426, 'audio', 'true', 219),
(8427, 'audioapi', 'false', 219),
(8428, 'mp3', 'true', 219),
(8429, 'oggvorbis', 'true', 219),
(8430, 'opus', 'true', 219),
(8431, 'wav', 'true', 219),
(8432, 'aac', 'true', 219),
(8433, 'video', 'true', 219),
(8434, 'h264', 'true', 219),
(8435, 'mp4', 'true', 219),
(8436, 'oggtheora', 'true', 219),
(8437, 'webm', 'true', 219),
(8438, 'webp', 'true', 219),
(8439, 'captions', 'false', 219),
(8440, 'poster', 'true', 219),
(8441, 'track', 'false', 219),
(8442, 'base64', 'true', 219),
(8443, 'datauri', 'true', 219),
(8444, 'canvas', 'true', 219),
(8445, 'canvastext', 'true', 219),
(8446, 'webgl', 'false', 219),
(8447, 'svg', 'true', 219),
(8448, 'inlinesvg', 'false', 219),
(8449, 'svginhtml', 'true', 219),
(8450, 'vml', 'false', 219),
(8451, 'fullscreen', 'false', 219),
(8452, 'requestanimationframe', 'false', 219),
(8453, 'pointerlock', 'false', 219),
(8454, 'geolocation', 'true', 219),
(8455, 'navtiming', 'false', 219),
(8456, 'orientationevent', 'false', 219),
(8457, 'websockets', 'true', 219),
(8458, 'webworkers', 'true', 219),
(8459, 'sharedworkers', 'true', 219),
(8460, 'postmessage', 'true', 219),
(8461, 'eventsource', 'true', 219),
(8462, 'applicationcache', 'false', 219),
(8463, 'xhr', 'true', 219),
(8464, 'xhr2', 'true', 219),
(8465, 'cors', 'true', 219),
(8466, 'history', 'true', 219),
(8467, 'battery', 'false', 219),
(8468, 'gamepad', 'false', 219),
(8469, 'vibrate', 'false', 219),
(8470, 'connection', 'false', 219),
(8471, 'activex', 'true', 219),
(8472, 'silverlight', 'false', 219),
(8473, 'acrobat', 'false', 219),
(8474, 'quicktime', '7.6', 219),
(8475, 'realplayer', 'false', 219),
(8476, 'windowsmedia', '10', 219),
(8477, 'director', 'false', 219),
(8478, 'unity', 'false', 219),
(8479, 'flash', 'false', 219),
(8480, 'java', 'true', 219),
(8481, 'donottrack', 'false', 219),
(8482, 'mstrackingprotection', 'false', 219),
(8483, 'spdy', 'false', 219),
(8484, 'undefined', 'false', 219),
(8485, 'javascript', 'true', 220),
(8486, 'root', '[object window]', 220),
(8487, 'clientside', 'true', 220),
(8488, 'loader', 'false', 220),
(8489, 'module', 'false', 220),
(8490, 'serverside', 'false', 220),
(8491, 'name', 'safari', 220),
(8492, 'version', '538.1', 220),
(8493, 'enginename', 'webkit', 220),
(8494, 'useragent', 'mozilla/5.0 (x11; linux i686) applewebkit/538.1 (khtml, like gecko) cyberdragon.bin safari/538.1', 220),
(8495, 'dom0', 'true', 220),
(8496, 'dom1', 'true', 220),
(8497, 'dom2', 'true', 220),
(8498, 'dom3', 'false', 220),
(8499, 'cookie', 'true', 220),
(8500, 'vendorprefix', 'webkit', 220),
(8501, 'localstorage', 'false', 220),
(8502, 'sessionstorage', 'false', 220),
(8503, 'json', 'true', 220),
(8504, 'command', 'false', 220),
(8505, 'scriptasync', 'true', 220),
(8506, 'scriptdefer', 'true', 220),
(8507, 'iframe', 'true', 220),
(8508, 'sandbox', 'true', 220),
(8509, 'seamless', 'true', 220),
(8510, 'srcdoc', 'true', 220),
(8511, 'microdata', 'false', 220),
(8512, 'css', 'true', 220),
(8513, 'color', 'true', 220),
(8514, 'backgroundclip', 'true', 220),
(8515, 'backgroundorigin', 'true', 220),
(8516, 'backgroundsize', 'true', 220),
(8517, 'boxshadow', 'true', 220),
(8518, 'borderradius', 'true', 220),
(8519, 'overflowx', 'true', 220),
(8520, 'overflowy', 'true', 220),
(8521, 'textshadow', 'true', 220),
(8522, 'opacity', 'true', 220),
(8523, 'pagevisibility', 'true', 220),
(8524, 'getusermedia', 'false', 220),
(8525, 'touch', 'true', 220),
(8526, 'autocomplete', 'true', 220),
(8527, 'audio', 'false', 220),
(8528, 'audioapi', 'false', 220),
(8529, 'mp3', 'false', 220),
(8530, 'oggvorbis', 'false', 220),
(8531, 'opus', 'false', 220),
(8532, 'wav', 'false', 220),
(8533, 'aac', 'false', 220),
(8534, 'video', 'false', 220),
(8535, 'h264', 'false', 220),
(8536, 'mp4', 'false', 220),
(8537, 'oggtheora', 'false', 220),
(8538, 'webm', 'false', 220),
(8539, 'webp', 'false', 220),
(8540, 'captions', 'false', 220),
(8541, 'poster', 'false', 220),
(8542, 'track', 'false', 220),
(8543, 'base64', 'true', 220),
(8544, 'datauri', 'true', 220),
(8545, 'canvas', 'true', 220),
(8546, 'canvastext', 'true', 220),
(8547, 'webgl', 'true', 220),
(8548, 'svg', 'true', 220),
(8549, 'inlinesvg', 'false', 220),
(8550, 'svginhtml', 'true', 220),
(8551, 'vml', 'false', 220),
(8552, 'fullscreen', 'false', 220),
(8553, 'requestanimationframe', 'true', 220),
(8554, 'pointerlock', 'false', 220),
(8555, 'geolocation', 'true', 220),
(8556, 'navtiming', 'true', 220),
(8557, 'orientationevent', 'true', 220),
(8558, 'websockets', 'true', 220),
(8559, 'webworkers', 'true', 220),
(8560, 'sharedworkers', 'true', 220),
(8561, 'postmessage', 'true', 220),
(8562, 'eventsource', 'true', 220),
(8563, 'applicationcache', 'false', 220),
(8564, 'xhr', 'true', 220),
(8565, 'xhr2', 'true', 220),
(8566, 'cors', 'true', 220),
(8567, 'history', 'true', 220),
(8568, 'battery', 'false', 220),
(8569, 'gamepad', 'false', 220),
(8570, 'vibrate', 'false', 220),
(8571, 'connection', 'false', 220),
(8572, 'activex', 'true', 220),
(8573, 'silverlight', 'false', 220),
(8574, 'acrobat', 'false', 220),
(8575, 'quicktime', '7.6', 220),
(8576, 'realplayer', 'false', 220),
(8577, 'windowsmedia', 'false', 220),
(8578, 'director', 'false', 220),
(8579, 'unity', 'false', 220),
(8580, 'flash', '11.2', 220),
(8581, 'java', 'false', 220),
(8582, 'donottrack', 'false', 220),
(8583, 'mstrackingprotection', 'false', 220),
(8584, 'spdy', 'false', 220),
(8585, 'undefined', 'false', 220),
(8586, 'javascript', 'true', 221),
(8587, 'root', '[object window]', 221),
(8588, 'clientside', 'true', 221),
(8589, 'loader', 'false', 221),
(8590, 'module', 'false', 221),
(8591, 'serverside', 'false', 221),
(8592, 'name', 'chrome', 221),
(8593, 'version', '31', 221),
(8594, 'enginename', 'webkit', 221),
(8595, 'useragent', 'mozilla/5.0 (windows nt 5.1; avant tricore) applewebkit/537.36 (khtml, like gecko) chrome/31.0.1650.63 safari/537.36', 221),
(8596, 'dom0', 'true', 221),
(8597, 'dom1', 'true', 221),
(8598, 'dom2', 'true', 221),
(8599, 'dom3', 'false', 221),
(8600, 'cookie', 'true', 221),
(8601, 'vendorprefix', 'webkit', 221),
(8602, 'localstorage', 'true', 221),
(8603, 'sessionstorage', 'true', 221),
(8604, 'json', 'true', 221),
(8605, 'command', 'false', 221),
(8606, 'scriptasync', 'true', 221),
(8607, 'scriptdefer', 'true', 221),
(8608, 'iframe', 'true', 221),
(8609, 'sandbox', 'true', 221),
(8610, 'seamless', 'false', 221),
(8611, 'srcdoc', 'true', 221),
(8612, 'microdata', 'false', 221),
(8613, 'css', 'true', 221),
(8614, 'color', 'true', 221),
(8615, 'backgroundclip', 'true', 221),
(8616, 'backgroundorigin', 'true', 221),
(8617, 'backgroundsize', 'true', 221),
(8618, 'boxshadow', 'true', 221),
(8619, 'borderradius', 'true', 221),
(8620, 'overflowx', 'true', 221),
(8621, 'overflowy', 'true', 221),
(8622, 'textshadow', 'true', 221),
(8623, 'opacity', 'true', 221),
(8624, 'pagevisibility', 'true', 221),
(8625, 'getusermedia', 'true', 221),
(8626, 'touch', 'false', 221),
(8627, 'autocomplete', 'true', 221),
(8628, 'audio', 'true', 221),
(8629, 'audioapi', 'false', 221),
(8630, 'mp3', 'false', 221),
(8631, 'oggvorbis', 'true', 221),
(8632, 'opus', 'true', 221),
(8633, 'wav', 'true', 221),
(8634, 'aac', 'false', 221),
(8635, 'video', 'true', 221),
(8636, 'h264', 'false', 221),
(8637, 'mp4', 'false', 221),
(8638, 'oggtheora', 'true', 221),
(8639, 'webm', 'true', 221),
(8640, 'webp', 'true', 221),
(8641, 'captions', 'true', 221),
(8642, 'poster', 'true', 221),
(8643, 'track', 'true', 221),
(8644, 'base64', 'true', 221),
(8645, 'datauri', 'true', 221),
(8646, 'canvas', 'true', 221),
(8647, 'canvastext', 'true', 221),
(8648, 'webgl', 'true', 221),
(8649, 'svg', 'true', 221),
(8650, 'inlinesvg', 'false', 221),
(8651, 'svginhtml', 'true', 221),
(8652, 'vml', 'false', 221),
(8653, 'fullscreen', 'false', 221),
(8654, 'requestanimationframe', 'true', 221),
(8655, 'pointerlock', 'false', 221),
(8656, 'geolocation', 'true', 221),
(8657, 'navtiming', 'true', 221),
(8658, 'orientationevent', 'true', 221),
(8659, 'websockets', 'true', 221),
(8660, 'webworkers', 'true', 221),
(8661, 'sharedworkers', 'true', 221),
(8662, 'postmessage', 'true', 221),
(8663, 'eventsource', 'true', 221),
(8664, 'applicationcache', 'false', 221),
(8665, 'xhr', 'true', 221),
(8666, 'xhr2', 'true', 221),
(8667, 'cors', 'true', 221),
(8668, 'history', 'true', 221),
(8669, 'battery', 'false', 221),
(8670, 'gamepad', 'false', 221),
(8671, 'vibrate', 'false', 221),
(8672, 'connection', 'false', 221),
(8673, 'activex', 'true', 221),
(8674, 'silverlight', '5.1', 221),
(8675, 'acrobat', 'false', 221),
(8676, 'quicktime', '7.7', 221),
(8677, 'realplayer', 'true', 221),
(8678, 'windowsmedia', 'true', 221),
(8679, 'director', 'false', 221),
(8680, 'unity', 'false', 221),
(8681, 'flash', 'false', 221),
(8682, 'java', 'true', 221),
(8683, 'donottrack', 'true', 221),
(8684, 'mstrackingprotection', 'false', 221),
(8685, 'spdy', 'false', 221),
(8686, 'undefined', 'false', 221),
(8687, 'javascript', 'true', 222),
(8688, 'root', '[object]', 222),
(8689, 'clientside', 'true', 222),
(8690, 'loader', 'false', 222),
(8691, 'module', 'false', 222),
(8692, 'serverside', 'false', 222),
(8693, 'name', 'msie', 222),
(8694, 'version', '6', 222),
(8695, 'enginename', 'trident', 222),
(8696, 'useragent', 'mozilla/4.0 (compatible; msie 6.0; windows nt 5.1; sv1; deepnet explorer 1.5.3; smart 2x2; (r1 1.6); .net4.0c; .net4.0e; .net clr 2.0.50727; .net clr 3.0.4506.2152; .net clr 3.5.30729)', 222),
(8697, 'dom0', 'true', 222),
(8698, 'dom1', 'true', 222),
(8699, 'dom2', 'false', 222),
(8700, 'dom3', 'false', 222),
(8701, 'cookie', 'true', 222),
(8702, 'vendorprefix', 'false', 222),
(8703, 'localstorage', 'false', 222),
(8704, 'sessionstorage', 'false', 222),
(8705, 'json', 'true', 222),
(8706, 'command', 'false', 222),
(8707, 'scriptasync', 'false', 222),
(8708, 'scriptdefer', 'true', 222),
(8709, 'iframe', 'true', 222),
(8710, 'sandbox', 'false', 222),
(8711, 'seamless', 'false', 222),
(8712, 'srcdoc', 'false', 222),
(8713, 'microdata', 'false', 222),
(8714, 'css', 'true', 222),
(8715, 'color', 'true', 222),
(8716, 'backgroundclip', 'false', 222),
(8717, 'backgroundorigin', 'false', 222),
(8718, 'backgroundsize', 'false', 222),
(8719, 'boxshadow', 'false', 222),
(8720, 'borderradius', 'false', 222),
(8721, 'overflowx', 'false', 222),
(8722, 'overflowy', 'false', 222),
(8723, 'textshadow', 'false', 222),
(8724, 'opacity', 'false', 222),
(8725, 'pagevisibility', 'false', 222),
(8726, 'getusermedia', 'false', 222),
(8727, 'touch', 'false', 222),
(8728, 'autocomplete', 'false', 222),
(8729, 'audio', 'false', 222),
(8730, 'audioapi', 'false', 222),
(8731, 'mp3', 'false', 222),
(8732, 'oggvorbis', 'false', 222),
(8733, 'opus', 'false', 222),
(8734, 'wav', 'false', 222),
(8735, 'aac', 'false', 222),
(8736, 'video', 'false', 222),
(8737, 'h264', 'false', 222),
(8738, 'mp4', 'false', 222),
(8739, 'oggtheora', 'false', 222),
(8740, 'webm', 'false', 222),
(8741, 'webp', 'false', 222),
(8742, 'captions', 'false', 222),
(8743, 'poster', 'false', 222),
(8744, 'track', 'false', 222),
(8745, 'base64', 'false', 222),
(8746, 'canvas', 'false', 222),
(8747, 'canvastext', 'false', 222),
(8748, 'webgl', 'false', 222),
(8749, 'svg', 'false', 222),
(8750, 'inlinesvg', 'false', 222),
(8751, 'svginhtml', 'false', 222),
(8752, 'vml', 'true', 222),
(8753, 'fullscreen', 'false', 222),
(8754, 'requestanimationframe', 'false', 222),
(8755, 'pointerlock', 'false', 222),
(8756, 'geolocation', 'false', 222),
(8757, 'navtiming', 'false', 222),
(8758, 'orientationevent', 'false', 222),
(8759, 'websockets', 'false', 222),
(8760, 'webworkers', 'false', 222),
(8761, 'sharedworkers', 'false', 222),
(8762, 'postmessage', 'false', 222),
(8763, 'eventsource', 'false', 222),
(8764, 'applicationcache', 'false', 222),
(8765, 'xhr', 'false', 222),
(8766, 'xhr2', 'false', 222),
(8767, 'cors', 'false', 222),
(8768, 'history', 'false', 222),
(8769, 'battery', 'false', 222),
(8770, 'gamepad', 'false', 222),
(8771, 'vibrate', 'false', 222),
(8772, 'connection', 'false', 222),
(8773, 'activex', 'true', 222),
(8774, 'silverlight', '5', 222),
(8775, 'acrobat', 'false', 222),
(8776, 'quicktime', 'false', 222),
(8777, 'realplayer', 'true', 222),
(8778, 'windowsmedia', '9', 222),
(8779, 'director', 'false', 222),
(8780, 'unity', 'false', 222),
(8781, 'flash', '8.0', 222),
(8782, 'java', 'true', 222),
(8783, 'donottrack', 'false', 222),
(8784, 'mstrackingprotection', 'false', 222),
(8785, 'spdy', 'false', 222),
(8786, 'undefined', 'false', 222),
(8787, 'javascript', 'true', 223),
(8788, 'root', '[object window]', 223),
(8789, 'clientside', 'true', 223),
(8790, 'loader', 'false', 223),
(8791, 'module', 'false', 223),
(8792, 'serverside', 'false', 223),
(8793, 'name', 'chrome', 223),
(8794, 'version', '26.3', 223),
(8795, 'enginename', 'webkit', 223),
(8796, 'useragent', 'mozilla/5.0 (windows nt 5.1) applewebkit/537.31 (khtml, like gecko) chrome/26.3.9999.1648 safari/537.31 bdspark/26.3', 223),
(8797, 'dom0', 'true', 223),
(8798, 'dom1', 'true', 223),
(8799, 'dom2', 'true', 223),
(8800, 'dom3', 'false', 223),
(8801, 'cookie', 'true', 223),
(8802, 'vendorprefix', 'webkit', 223),
(8803, 'localstorage', 'true', 223),
(8804, 'sessionstorage', 'true', 223),
(8805, 'json', 'true', 223),
(8806, 'command', 'false', 223),
(8807, 'scriptasync', 'true', 223),
(8808, 'scriptdefer', 'true', 223),
(8809, 'iframe', 'true', 223),
(8810, 'sandbox', 'true', 223),
(8811, 'seamless', 'true', 223),
(8812, 'srcdoc', 'true', 223),
(8813, 'microdata', 'false', 223),
(8814, 'css', 'true', 223),
(8815, 'color', 'true', 223),
(8816, 'backgroundclip', 'true', 223),
(8817, 'backgroundorigin', 'true', 223),
(8818, 'backgroundsize', 'true', 223),
(8819, 'boxshadow', 'true', 223),
(8820, 'borderradius', 'true', 223),
(8821, 'overflowx', 'true', 223),
(8822, 'overflowy', 'true', 223),
(8823, 'textshadow', 'true', 223),
(8824, 'opacity', 'true', 223),
(8825, 'pagevisibility', 'true', 223),
(8826, 'getusermedia', 'true', 223),
(8827, 'touch', 'false', 223),
(8828, 'autocomplete', 'true', 223),
(8829, 'audio', 'true', 223),
(8830, 'audioapi', 'false', 223),
(8831, 'mp3', 'true', 223),
(8832, 'oggvorbis', 'true', 223),
(8833, 'opus', 'true', 223),
(8834, 'wav', 'true', 223),
(8835, 'aac', 'true', 223),
(8836, 'video', 'true', 223),
(8837, 'h264', 'true', 223),
(8838, 'mp4', 'true', 223),
(8839, 'oggtheora', 'true', 223),
(8840, 'webm', 'true', 223),
(8841, 'webp', 'true', 223),
(8842, 'captions', 'true', 223),
(8843, 'poster', 'true', 223),
(8844, 'track', 'true', 223),
(8845, 'base64', 'true', 223),
(8846, 'datauri', 'true', 223),
(8847, 'canvas', 'true', 223),
(8848, 'canvastext', 'true', 223),
(8849, 'webgl', 'true', 223),
(8850, 'svg', 'true', 223),
(8851, 'inlinesvg', 'false', 223),
(8852, 'svginhtml', 'true', 223),
(8853, 'vml', 'false', 223),
(8854, 'fullscreen', 'false', 223),
(8855, 'requestanimationframe', 'true', 223),
(8856, 'pointerlock', 'false', 223),
(8857, 'geolocation', 'true', 223),
(8858, 'navtiming', 'true', 223),
(8859, 'orientationevent', 'true', 223),
(8860, 'websockets', 'true', 223),
(8861, 'webworkers', 'true', 223),
(8862, 'sharedworkers', 'true', 223),
(8863, 'postmessage', 'true', 223),
(8864, 'eventsource', 'true', 223),
(8865, 'applicationcache', 'false', 223),
(8866, 'xhr', 'true', 223),
(8867, 'xhr2', 'true', 223),
(8868, 'cors', 'true', 223),
(8869, 'history', 'true', 223),
(8870, 'battery', 'false', 223),
(8871, 'gamepad', 'false', 223),
(8872, 'vibrate', 'false', 223),
(8873, 'connection', 'false', 223),
(8874, 'activex', 'true', 223),
(8875, 'silverlight', '5.1', 223),
(8876, 'acrobat', 'false', 223),
(8877, 'quicktime', '7.7', 223),
(8878, 'realplayer', 'true', 223),
(8879, 'windowsmedia', 'true', 223),
(8880, 'director', 'false', 223),
(8881, 'unity', 'false', 223),
(8882, 'flash', '11.8', 223),
(8883, 'java', 'true', 223),
(8884, 'donottrack', 'true', 223),
(8885, 'mstrackingprotection', 'false', 223),
(8886, 'spdy', 'false', 223),
(8887, 'undefined', 'false', 223),
(8888, 'javascript', 'true', 224),
(8889, 'root', '[object window]', 224),
(8890, 'clientside', 'true', 224),
(8891, 'loader', 'false', 224),
(8892, 'module', 'false', 224),
(8893, 'serverside', 'false', 224),
(8894, 'name', 'chrome', 224),
(8895, 'version', '29', 224),
(8896, 'enginename', 'webkit', 224),
(8897, 'useragent', 'mozilla/5.0 (windows nt 5.1) applewebkit/537.36 (khtml, like gecko) chrome/29.0.1547.76 safari/537.36', 224),
(8898, 'dom0', 'true', 224),
(8899, 'dom1', 'true', 224),
(8900, 'dom2', 'true', 224),
(8901, 'dom3', 'false', 224),
(8902, 'cookie', 'true', 224),
(8903, 'vendorprefix', 'webkit', 224),
(8904, 'localstorage', 'true', 224),
(8905, 'sessionstorage', 'true', 224),
(8906, 'json', 'true', 224),
(8907, 'command', 'false', 224),
(8908, 'scriptasync', 'true', 224),
(8909, 'scriptdefer', 'true', 224),
(8910, 'iframe', 'true', 224),
(8911, 'sandbox', 'true', 224),
(8912, 'seamless', 'false', 224),
(8913, 'srcdoc', 'true', 224),
(8914, 'microdata', 'false', 224),
(8915, 'css', 'true', 224),
(8916, 'color', 'true', 224),
(8917, 'backgroundclip', 'true', 224),
(8918, 'backgroundorigin', 'true', 224),
(8919, 'backgroundsize', 'true', 224),
(8920, 'boxshadow', 'true', 224),
(8921, 'borderradius', 'true', 224),
(8922, 'overflowx', 'true', 224),
(8923, 'overflowy', 'true', 224),
(8924, 'textshadow', 'true', 224),
(8925, 'opacity', 'true', 224),
(8926, 'pagevisibility', 'true', 224),
(8927, 'getusermedia', 'true', 224),
(8928, 'touch', 'false', 224),
(8929, 'autocomplete', 'true', 224),
(8930, 'audio', 'true', 224),
(8931, 'audioapi', 'false', 224),
(8932, 'mp3', 'true', 224),
(8933, 'oggvorbis', 'true', 224),
(8934, 'opus', 'true', 224),
(8935, 'wav', 'true', 224),
(8936, 'aac', 'true', 224),
(8937, 'video', 'true', 224),
(8938, 'h264', 'true', 224),
(8939, 'mp4', 'true', 224),
(8940, 'oggtheora', 'true', 224),
(8941, 'webm', 'true', 224),
(8942, 'webp', 'true', 224),
(8943, 'captions', 'true', 224),
(8944, 'poster', 'true', 224),
(8945, 'track', 'true', 224),
(8946, 'base64', 'true', 224),
(8947, 'datauri', 'true', 224),
(8948, 'canvas', 'true', 224),
(8949, 'canvastext', 'true', 224),
(8950, 'webgl', 'true', 224),
(8951, 'svg', 'true', 224),
(8952, 'inlinesvg', 'false', 224),
(8953, 'svginhtml', 'true', 224),
(8954, 'vml', 'false', 224),
(8955, 'fullscreen', 'false', 224),
(8956, 'requestanimationframe', 'true', 224),
(8957, 'pointerlock', 'false', 224),
(8958, 'geolocation', 'true', 224),
(8959, 'navtiming', 'true', 224),
(8960, 'orientationevent', 'true', 224),
(8961, 'websockets', 'true', 224),
(8962, 'webworkers', 'true', 224),
(8963, 'sharedworkers', 'true', 224),
(8964, 'postmessage', 'true', 224),
(8965, 'eventsource', 'true', 224),
(8966, 'applicationcache', 'false', 224),
(8967, 'xhr', 'true', 224),
(8968, 'xhr2', 'true', 224),
(8969, 'cors', 'true', 224),
(8970, 'history', 'true', 224),
(8971, 'battery', 'false', 224),
(8972, 'gamepad', 'false', 224),
(8973, 'vibrate', 'false', 224),
(8974, 'connection', 'false', 224),
(8975, 'activex', 'true', 224),
(8976, 'silverlight', '5.1', 224),
(8977, 'acrobat', 'false', 224),
(8978, 'quicktime', '7.7', 224),
(8979, 'realplayer', 'true', 224),
(8980, 'windowsmedia', 'true', 224),
(8981, 'director', 'false', 224),
(8982, 'unity', 'false', 224),
(8983, 'flash', '11.5', 224),
(8984, 'java', 'true', 224),
(8985, 'donottrack', 'true', 224),
(8986, 'mstrackingprotection', 'false', 224),
(8987, 'spdy', 'false', 224),
(8988, 'undefined', 'false', 224),
(8989, 'javascript', 'true', 225),
(8990, 'root', '[object window]', 225),
(8991, 'clientside', 'true', 225),
(8992, 'loader', 'false', 225),
(8993, 'module', 'false', 225),
(8994, 'serverside', 'false', 225),
(8995, 'name', 'chrome', 225),
(8996, 'version', '31', 225),
(8997, 'enginename', 'webkit', 225),
(8998, 'useragent', 'mozilla/5.0 (windows nt 5.1) applewebkit/537.36 (khtml, like gecko) chrome/31.0.1650.63 safari/537.36 sleipnir/5.1.0', 225),
(8999, 'dom0', 'true', 225),
(9000, 'dom1', 'true', 225),
(9001, 'dom2', 'true', 225),
(9002, 'dom3', 'false', 225),
(9003, 'cookie', 'true', 225),
(9004, 'vendorprefix', 'webkit', 225),
(9005, 'localstorage', 'true', 225),
(9006, 'sessionstorage', 'true', 225),
(9007, 'json', 'true', 225),
(9008, 'command', 'false', 225),
(9009, 'scriptasync', 'true', 225),
(9010, 'scriptdefer', 'true', 225),
(9011, 'iframe', 'true', 225),
(9012, 'sandbox', 'true', 225),
(9013, 'seamless', 'false', 225),
(9014, 'srcdoc', 'true', 225),
(9015, 'microdata', 'false', 225),
(9016, 'css', 'true', 225),
(9017, 'color', 'true', 225),
(9018, 'backgroundclip', 'true', 225),
(9019, 'backgroundorigin', 'true', 225),
(9020, 'backgroundsize', 'true', 225),
(9021, 'boxshadow', 'true', 225),
(9022, 'borderradius', 'true', 225),
(9023, 'overflowx', 'true', 225),
(9024, 'overflowy', 'true', 225),
(9025, 'textshadow', 'true', 225),
(9026, 'opacity', 'true', 225),
(9027, 'pagevisibility', 'true', 225),
(9028, 'getusermedia', 'true', 225),
(9029, 'touch', 'false', 225),
(9030, 'autocomplete', 'true', 225),
(9031, 'audio', 'true', 225),
(9032, 'audioapi', 'false', 225),
(9033, 'mp3', 'false', 225),
(9034, 'oggvorbis', 'true', 225),
(9035, 'opus', 'true', 225),
(9036, 'wav', 'true', 225),
(9037, 'aac', 'false', 225),
(9038, 'video', 'true', 225),
(9039, 'h264', 'false', 225),
(9040, 'mp4', 'false', 225),
(9041, 'oggtheora', 'true', 225),
(9042, 'webm', 'true', 225),
(9043, 'webp', 'true', 225),
(9044, 'captions', 'true', 225),
(9045, 'poster', 'true', 225),
(9046, 'track', 'true', 225),
(9047, 'base64', 'true', 225),
(9048, 'datauri', 'true', 225),
(9049, 'canvas', 'true', 225),
(9050, 'canvastext', 'true', 225),
(9051, 'webgl', 'true', 225),
(9052, 'svg', 'true', 225),
(9053, 'inlinesvg', 'false', 225),
(9054, 'svginhtml', 'true', 225),
(9055, 'vml', 'false', 225),
(9056, 'fullscreen', 'false', 225),
(9057, 'requestanimationframe', 'true', 225),
(9058, 'pointerlock', 'false', 225),
(9059, 'geolocation', 'true', 225),
(9060, 'navtiming', 'true', 225),
(9061, 'orientationevent', 'true', 225),
(9062, 'websockets', 'true', 225),
(9063, 'webworkers', 'true', 225),
(9064, 'sharedworkers', 'true', 225),
(9065, 'postmessage', 'true', 225),
(9066, 'eventsource', 'true', 225),
(9067, 'applicationcache', 'false', 225),
(9068, 'xhr', 'true', 225),
(9069, 'xhr2', 'true', 225),
(9070, 'cors', 'true', 225),
(9071, 'history', 'true', 225),
(9072, 'battery', 'false', 225),
(9073, 'gamepad', 'false', 225),
(9074, 'vibrate', 'false', 225),
(9075, 'connection', 'false', 225),
(9076, 'activex', 'true', 225),
(9077, 'silverlight', '5.1', 225),
(9078, 'acrobat', 'false', 225),
(9079, 'quicktime', '7.7', 225),
(9080, 'realplayer', 'true', 225),
(9081, 'windowsmedia', 'true', 225),
(9082, 'director', 'false', 225),
(9083, 'unity', 'false', 225),
(9084, 'flash', 'false', 225),
(9085, 'java', 'true', 225),
(9086, 'donottrack', 'true', 225),
(9087, 'mstrackingprotection', 'false', 225),
(9088, 'spdy', 'false', 225),
(9089, 'undefined', 'false', 225);

-- --------------------------------------------------------

--
-- Table structure for table `models`
--

CREATE TABLE IF NOT EXISTS `models` (
  `id` int(11) NOT NULL AUTO_INCREMENT,
  `name` varchar(20) NOT NULL,
  `title` varchar(40) NOT NULL,
  `description` varchar(255) NOT NULL,
  PRIMARY KEY (`id`)
) ENGINE=InnoDB  DEFAULT CHARSET=latin1 AUTO_INCREMENT=88003 ;

--
-- Dumping data for table `models`
--

INSERT INTO `models` (`id`, `name`, `title`, `description`) VALUES
(88001, 'architecture', 'Architectural', 'sustainability model based off of architecture and interior design'),
(88002, 'permaculture', 'Permaculture', 'sustainability model based off of permaculture principles');

-- --------------------------------------------------------

--
-- Table structure for table `principles`
--

CREATE TABLE IF NOT EXISTS `principles` (
  `id` int(11) NOT NULL AUTO_INCREMENT,
  `model_id` int(11) NOT NULL,
  `name` varchar(20) NOT NULL,
  `title` varchar(80) NOT NULL,
  `description` text NOT NULL,
  PRIMARY KEY (`id`),
  KEY `model_id` (`model_id`)
) ENGINE=InnoDB  DEFAULT CHARSET=latin1 AUTO_INCREMENT=25 ;

--
-- Dumping data for table `principles`
--

INSERT INTO `principles` (`id`, `model_id`, `name`, `title`, `description`) VALUES
(1, 88001, 'meaningful', 'Make Meaningful Products', 'Make websites that are have real value, not fashion or tech-tricks.'),
(2, 88001, 'rollback', 'Easy Design Rollback', 'Iterative or Agile design workflow.'),
(3, 88001, 'meaningful', 'Make Meaningful Products', 'Make websites that are have real value, not fashion or tech-tricks'),
(4, 88001, '', '', ''),
(5, 88001, 'rollbck', 'Easy Design Rollback', 'Iterative or Agile design workflow'),
(6, 88001, 'sourcing', 'Source Renewable Materials', 'Switch to a "Green" webhost.'),
(7, 88001, 'futurefriendly', 'Future Friendly', 'Design products to work in the future, Implement classic design strategies'),
(8, 88001, 'usermatters', 'Design with the User in Mind', 'Create effective User Experience (UX)'),
(9, 88001, 'democratig', 'Ensure Democratic Access', 'Build accessible, responsive websites, Internet Index score for ISP''s and client''s country,  Internet Index (Web Foundation).'),
(10, 88001, 'standardize', 'Use Standards', 'Interchangable Parts, Apply standards-based design'),
(11, 88001, 'energy', 'Minimize Energy and Resource Consumption', 'Apply Web Performance Optimization (WPO) and push efficiency thinking forward from the developer to the designer layer.'),
(12, 88001, 'ecosystem', 'Don''t corrupt the Virtual Ecosystem', 'Traffic balancing, load balancing, Search Engine Optimization (SEO).'),
(13, 88002, 'observeinteract', 'Observe and Interact', 'Build sites as part of an interdependent online community.'),
(14, 88002, 'catchandstore', 'Catch and Store Energy', 'Cache information, apply caching in design, update rather than re-invent.'),
(15, 88002, 'yield', 'Obtain a Yield', 'Ensure that the site provides provides positive value to the client, stakeholders, and larger web community, avoid time and money sinks.'),
(16, 88002, 'feedback', 'Apply Self-Regulation and Accept Feedback', 'The site should have "reporter" technology for use, efficiency and ultimately carbon footprint can be tracked and used for revisions.'),
(17, 88002, 'renewables', 'Use and Value Renewable Resources', 'Use efficient services, renewable energy, green webhosting.'),
(18, 88002, 'nowaste', 'Produce No Waste', 'Sites should be steady-state, not causing an accumulation of e-junk (files, stored data) in themselves or on the Internet.'),
(19, 88002, 'designpattern', 'Design from Patterns to Details', 'Start with design frameworks like Progressive Enhancement and Responsive Design.'),
(20, 88002, 'integrate', 'Integrate not Segregrate', 'Connect your site to others, and create value by interconnection of websites instead of portal-style content provisions.'),
(21, 88002, 'smallslow', 'Use Small and Slow Solutions', 'Design for the low end, use small libraries instead of one size fits all frameworks, avoid the bleeding edge.'),
(22, 88002, 'diversity', 'Use and Value Diversity', 'Use local designers, developers, webhosts instead of pushing to a single system or large Internet providers (e.g. google).'),
(23, 88002, 'usedege', 'Ust the Edges and Value the Marginal', 'Support communication at the Internet'' edge - old browsers, computers, slow networks, access from countries with a low Web Index.'),
(24, 88002, 'respond', 'Creatively Use and Respond to Change', 'Use, don''t avoid new technologies that promise sustainability, e.g. imageless design with CSS>');

-- --------------------------------------------------------

--
-- Table structure for table `properties`
--

CREATE TABLE IF NOT EXISTS `properties` (
  `id` int(11) NOT NULL AUTO_INCREMENT,
  `name` varchar(40) NOT NULL,
  `datatype_id` int(11) NOT NULL,
  `source_id` int(11) NOT NULL DEFAULT '0' COMMENT 'id of database',
  `component_id` int(11) NOT NULL DEFAULT '0' COMMENT 'where the property applies (client, server, device, html, css, ecma, test results)',
  `title` varchar(80) NOT NULL,
  `description` varchar(1024) NOT NULL,
  `component_lock` tinyint(1) NOT NULL DEFAULT '0' COMMENT 'property namefield used in code',
  `exe_lock_priority` enum('1','2','3','4','5','6','7','8','9','10') NOT NULL DEFAULT '10' COMMENT 'JS function execution priority',
  `exe_lock` tinyint(4) NOT NULL DEFAULT '0',
  PRIMARY KEY (`id`),
  KEY `source_id` (`source_id`),
  KEY `component_id` (`component_id`),
  KEY `datatype_id` (`datatype_id`),
  KEY `component_lock_id` (`component_lock`),
  KEY `name` (`name`)
) ENGINE=InnoDB  DEFAULT CHARSET=latin1 AUTO_INCREMENT=2059 ;

--
-- Dumping data for table `properties`
--

INSERT INTO `properties` (`id`, `name`, `datatype_id`, `source_id`, `component_id`, `title`, `description`, `component_lock`, `exe_lock_priority`, `exe_lock`) VALUES
(1001, 'backgroundsize', 12001, 1001, 2018, 'background-size', 'CSS3, compute size of CSS background images', 0, '10', 0),
(1002, 'borderimage', 12001, 1001, 2018, 'border-image', 'CSS3, specify an image used for border', 0, '10', 0),
(1003, 'borderradius', 12001, 1001, 2018, 'border-radius', 'CSS3, rounded corners on elements', 0, '10', 0),
(1004, 'boxshadow', 12001, 1001, 2018, 'box-shadow', 'CSS3 drop shadows', 0, '10', 0),
(1005, 'boxflex', 12001, 1001, 2018, 'box-flex', 'specify if child elements of a box sizes are flexible or inflexible', 0, '10', 0),
(1006, 'hsla', 12001, 1001, 2018, 'hsla', 'HSL color model (hue, saturation, lightness) with alpha channel in CSS3', 0, '10', 0),
(1007, 'opacity', 12001, 1001, 2018, 'opacity', 'global opacity, older IE have filter:Alpha(opacity=50)', 0, '10', 0),
(1008, 'rgba', 12001, 1001, 2018, 'rgba', 'rgb color model (Red, Green, Blue) with alpha channel', 0, '10', 0),
(1009, 'textshadow', 12001, 1001, 2018, 'text-shadow', 'CSS3, drop shadow on text', 0, '10', 0),
(1011, 'columns', 12001, 1000, 2018, 'columns', 'CSS3 columns: ( width|auto, length|auto) shorthand property for setting column-width and column-count', 0, '10', 0),
(1012, 'generatedcontent', 12001, 1001, 2017, 'Generated Content', 'CSS2 content:, used with css :before and css :after', 0, '10', 0),
(1013, 'gradient', 12001, 1001, 2018, 'gradient', 'css gradients, e.g. background-color: gradient()', 0, '10', 0),
(1014, 'reflect', 12001, 1001, 2018, 'box-reflect', 'webkit, not really part of css3, reflect element with offset', 0, '10', 0),
(1015, 'transform', 12001, 1001, 2018, 'transform', 'CSS3 transform and transform-origin, rotate skew, perspective, ', 0, '10', 0),
(1016, 'transformrotate', 12001, 1001, 2018, 'transform:rotate', 'CSS3 transform rotate in x, y, z, scale', 0, '10', 0),
(1017, 'transition', 12001, 1001, 2018, 'Support for CSS transitions', 'CSS3 transitions, tweening between two states with duration', 0, '10', 0),
(1018, 'applicationcache', 12001, 1001, 2005, 'application cache', 'allows a developer to specify which files the browser should cache and make available to offline users.', 0, '10', 0),
(1020, 'canvas', 12001, 1001, 2027, 'canvas Tag', 'canvas bitmaps supported.', 0, '10', 0),
(1021, 'canvastext', 12001, 1001, 2027, 'CanvasText Support', 'text in canvas supported', 0, '10', 0),
(1022, 'draganddrop', 12001, 1001, 2005, 'drag and drop', 'HTML5 drag and drop', 0, '10', 0),
(1023, 'hashchange', 12001, 1001, 2044, 'hashchange', 'event when user jumps within a single page (anchors, ajax)', 0, '10', 0),
(1024, 'history', 12001, 1001, 2005, 'history', 'standardized way to manipulate the browser history via script', 0, '10', 0),
(1025, 'audio', 12001, 1001, 2027, 'HTML5 audio', 'HTML5 audio tag supported,must check if specific audio types are supported.', 0, '10', 0),
(1026, 'video', 12001, 1001, 2027, 'HTML5 video', 'HTML5 video tag supported, must also check media type.', 0, '10', 0),
(1027, 'indexeddb', 12001, 1001, 2005, 'Indexeddb', 'indexed table style database (not SQL) replaced websql', 0, '10', 0),
(1028, 'ogg', 12001, 1001, 2020, 'audio Ogg', 'ogg-vorbis audio', 0, '10', 0),
(1029, 'mp3', 12001, 1001, 2020, 'audio MP3', 'mp3 audio', 0, '10', 0),
(1037, 'ogg', 12001, 1001, 2022, 'OGG Video', 'ogg-vorbis video', 0, '10', 0),
(1038, 'webm', 12001, 1001, 2022, 'WebM Video', 'webm video', 0, '10', 0),
(1039, 'h264', 12001, 1001, 2022, 'MP4 (H264) video', 'MP4 (H264) video', 0, '10', 0),
(1042, 'autocomplete', 12001, 1001, 2005, 'Input autocomplete', 'input form autocomplete', 0, '10', 0),
(1043, 'autofocus', 12001, 1001, 2005, 'Input autofocus', 'input form autofocus', 0, '10', 0),
(1044, 'list', 12001, 1001, 2005, 'Input list', 'input field list (like a combobox)', 0, '10', 0),
(1045, 'placeholder', 12001, 1001, 2005, 'Input placeholder', 'placeholder list', 0, '10', 0),
(1046, 'max', 12001, 1001, 2005, 'Input max value', 'input max (slider)', 0, '10', 0),
(1047, 'min', 12001, 1001, 2005, 'Input min value', 'input min (slider)', 0, '10', 0),
(1048, 'multiple', 12001, 1001, 2005, 'Input multiple entries', 'input form multiple', 0, '10', 0),
(1049, 'pattern', 12001, 1001, 2005, 'Input regular expression', 'input form pattern', 0, '10', 0),
(1050, 'required', 12001, 1001, 2005, 'Input required', 'input form required', 0, '10', 0),
(1051, 'step', 12001, 1001, 2005, 'Input step', 'input form step', 0, '10', 0),
(1052, 'search', 12001, 1001, 2005, 'Input search field', 'input type search', 0, '10', 0),
(1053, 'tel', 12001, 1001, 2005, 'Input telephone validation', 'input form telephone', 0, '10', 0),
(1054, 'url', 12001, 1001, 2005, 'Input URL validation', 'input form url', 0, '10', 0),
(1055, 'email', 12001, 1001, 2005, 'Input email validation', 'input form email', 0, '10', 0),
(1056, 'datetime', 12001, 1001, 2005, 'Input date-time validation', 'input form date-time', 0, '10', 0),
(1057, 'date', 12001, 1001, 2005, 'Input type=date', 'input form date', 0, '10', 0),
(1058, 'month', 12001, 1001, 2005, 'Input month', 'input form month', 0, '10', 0),
(1059, 'week', 12001, 1001, 2005, 'Input week', 'input form week', 0, '10', 0),
(1060, 'time', 12001, 1001, 2005, 'Input time', 'input form time', 0, '10', 0),
(1061, 'datetime-local', 12001, 1001, 2005, 'Input local time', 'input form datetime local', 0, '10', 0),
(1062, 'number', 12001, 1001, 2005, 'Input number', 'input form number', 0, '10', 0),
(1063, 'range', 12001, 1001, 2005, 'Input value range', 'input form range', 0, '10', 0),
(1064, 'color', 12001, 1000, 2006, 'color', 'CSS1 color, all text in elements.', 0, '10', 0),
(1065, 'localstorage', 12001, 1001, 2005, 'HTML5 Local storage', 'local storage', 0, '10', 0),
(1066, 'sessionstorage', 12001, 1001, 2005, 'HTML5 session storage', 'session storage', 0, '10', 0),
(1067, 'postmessage', 12001, 1001, 2005, 'postMessage() support', 'post message', 0, '10', 0),
(1068, 'geolocation', 12001, 1001, 2005, 'HTML5 geolocation', 'geolocation', 0, '10', 0),
(1069, 'svg', 12001, 1001, 2028, 'SVG graphics', 'svg supported', 0, '10', 0),
(1070, 'inlinesvg', 12001, 1001, 2005, 'SVG tags in HTML', 'inline svg images', 0, '10', 0),
(1071, 'svgclippaths', 12001, 1001, 2028, 'SVG clipping paths', 'apply SVG clip paths in SVG', 0, '10', 0),
(1072, 'smil', 12001, 1001, 2032, 'SMIL support', 'SMIL support', 0, '10', 0),
(1073, 'touch', 12001, 1001, 2005, 'Touch event support', 'touch events supported', 0, '10', 0),
(1074, 'webgl', 12001, 1001, 2005, 'WebGL support', 'webGL supported', 0, '10', 0),
(1075, 'apng.json', 12003, 1003, 2021, 'PNG (animated) Support', 'animated png support', 0, '10', 0),
(1076, 'audio-api.json', 12001, 1003, 2012, 'HTML5 audio mixer', 'audio mixer api', 0, '10', 0),
(1077, 'audio.json', 12001, 1003, 2005, 'HTML5 audio', 'HTML5 audio', 0, '10', 0),
(1078, 'background-img-opts.json', 12001, 1003, 2018, 'background-image CSS3 caniuse', 'CSS3 background image options, background-clip, background-origin, background-size', 0, '10', 0),
(1079, 'blobbuilder.json', 12001, 1003, 2012, 'Blob Builder', 'construct blobs (deprecated)', 0, '10', 0),
(1080, 'bloburls.json', 12001, 1003, 2005, 'Blob URL', 'url handles to a blob object, e.g., data stream from camera or microphone', 0, '10', 0),
(1081, 'border-image.json', 12001, 1003, 2018, 'border-image', 'css3 border-image', 0, '10', 0),
(1082, 'border-radius.json', 12001, 1003, 2018, 'border-radius', 'css3 border-radius property', 0, '10', 0),
(1083, 'calc.json', 12001, 1003, 2018, 'css3 calc() function', 'CSS3 calculated values in CSS', 0, '10', 0),
(1084, 'canvas-text.json', 12001, 1003, 2027, 'CanvasText Support', 'HTML5 canvas text objects', 0, '10', 0),
(1085, 'classlist.json', 12001, 1003, 2005, 'Add and remove CSS classes', 'manipulate classes on CSS elements using DOMTokenList', 0, '10', 0),
(1086, 'contenteditable.json', 12001, 1003, 2005, 'Editable HTML', 'make a HTML element editable', 0, '10', 0),
(1088, 'cors.json', 12001, 1003, 2005, 'Cross-domain Ajax', 'ajax across domains', 0, '10', 0),
(1090, 'css-boxshadow.json', 12001, 1003, 2018, 'box-shadow', 'css3 box shadow', 0, '10', 0),
(1091, 'css-canvas-json', 12001, 1003, 2018, 'Canvas Image caniuse', 'CSS3, can use canvas as a background image', 0, '10', 0),
(1092, 'css-counters.json', 12001, 1003, 2017, 'counter:increment/decrement', 'CSS3m counter-increment, counter-reset in generated content', 0, '10', 0),
(1093, 'css-featurequeries.json', 12001, 1003, 2018, '@supports CSS2 caniuse', 'CSS3 Feature Query support, use @supports to branch on properties', 0, '10', 0),
(1094, 'css-filters.json', 12001, 1003, 2018, 'filter CSS3 caniuse', 'CSS3 apply filter to HTML, grayscale, drop-shadow, sepia, brightness', 0, '10', 0),
(1095, 'css-fixed.json', 12001, 1003, 2017, 'position:fixed', 'fix element regardless of scrolling', 0, '10', 0),
(1096, 'css-gencontent.json', 12001, 1003, 2017, ':before :after', 'CSS2 generated content :before or :after CSS pseudo-elements', 0, '10', 0),
(1097, 'css-gradients.json', 12001, 1003, 2018, 'gradient', 'CSS3 gradients', 0, '10', 0),
(1098, 'css-grid.json', 12001, 1003, 2018, 'display:grid', 'CSS3 grid system in css', 0, '10', 0),
(1099, 'css-hyphens.json', 12001, 1003, 2018, 'hyphens:', 'CSS3m control hypenation in word-wrapped text', 0, '10', 0),
(1100, 'css-masks.json', 12001, 1003, 2018, 'mask-image', 'use image as mask for displaying element', 0, '10', 0),
(1101, 'css-mediaqueries.json', 12001, 1003, 2017, 'CSS @media', 'css media queries', 0, '10', 0),
(1102, 'css-opacity.json', 12001, 1003, 2018, 'opacity:', 'CSS3 control opacity of entire element', 0, '10', 0),
(1103, 'css-reflections.json', 12001, 1003, 2018, 'box-reflect', 'css reflections', 0, '10', 0),
(1104, 'css-regions.json', 12001, 1003, 2018, 'css regions', 'flow content into multiple elements making complex shape', 0, '10', 0),
(1105, 'css-repeating-gradients.json', 12001, 1003, 2018, 'repeating-linear-gradient', 'linear or radial color as a CSS image', 0, '10', 0),
(1106, 'css-resize.json', 12001, 1003, 2018, 'resize', 'CSS3 allow user limited resizing of element', 0, '10', 0),
(1107, 'css-sel2.json', 12001, 1003, 2018, 'CSS3 Selector', 'CSS3, :nth-child(), :last-child, :first-of-type more accurate CSS selectors', 0, '10', 0),
(1108, 'css-sel3.json', 12001, 1003, 2018, ':n-child selectors caniuse', 'CSS3, :n-child selectors', 0, '10', 0),
(1109, 'css-table.json', 12001, 1003, 2018, 'display:table', 'display elements as tables, rows, cells', 0, '10', 0),
(1110, 'css-textshadow.json', 12001, 1003, 2018, 'text-shadow', 'text drop-shadows', 0, '10', 0),
(1111, 'css-transitions.json', 12001, 1003, 2018, 'transition:', 'CSS3 transitions', 0, '10', 0),
(1112, 'css3-boxsizing.json', 12001, 1003, 2018, 'box-sizing', 'CSS3 control whether borders and padding contribute to element size', 0, '10', 0),
(1113, 'css3-colors.json', 12001, 1003, 2018, 'hsl', 'CSS3 hsl support color model', 0, '10', 0),
(1114, 'css3-conditional.json', 12001, 1003, 2018, '@supports CSS3 caniuse', 'CSS3 condition rules based on whether property declarations are supported in CSS', 0, '10', 0),
(1115, 'datalist.json', 12001, 1003, 2005, 'Input list', 'list of options in input field', 0, '10', 0),
(1116, 'dataset.json', 12001, 1003, 2005, 'data-', 'apply custom data to elements', 0, '10', 0),
(1117, 'datauri.json', 12001, 1003, 2005, 'Data URI', 'embed images as a string of base64 text', 0, '10', 0),
(1118, 'details.json', 12001, 1003, 2005, 'Basic Widget no JS', 'non-js show/hide widget', 0, '10', 0),
(1119, 'deviceorientation.json', 12001, 1003, 2005, 'orientation', 'detect orientation and motion events', 0, '10', 0),
(1120, 'dragndrop.json', 12001, 1003, 2005, 'HTML5 drag and drop', 'drag and drop support', 0, '10', 0),
(1121, 'eot.json', 12001, 1003, 2023, 'OpenType (EOT) Font Support', 'supports embedded opentype fonts', 0, '10', 0),
(1122, 'eventsource.json', 12001, 1003, 2005, 'Server events', 'get true stream of data from server', 0, '10', 0),
(1123, 'fileapi.json', 12001, 1003, 2012, 'Filesystem API', 'manipulate file objects client-side', 0, '10', 0),
(1124, 'filereader.json', 12001, 1003, 2012, 'Filereader', 'read file or blob object into memory', 0, '10', 0),
(1125, 'filesystem.json', 12001, 1003, 2012, 'Filesystem', 'file system client-side', 0, '10', 0),
(1126, 'flexbox.json', 12001, 1003, 2005, 'box-flex', 'position elements in horizontal or vertical stacks', 0, '10', 0),
(1127, 'font-feature.json', 12001, 1003, 2005, 'font-feature-settings', 'advanced typographic features for OpenType fonts', 0, '10', 0),
(1128, 'fontface.json', 12001, 1003, 2005, 'CSS @font-face', '@font-face', 0, '10', 0),
(1129, 'form-validation.json', 12001, 1003, 2005, 'HTML5 form validation', 'set required input field values without javascript', 0, '10', 0),
(1130, 'forms.json', 12001, 1003, 2005, 'HTML5 field types', 'support for additional form input types like sliders', 0, '10', 0),
(1131, 'fullscreen.json', 12001, 1003, 2012, 'Fullscreen API', 'fullscreen api', 0, '10', 0),
(1132, 'geolocation.json', 12001, 1003, 2012, 'Geolocation API', 'geolocation api', 0, '10', 0),
(1133, 'getcomputedstyle.json', 12001, 1003, 2012, 'window.getComputedStyle', 'get current computed styles being applied to element', 0, '10', 0),
(1134, 'getelementsbyclassname.json', 12001, 1003, 2012, '.getElementsByClassName', '.getElementsByClassName supported', 0, '10', 0),
(1135, 'hashchange.json', 12001, 1003, 2044, 'hashchange', 'JavaScript event when hash in URL changes', 0, '10', 0),
(1136, 'history.json', 12001, 1003, 2005, 'history', 'manipulate user''s history in browser, support dynamic sites', 0, '10', 0),
(1137, 'html5semantic.json', 12001, 1003, 2027, 'HTML5 semantic tags', 'semantic tags in HTML5', 0, '10', 0),
(1138, 'iframe-sandbox.json', 12001, 1003, 2005, 'Iframe sandbox', 'run sites in iframe without javascript execution', 0, '10', 0),
(1139, 'indexeddb.json', 12001, 1003, 2005, 'Indexeddb', 'indexedDB support', 0, '10', 0),
(1140, 'inline-block.json', 12001, 1003, 2005, 'CSS inline-block', 'CSS inline-block', 0, '10', 0),
(1141, 'inputcolor', 12001, 1003, 2005, 'Input color picker', 'input field color picker', 0, '10', 0),
(1142, 'input-datetime.json', 12001, 1003, 2005, 'Inpute date time picker', 'datetime picker', 0, '10', 0),
(1143, 'input-number.json', 12001, 1003, 2005, 'Input number', 'input number support', 0, '10', 0),
(1144, 'input-placeholder.json', 12001, 1003, 2005, 'Input placeholder support', 'input field supports placeholder', 0, '10', 0),
(1145, 'input-range.json', 12001, 1003, 2005, 'Input max min', 'input field supports max and min range', 0, '10', 0),
(1146, 'json.json', 12001, 1003, 2012, 'JSON', 'support JSON', 0, '10', 0),
(1147, 'matchesselector.json', 12001, 1003, 2012, '.matchesSelector()', 'W3c .matches(), older matchesSelector(), test if DOM element matches a given selector', 0, '10', 0),
(1148, 'matchmedia.json', 12001, 1003, 2012, 'window.matchMedia', 'figure out if media query applies to document', 0, '10', 0),
(1149, 'mathml.json', 12001, 1003, 2005, 'Math ML', 'support MathML ', 0, '10', 0),
(1150, 'menu.json', 12001, 1003, 2027, 'HTML menu', 'define toolbar with <menu> element', 0, '10', 0),
(1151, 'minmaxwh.json', 12001, 1003, 2005, 'min-width/max-width', 'set minimum or max width, height for element', 0, '10', 0),
(1152, 'mpeg4.json', 12001, 1003, 2022, 'MP4 (H264)', 'H264 video format', 0, '10', 0),
(1153, 'multibackgrounds.json', 12001, 1003, 2005, 'CSS multiple backgrounds', 'multiple backgrounds in CSS', 0, '10', 0),
(1154, 'multicolumn.css', 12001, 1003, 2005, 'CSS column-count/column-width', 'method for flowing information in multiple columns', 0, '10', 0),
(1155, 'namevalue-storage.json', 12001, 1003, 2005, 'Local/Session Storage', 'local storage and session storage', 0, '10', 0),
(1156, 'nav-timing.json', 12001, 1003, 2012, ' window.performance.timing ', 'get timing information for navigation and elements', 0, '10', 0),
(1157, 'notifications.json', 12001, 1003, 2012, '.createNotification', 'web notifications', 0, '10', 0),
(1158, 'object-fit.json', 12001, 1003, 2018, 'object-fit', 'CSS3 defines how a rich media element should fit inside its box', 0, '10', 0),
(1159, 'offline-apps.json', 12001, 1003, 2005, 'offline apps', 'offline applications', 0, '10', 0),
(1160, 'ovg.json', 12001, 1003, 2022, 'Video Ogg-Thedora', 'Ogg/Theora video format', 0, '10', 0),
(1161, 'pagevisibility.json', 12001, 1003, 2012, 'document.hidden', 'whether web page is in foreground or background', 0, '10', 0),
(1162, 'png-alpha.json', 12001, 1003, 2021, 'PNG (alpha channel) Support', 'png 24 with alpha channel support', 0, '10', 0),
(1163, 'pointer-events.json', 12001, 1003, 2018, 'Pointer Events, CSS touch-action', 'CSS Pointer Events, disable some elements to mouse hover and click events', 0, '10', 0),
(1164, 'progressmeter.json', 12001, 1003, 2027, 'Progress tag HTML5 form', 'HTML5 form progress meter control', 0, '10', 0),
(1165, 'queryselector.json', 12001, 1003, 2012, '.querySelector()', 'access DOM elements using CSS selectors', 0, '10', 0),
(1166, 'rellist.json', 12001, 1003, 2005, '.rellist', 'manipulate rel attribute values on elements, using the DOMTokenList object', 0, '10', 0),
(1167, 'rem.json', 12001, 1003, 2018, 'property:rem caniuse', 'CSS3 unit similar to em, but relative only to the root element, not any parent element', 0, '10', 0),
(1168, 'requestanimationframe.json', 12001, 1003, 2012, '.requestAnimationFrame()', 'smooth access to animation, sync with monitor screen refresh', 0, '10', 0),
(1169, 'ruby.json', 12001, 1003, 2005, 'HTML Ruby annotation', 'RUBY east asian language annotations', 0, '10', 0),
(1170, 'script-async.json', 12001, 1003, 2005, 'Script async property', '&lt;script&gt; attritribue cause script to load asynchronously', 0, '10', 0),
(1171, 'script-defer.json', 12001, 1003, 2005, 'Script defer property', '&lt;script&gt; attribute causing script to load after page load', 0, '10', 0),
(1172, 'sharedworkers.json', 12001, 1003, 2012, 'SharedWorkers', 'allows several scripts to share a Web Worker', 0, '10', 0),
(1173, 'spdy.json', 12001, 1003, 2004, 'SPDY', 'Browser supports Google SPDY protocol', 0, '10', 0),
(1174, 'sql-storage.json', 12001, 1003, 2005, 'SQLite (deprecated)', 'SqlLite client storage support (deprecated)', 0, '10', 0),
(1175, 'stream.json', 12001, 1003, 2012, 'MediaStream API', 'support for constant data stream opened from server', 0, '10', 0),
(1176, 'style-scoped.json', 12001, 1003, 2005, 'style scoped', 'style tag scoped rules to be scoped to part of the document, based on the position of the style element', 0, '10', 0),
(1177, 'svg-css.json', 12001, 1003, 2018, 'SVG CSS background-image', 'let SVG used as CSS background image', 0, '10', 0),
(1178, 'svg-filters.json', 12001, 1003, 2028, 'SVG filters', 'photoshop-like effects on SVG objects including blurring and color manipulation', 0, '10', 0),
(1179, 'svg-fonts.json', 12001, 1003, 2028, 'SVG (svg) Font Support', 'support for using SVG outline graphics as font glyphs', 0, '10', 0),
(1180, 'svg-html.json', 12001, 1003, 2005, 'SVG filters in HTML', 'apply SVG style filters to HTML elements', 0, '10', 0),
(1181, 'svg-html5.json', 12001, 1003, 2005, 'SVG tags in HTML', 'use SVG tags directly in HTML documents, outside &lt;svg&gt; tag', 0, '10', 0),
(1182, 'svg-img.json', 12001, 1003, 2028, 'SVG in img tag', 'support for using SVG graphic as src= in img tags.', 0, '10', 0),
(1183, 'svg-smil.json', 12001, 1003, 2032, 'SMIL SVG animation', 'use SMIL markup to animate SVG graphics', 0, '10', 0),
(1184, 'svg.json', 12001, 1003, 2028, 'SVG embed or object', 'use SVG with embed or object tag', 0, '10', 0),
(1185, 'testfeat.json', 12001, 1003, 2012, 'Test features', 'test features support in browser API', 0, '10', 0),
(1186, 'text-overflow.json', 12001, 1003, 2018, 'text-overflow', 'append ellipsis when text overflows its containing element', 0, '10', 0),
(1187, 'text-stroke', 12001, 1003, 2018, 'text-stroke', 'control color width and other elements of font outline', 0, '10', 0),
(1188, 'touch.json', 12001, 1003, 2012, 'Touch events', 'touch screen events, e.g. drag, swipe, pinch', 0, '10', 0),
(1189, 'transforms2d.json', 12001, 1003, 2018, 'transforms 2d', 'CSS3 2d transforms, translate, scale, skew', 0, '10', 0),
(1190, 'transforms3d.json', 12001, 1003, 2018, 'transforms 3d', 'CSS3 3d transforms, rotate, scale, translate', 0, '10', 0),
(1191, 'ttf.json', 12001, 1003, 2023, 'TrueType (ttf) Font Support', 'support for TrueType fonts', 0, '10', 0),
(1192, 'typedarrays.json', 12001, 1003, 2013, 'JavaScript typed array', 'JavaScript typed arrays access raw binary data much more efficiently', 0, '10', 0),
(1193, 'use-strict.json', 12001, 1003, 2013, 'JavaScript strict', 'JavaScript strict declaration supported', 0, '10', 0),
(1194, 'video.json', 12001, 1003, 2005, 'HTML5 video', 'HTML5 video tag support, type of video must also be checked', 0, '10', 0),
(1195, 'viewport-units.json', 12001, 1003, 2018, 'Viewport units', 'Length units representing 1% of the viewport size for viewport width (vw), height (vh) or the smallest of the two (vmin)', 0, '10', 0),
(1196, 'wai-aria.json', 12001, 1003, 2038, 'Wai-aria', 'allow people with text readers to understand dynamic widgets in applications', 0, '10', 0),
(1197, 'webgl.json', 12001, 1003, 2012, 'hasWebGL', 'OpenGL like 3d graphics accelerated via video card', 0, '10', 0),
(1198, 'webm.json', 12001, 1003, 2022, 'Webm video', 'royalty-free video format, requires HTML5 video.', 0, '10', 0),
(1199, 'websockets.json', 12001, 1003, 2005, 'WebSockets', 'low-level bidirectional communication technology for web apps', 0, '10', 0),
(1200, 'webworkers.json', 12001, 1003, 2012, 'WebWorkers', 'ethod of running scripts in the background, isolated from the web page', 0, '10', 0),
(1201, 'woff.json', 12001, 1003, 2023, 'Web Open Font Format (woff) Support', 'Compressed TrueType/OpenType font that contains information about the font''s source. requires @font-face', 0, '10', 0),
(1202, 'word-break.json', 12001, 1003, 2018, 'word-break', 'prevent or allow words to be broken over multiple lines between letters', 0, '10', 0),
(1203, 'wordwrap.json', 12001, 1003, 2018, 'word-wrap caniuse', 'allows lines to be broken within words if an otherwise unbreakable string is too long to fit', 0, '10', 0),
(1204, 'x-doc-messaging.json', 12001, 1003, 2012, '.postMessage()', 'use .postMessage() to send messages betwee web pages', 0, '10', 0),
(1205, 'xhr2.json', 12001, 1003, 2012, 'XMLHttpRequest2', 'XMLHttpRequest2 Ajax support including file uploads, progress check and ability to send form data', 0, '10', 0),
(1206, 'xhtml.json', 12001, 1003, 2005, 'XHTML Support', 'XHTML served as application/xhtml+xml', 0, '10', 0),
(1207, 'xhtmlsmil.json', 12001, 1003, 2032, 'SMIL Support', 'Method of using SMIL animation in web pages', 0, '10', 0),
(1208, 'name', 12000, 1000, 2004, 'Browser Name', 'Name of web browser historical family, Used for all versions. Mobile headers Opera: HTTP_X_OPERAMINI_PHONE_UA,       HTTP_ALL_HTTP, Skyfire: HTTP_X_SKYFIRE_PHONE,            Bolt: HTTP_X_BOLT_PHONE_UA,            UCbrowser: HTTP_X_UCBROWSER_DEVICE_UA,Avantgo, HTTP_X_AVANTGO_BROWSER', 1, '10', 0),
(1210, 'html4', 12001, 1000, 2005, 'HTML4 Support', 'HTML 4 standard DOCTYPE is supported by the web browser.', 0, '10', 0),
(1211, 'html5', 12001, 1000, 2005, 'HTML5 Support', 'HTML5 DOCTYPE and semantic HTML5 tags are supported by the web browser.', 0, '10', 0),
(1212, 'html', 12001, 1000, 2005, 'HTML Support', 'supports generic HTML markup, without a specified DOCTYPE.', 0, '10', 0),
(1214, 'xhtml', 12001, 1000, 2005, 'XHTML Support', 'supports XHTML non-mobile, depends on hasHTM4 and hasHTML. See http://www.webdevout.net/articles/escaping-style-and-script-data', 0, '10', 0),
(1215, 'wml', 12001, 1000, 2029, 'WML Support', 'WML WAP protocol markup supported', 0, '10', 0),
(1234, 'geolocation', 12007, 1000, 2000, 'Server Geo Location', 'Server Location (geo latitude and longitude, city, state, country). Ideally determined client side, fallback to geolocation API or database on server.', 0, '10', 0),
(1236, 'timestamp', 12010, 1000, 2000, 'Server Timestamp', 'Server timestamp when the PHP program started to load from server REQUEST_TIME.', 0, '10', 0),
(1237, 'devicename', 12000, 1000, 2003, 'Device Common Name', 'Common name for device hardware, e.g. iPad, Samsung Galaxy. HTTP_X_DEVICE_TYPE.', 1, '10', 0),
(1238, 'deviceos', 12000, 1000, 2003, 'Device OS', 'Operating system for the device. In user-agent, headers HTTP_X_DEVICE_OS', 0, '10', 0),
(1239, 'deviceosversion', 12000, 1000, 2003, 'Device OS Version', 'Version number of the operating system', 0, '10', 0),
(1240, 'devicetimestamp', 12010, 1000, 2003, 'Device TimeStamp', 'Device timestamp, start of GBP initialization on the client.', 0, '10', 0),
(1241, 'devicescreensize', 12008, 1000, 2003, 'Device Screen Size (x and y)', 'Device width and height, in pixels. Static, does not change size when page is resized or rotated. This is DIFFERENT from viewportsize (in web browser) and document size (in web browser). HTTP_X_SCREEN_HEIGHT, HTTP_X_SCREEN_WIDTH.', 0, '10', 0),
(1243, 'deviceretina', 12003, 1000, 2003, 'Device Retina Display Mapping', 'Device has a Retina display with greater than 1 screen pixel per CSS pixel. Provides a conversion value between hardware and CSS pixels.', 0, '10', 0),
(1244, 'devicetextureunit', 12001, 1000, 2003, 'Device Texture Unit', 'Device texture unit size, or number of screen pixels per CSS unit (may be fractional)', 0, '10', 0),
(1245, 'mobile', 12001, 1000, 2003, 'Device Mobile', 'Any Mobile device, distinct from form factor, generic.http://dev.opera.com/articles/view/server-side-capability-detection-for-mob/', 0, '10', 0),
(1249, 'devicetype', 12008, 1000, 2003, 'Device Form Factor', '(Enumerated, more than one might apply) Cellphone, Featurephone, Gameconsole, Mediaplayer, Desktop, Mobile, Tablet, WAPphone, Smartphone, Audioreader, Television, Textreader', 0, '10', 0),
(1257, 'adaptscontent', 12001, 1000, 2000, 'Server Content Adaptation', 'Server adapts content for client, like many featurephones', 0, '10', 0),
(1259, 'fork', 12000, 1000, 2004, 'Browser Family (fork)', 'Family browser belongs to, e.g. webkit, Konqueror-derived, Old Gecko...', 0, '10', 0),
(1260, 'version', 12000, 1000, 2004, 'Browser Version', 'Version number for the browser. Main sub-category for browsers in PHP tables.', 1, '10', 0),
(1261, 'enginename', 12000, 1000, 2004, 'Rendering Engine common name', 'Browser rendering engine, changes with versions, Presto, Trident, Webkit...', 0, '10', 0),
(1262, 'engineversion', 12000, 1000, 2004, 'Rendering Engine Version', 'Which version of the rendering engine is the browser using.', 0, '10', 0),
(1263, 'releasedate', 12009, 1000, 2004, 'Browser Release Date', 'Date when the browser version was release. Often more useful than the browser''s other features', 1, '10', 0),
(1266, 'spider', 12001, 1000, 2004, 'Browser is Web Spider', 'Browser is a search engine agent.', 0, '10', 0),
(1267, 'bot', 12001, 1000, 2004, 'Browser is a Bot', 'Browser is an automated user agent, robot, spambot, crawler, that doesn''t need to see the screen.', 0, '10', 0),
(1268, 'comments', 12000, 1000, 2004, 'Browser Comments', 'User-supplied comments about the browser, e.g. Mobile Safari, lame versions', 0, '10', 0),
(1269, 'isp', 12000, 1000, 2001, 'ISP Name', 'Common name for ISP.', 0, '10', 0),
(1270, 'ispdomain', 12000, 1000, 2001, 'ISP Domain Name', 'Domain name for the ISP, as opposed to hosted sites', 0, '10', 0),
(1271, 'ispgreenindex', 12000, 1000, 2001, 'ISP Green Index', 'Score for the "green-ness" of ISP data center', 0, '10', 0),
(1276, 'useragent', 12000, 1000, 2000, 'Server User-Agent', 'Server data from server-side user-agent, which some servers will supply.', 0, '10', 0),
(1277, 'cloud', 12001, 1000, 2000, 'Server in Cloud', 'Server is part of a server cloud', 0, '10', 0),
(1278, 'os', 12000, 1000, 2000, 'Server OS', 'Server Operating System, may be available via a server hardware user-agent (not part of standard HTTP).', 0, '10', 0),
(1283, 'index', 12003, 1000, 2002, 'Network Index', 'Index of Network efficiency and quality', 0, '10', 0),
(1284, 'utilityindex', 12003, 1000, 2002, 'Local (Electrical) Utility Index', 'Energy efficiency of local electrical grid', 0, '10', 0),
(1285, 'utilityindex', 12003, 1000, 2000, 'Server (Electrical) Utility Index', 'Energy efficiency of Server''s electrical grid', 0, '10', 0),
(1286, 'battery', 12001, 1000, 2003, 'Device has Battery', 'Device uses a battery in its operation', 0, '10', 0),
(1287, 'ip', 12000, 1000, 2003, 'Device IP Address', 'Device IP local IP address. True address in case of proxy with HTTP header X-Forwarded-For:, REMOTE_ADDR', 0, '10', 0),
(1288, 'domainname', 12000, 1000, 2003, 'Device Domain Name', 'Domain name device is accessing website under', 0, '10', 0),
(1294, 'geolocation', 12007, 1000, 2003, 'Device Geo Location', 'city, state, country,  HTTP_X_GPS_CURRENT_LATITUDE,      HTTP_X_GPS_CURRENT_LONGITUDE,     HTTP_X_GPS_CURRENT_ALTITUDE,      HTTP_X_GPS_CURRENT_DIRECTION,', 0, '10', 0),
(1295, 'rendercloud', 12001, 1000, 2004, 'Renders in Cloud', 'Browser does partial or full rendering in the cloud. ONLY can be defined based on user-agent.', 0, '10', 0),
(1296, 'unicode', 12001, 1000, 2004, 'Unicode Support', 'Browser supports UTF-8', 0, '10', 0),
(1297, 'wap', 12001, 1000, 2004, 'Protocol WAP Support', 'Browser uses WAP protocol. Detect on server with HTTP_X_WAP_PROFILE', 0, '10', 0),
(1298, 'imode', 12001, 1000, 2004, 'Protocol i-Mode Support', 'Browser uses i-Mode protocol, on browsers without significant JS, so use HTTP headers or user-agent sniffing.', 0, '10', 0),
(1299, 'http', 12001, 1000, 2004, 'Protocol HTTP Support', 'Browser uses standard HTTP protocol, window.location.protocol. However, we can''t detect directly unless we set window.location to an http// location.', 0, '10', 0),
(1300, 'https', 12001, 1000, 2004, 'Protocol HTTPS Support', 'Browser uses secure HTTPS protocol. window.location.protocol works, but we have to set to an https:// location for client-side detection to work.', 0, '10', 0),
(1301, 'spdy', 12001, 1000, 2004, 'Protocol SPDY Support', 'Browser uses Google''s SPDY protocol, http://japhr.blogspot.com/2011/06/spdy-on-client-side.html', 0, '10', 0),
(1302, 'ftp', 12001, 1000, 2004, 'Protocol FTP Support', 'Browser uses FTP protocol directly, window.location.protocol. However, we can''t detect directly without setting the browser to an ftp// address', 0, '10', 0),
(1303, 'rtsp', 12001, 1000, 2004, 'Protocol RTSP Support', 'Browser directly implements RTSP streaming, window.location.protocol, but have to set to an rtsp:// address to test client-side.', 0, '10', 0),
(1304, 'chtml', 12001, 1000, 2036, 'cHTML Support', 'Uses the cHTML mobile HTML variant, offered only in Japan and some European countries. Compatibility list at https://www.nttdocomo.co.jp/english/service/developer/make/content/browser/html/tag/index.html', 0, '10', 0),
(1305, 'xml', 12001, 1000, 2025, 'XML Support', 'Uses XML (strict mode, including namespacing)', 0, '10', 0),
(1306, 'mathml', 12001, 1000, 2035, 'MathML Support', 'Uses MathML markup for equations, the older insertion test, rather than mathml tags allowed in html. Test at https://developer.mozilla.org/en-US/docs/Web/MathML/Authoring', 0, '10', 0),
(1307, 'smil', 12001, 1000, 2032, 'SMIL Support', 'Uses SMIL Multimedia language', 0, '10', 0),
(1308, 'img', 12001, 1000, 2005, 'IMG Tag Support', '<img> tag support in browser', 0, '10', 0),
(1309, 'a', 12001, 1000, 2005, 'A (HyperLink) Support', 'Support for basic HTML hyperlinks.', 0, '10', 0),
(1310, 'adownload', 12001, 1000, 2034, 'A (Hyperlink adownload) Support', 'Supports <a> download property.', 0, '10', 0),
(1311, 'forms', 12001, 1000, 2005, 'HTML Form Support', 'Support for HTML based fill-out form fields.', 0, '10', 0),
(1312, 'iframe', 12001, 1000, 2005, 'IFRAME Support', 'iframes are supported', 0, '10', 0),
(1313, 'sandbox', 12001, 1000, 2005, 'IFRAME Sandbox Support', '<iframe> sandbox property support', 0, '10', 0),
(1314, 'seamless', 12001, 1000, 2005, 'IFRAME Seamless Support', 'iframe seamless', 0, '10', 0),
(1315, 'srcdoc', 12001, 1000, 2005, 'IFRAME Srcdoc Support', 'iframe srcdoc support', 0, '10', 0),
(1316, 'ruby', 12001, 1000, 2005, 'Ruby Annotations', 'Ruby annotations supported, provide short run of text along baseline showing pronunciation', 0, '10', 0),
(1317, 'details', 12001, 1000, 2027, 'DETAILS Tag (widget Support)', 'Details widget (show/hide without javascript) support', 0, '10', 0),
(1318, 'object', 12001, 1000, 2026, 'OBJECT Support', 'Object plug-in supported for Flash, QuickTime. Deprecated, removed from HTML5 spec.', 0, '10', 0),
(1319, 'aria', 12001, 1000, 2038, 'ARIA Role property', 'ARIA role property supported, add ARIA roles with accessify https://github.com/yatil/accessifyhtml5.js', 0, '10', 0),
(1320, 'semantic', 12001, 1000, 2027, 'HTML5 Semantic Tags', 'HTML5 Semantic Tag Support', 0, '10', 0),
(1321, 'html5forms', 12001, 1000, 2027, 'HTML5 FORM Support', 'Support for HTML5 new input elements, validation', 0, '10', 0),
(1322, 'html5formvalidation', 12001, 1000, 2027, 'HTML5 FORM Validation', 'Support for validation of HTML5 forms', 0, '10', 0),
(1323, 'progress', 12001, 1000, 2027, 'PROGRESS Tag Support', 'Support for form <progress> tag', 0, '10', 0),
(1324, 'meter', 12001, 1000, 2027, 'METER Tag Support', 'Support for <meter> form tag', 0, '10', 0),
(1325, 'menu', 12001, 1000, 2027, 'MENU Tag Support', 'Support for <menu> tag', 0, '10', 0),
(1326, 'canvas', 12001, 1000, 2027, 'CANVAS Tag', 'Support the <canvas> tag in browser.', 0, '10', 0),
(1327, 'base64', 12001, 1000, 2021, 'Base64 Support', 'Support for Base64-encoded image as data uri in <img> tag', 0, '10', 0),
(1328, 'jpeg', 12001, 1000, 2021, 'JPEG Support', 'JPEG images supported.', 0, '10', 0),
(1329, 'gif', 12001, 1000, 2021, 'GIF Support', '', 0, '10', 0),
(1330, 'gifanimated', 12001, 1000, 2021, 'GIF (Animated) Support', 'Support for animated GIFs', 0, '10', 0),
(1331, 'png', 12001, 1000, 2021, 'PNG Support', 'support for PNG format images', 0, '10', 0),
(1332, 'pngalpha', 12001, 1000, 2021, 'PNG (alpha channel) Support', 'Support for full PNG alpha channel', 0, '10', 0),
(1333, 'pnganimated', 12001, 1000, 2021, 'PNG (animated) Support', 'Support for animated PNG files.', 0, '10', 0),
(1339, 'filter', 12001, 1000, 2028, 'SVG Filter Support', 'Support for SVG filter effects', 0, '10', 0),
(1340, 'otf', 12001, 1000, 2023, 'OTF (OpenType)', 'Support for font-feature OpenType properties (microsoft format)', 0, '10', 0),
(1342, 'svg', 12001, 1000, 2032, 'SVG in SMIL Tag', 'SVG in SMIL XML markup language', 0, '10', 0),
(1343, 'audio', 12001, 1000, 2027, 'AUDIO Tag Support', 'Support for', 0, '10', 0),
(1344, 'mp3', 12001, 1000, 2020, 'Audio MP3 Support', 'MP3 Audio support. MIME: audio/mp3, audio/mpeg3, audio/x-mp3, audio/x-mpeg3. Extensions: mp3, mpeg3, swa', 0, '10', 0),
(1345, 'oggvorbis', 12001, 1000, 2020, 'Audio Ogg-Vorbis Support', 'Support for Ogg-Vorbis audio format (deprecated).', 0, '10', 0),
(1346, 'wav', 12001, 1000, 2020, 'Audio WAV Support', 'Support for WAV audio format. MIME: audio/wav, audio/x-wav. Extensions: wav, bwf', 0, '10', 0),
(1347, 'aac', 12001, 1000, 2020, 'Audio AAC Support', 'AAC (.aac) Advanced Audio Coding audio support, successor to MP3, used by iTunes. MPEG-2. MIME: audio/x-m4a (audio), audio/x-m4b (audio book), audio/m4p (audio protected). Extensions: m4a, m4b, m4p.', 0, '10', 0),
(1349, 'video', 12001, 1000, 2027, 'VIDEO Tag Support', 'Support for HTML5 <video>', 0, '10', 0),
(1350, 'oggtheora', 12001, 1000, 2022, 'Video Ogg-Theora Support', 'Support for Ogg-Theora video format. he video WebM (VP8) codec is superior to the video OGG (Theora) codec.', 0, '10', 0),
(1351, 'h264', 12001, 1000, 2022, 'Video H.264 Support', 'Support for MP4 (H.262) video support, video/mp4; codecs="avc1.42E01E, mp4a.40.2"', 0, '10', 0),
(1352, 'webm', 12001, 1000, 2022, 'Video WebM Support', 'Support for WebM video, replaces Ogg-Theora format. vp8 and vorbis. http://www.webmproject.org/', 0, '10', 0),
(1353, 'dataset', 12001, 1000, 2005, 'Data-xxx Attribute Support', 'Support for data-xxx attribute in markup', 0, '10', 0),
(1354, 'datauri', 12001, 1000, 2004, 'Data-URI Support', 'Browser supports URIs (images and other media base64 encoded, and embedded in HTML and CSS. Detect by http://weston.ruter.net/2009/05/07/detecting-support-for-data-uris/', 0, '10', 0),
(1355, 'microdata', 12001, 1000, 2005, 'Microdata Support', 'Support for microdata attributes, e.g. itemscope, itemprop, itemref, itemtype, itemid. http://html5doctor.com/microdata/ Deprecated, removed from HTML5 spec. Replaced by RDFa Lite.', 0, '10', 0),
(1356, 'applicationcache', 12001, 1000, 2005, 'Application Cache Manifest Support', 'HTML5 application cache manifest support, tells browser which files to download to run without network connection. JS API is window.applicationcache', 0, '10', 0),
(1357, 'flash', 12003, 1000, 2016, 'Flash (Adobe) Support', 'Support for Adobe Flash Plugin.MIME type: ''application/x-shockwave-flash''  ''ShockwaveFlash.ShockwaveFlash.1'' Return a version number.', 0, '10', 0),
(1358, 'quicktime', 12003, 1000, 2016, 'Apple QuickTime', 'Support for Apple QuickTime Plugin.MIME type: ''video/quicktime''  ''QuickTime.QuickTime''. Return a version number.', 0, '10', 0),
(1359, 'inputsearch', 12001, 1000, 2015, 'INPUT type search Support', 'HTML5 form input=search support', 0, '10', 0),
(1360, 'inputtel', 12001, 1000, 2015, 'INPUT type tel Support', 'Support for HTML5 input  type=tel attribute (telephone number)', 0, '10', 0),
(1361, 'inputurl', 12001, 1000, 2015, 'INPUT type url Support', 'Support for HTML5 input type=url attribute (web address)', 0, '10', 0),
(1362, 'inputemail', 12001, 1000, 2015, 'INPUT type email Support', 'Support for HTML5 input type=email attribute', 0, '10', 0),
(1363, 'inputdate', 12001, 1000, 2015, 'INPUT type date', 'Support for HTML5 input type=date attribute, no timezone', 0, '10', 0),
(1364, 'inputdatetimelocal', 12001, 1000, 2015, 'INPUT datetime-local', 'Support for datatime-local, with time zone', 0, '10', 0),
(1365, 'inputcolor', 12001, 1000, 2015, 'INPUT color Support', 'Support for HTML5 input color control', 0, '10', 0),
(1366, 'inputtime', 12001, 1000, 2015, 'INPUT type time', 'supports form field for time.', 0, '10', 0),
(1367, 'inputdatetime', 12001, 1000, 2015, 'INPUT type datetime', 'Support for input type=datetime, no timezone', 0, '10', 0),
(1368, 'inputnumber', 12001, 1000, 2015, 'INPUT type number Support', 'Support for input type=number', 0, '10', 0),
(1369, 'inputpattern', 12001, 1000, 2015, 'INPUT type pattern (Regex) Support', 'Support for input type=pattern (regex)', 0, '10', 0),
(1370, 'inputfilemultiple', 12001, 1000, 2015, 'INPUT type file (Multiple) Support', 'Support for multiple file uploads in HTML5 form', 0, '10', 0),
(1371, 'inputrange', 12001, 1000, 2015, 'INPUT type range Support', 'Support for input type=range of values', 0, '10', 0),
(1372, 'inputmax', 12001, 1000, 2015, 'INPUT type range max Support', 'Support for ''max'' attribute in input type=range control', 0, '10', 0),
(1373, 'inputmin', 12001, 1000, 2015, 'INPUT type range min Support', 'Support for ''min'' attribute in input type=range control', 0, '10', 0),
(1374, 'inputstep', 12001, 1000, 2015, 'INPUT type range step Support', 'Support for ''step'' attribute in input type=range control', 0, '10', 0),
(1375, 'inputplaceholder', 12001, 1000, 2015, 'INPUT placeholder Support', 'Support for HTML5 input placeholder= attribute', 0, '10', 0),
(1376, 'inputautocomplete', 12001, 1000, 2015, 'INPUT autocomplete', 'Support for HTML5 input autocomplete attribute', 0, '10', 0),
(1377, 'inputautofocus', 12001, 1000, 2015, 'INPUT autofocus Support', 'Support for HTML5 input autofocus attribute', 0, '10', 0),
(1378, 'inputrequired', 12001, 1000, 2015, 'INPUT required Support', 'Support for HTML5 input required attribute', 0, '10', 0),
(1379, 'inputdatalist', 12001, 1000, 2027, 'DATALIST Tag Support', 'Support for datalist tag forming input into a combobox, defines a list of <option> tags for an <input> field.', 0, '10', 0),
(1380, 'css', 12001, 1000, 2006, 'CSS Support', 'Support for (nearly all) basic CSS1 support', 0, '10', 0),
(1381, 'css2', 12001, 1000, 2017, 'CSS2 Support', 'Support for (nearly all) CSS 2.1 styles', 0, '10', 0),
(1382, 'css3', 12001, 1000, 2018, 'CSS3 Support', 'Support for (nearly all) CSS3 styles', 0, '10', 0),
(1383, 'mediaqueries', 12001, 1000, 2017, '@media', 'Support for CSS2 Media Queries', 0, '10', 0),
(1384, 'featurequeries', 12001, 1000, 2018, '@feature', 'Support for CSS Feature Queries', 0, '10', 0),
(1385, 'fontface', 12001, 1000, 2018, '@font-face', 'Support for Font-Face  in CSS3.', 0, '10', 0),
(1386, 'eot', 12001, 1000, 2023, 'EOT (Embedded OpenType) Support', 'Support for font-feature Embedded OpenType properties (format specific to Microsoft) in CSS3', 0, '10', 0),
(1387, 'ttf', 12001, 1000, 2023, 'TTF (TrueType) Font Support', 'support for TrueType fonts', 0, '10', 0),
(1388, 'woff', 12001, 1000, 2023, 'WOFF (Web Open Font Format)', 'Web OpenFont Format (WOFF) Support', 0, '10', 0),
(1389, 'svg', 12001, 1000, 2018, 'font:SVG Support', 'CSS3 Support for using SVG graphics in @font-face', 0, '10', 0),
(1390, 'base64', 12001, 1000, 2018, 'background-image (base64)', 'Support for Base64 inline data for background CSS images', 0, '10', 0),
(1391, 'svg', 12001, 1000, 2018, 'background-image (SVG)', 'Support for SVG graphics as background CSS images', 0, '10', 0),
(1392, 'canvasbkgnd', 12001, 1000, 2018, 'background-image (canvas)', 'Support for HTML5 Canvas tag as background CSS Image', 0, '10', 0),
(1393, 'backgroundimagemultiple', 12001, 1000, 2018, 'background-image (multiple)', 'Support for multiple background images in a CSS element via url(1), url(2)...', 0, '10', 0),
(1394, 'backgroundclip', 12001, 1000, 2018, 'background-clip', 'CSS3 background-clip: (border-box, padding-box, content-box, no-clip) support for background clipping', 0, '10', 0),
(1395, 'backgroundorigin', 12001, 1000, 2018, 'background-origin', 'CSS3 background-origin: (border-box, padding-box, content-box) position background relative to border, padding, or content box', 0, '10', 0),
(1396, 'backgroundsize', 12001, 1000, 2018, 'background-size', 'CSS3 background-size: (width, height) specify size of background images', 0, '10', 0),
(1397, 'borderimage', 12001, 1000, 2018, 'border-image', 'CSS3 border-image: (url() length, length, style) use an image as the border', 0, '10', 0),
(1398, 'borderradius', 12001, 1000, 2018, 'border-radius', 'CSS3 border-radius:(length, length, for each corner) support for rounded corners', 0, '10', 0),
(1399, 'boxsizing', 12001, 1000, 2018, 'box-sizing', 'CSS3 box-sizing: (content-box, padding-box, border-box, margin-box) changes method used to calculate width and height of a box', 0, '10', 0),
(1400, 'hsla', 12001, 1000, 2018, 'color:hsla', 'Support for HSLA color', 0, '10', 0),
(1401, 'calc', 12001, 1000, 2018, 'property:calc()', 'Support for calculations in CSS', 0, '10', 0),
(1402, 'animation', 12001, 1000, 2018, 'animation', 'CSS3 keyframe animation', 0, '10', 0),
(1403, 'boxshadow', 12001, 1000, 2018, 'box-shadow', 'CSS3 box-shadow:(none,shadow) attaches one or more drop-shadows to a box', 0, '10', 0),
(1404, 'counter', 12001, 1000, 2017, 'counter-increment', 'CSS3 counter-increment support', 0, '10', 0),
(1405, 'filterdirectx', 12001, 1000, 2017, 'filter:directx', 'Support for IE directX filters as CSS properties', 0, '10', 0),
(1406, 'boxflex', 12001, 1000, 2018, 'box-flex', 'CSS3 box-flex:(number) specify how a box grows in its containing element, in direction set by box-direction', 0, '10', 0),
(1407, 'fixed', 12001, 1000, 2017, 'position:fixed', 'CSS2 position:fixed support for fixed positioning', 0, '10', 0),
(1409, 'gradient', 12001, 1000, 2018, 'gradient', 'CSS3 gradients', 0, '10', 0),
(1410, 'gridcolumns', 12001, 1000, 2018, 'grid-columns', 'Support for CSS3 grid-column', 0, '10', 0),
(1411, 'hypenation', 12001, 1000, 2018, 'hypenate-before', 'CSS3 hyphenate-before, hyphenate-after,', 0, '10', 0),
(1412, 'max', 12001, 1000, 2017, 'max-width', 'CSS2 max=width support, connect to min support', 0, '10', 0),
(1413, 'minwidth', 12001, 1000, 2017, 'min-width', 'CSS2 support for min-width', 0, '10', 0),
(1414, 'objectfit', 12001, 1000, 2018, 'object-fit', 'CSS3 object-fit support', 0, '10', 0),
(1415, 'opacity', 12001, 1000, 2018, 'opacity', 'CSS3 opacity Support', 0, '10', 0),
(1416, 'boxreflect', 12001, 1000, 2018, 'box-reflect', 'CSS3 box-reflect support, webkit-specific', 0, '10', 0),
(1417, 'rgba', 12001, 1000, 2018, 'color:rgba Support', 'CSS3 RGBA Support', 0, '10', 0),
(1418, 'flowinto', 12001, 1000, 2018, 'flow-into', 'CSS3 Region flow-into', 0, '10', 0),
(1419, 'repeatinglineargradient', 12001, 1000, 2018, 'repeating-linear-gradient', 'CSS3 repeating-linear-gradient Support', 0, '10', 0),
(1420, 'repeatingradialgradient', 12001, 1000, 2018, 'repeating-radial-gradient', 'CSS3 repeating radial gradients', 0, '10', 0),
(1421, 'resize', 12001, 1000, 2018, 'resize', 'CSS3 resize property, specify if element is resizable by the user', 0, '10', 0),
(1422, 'cssselectors2', 12001, 1000, 2017, 'CSS2 Selector Support', 'CSS2 Selectors', 0, '10', 0),
(1423, 'cssselectors3', 12001, 1000, 2018, 'CSS3 Selectors', 'CSS3 Selectors', 0, '10', 0),
(1424, 'stylescoped', 12001, 1000, 2005, 'STYLE Tag Scoped Support', 'CSS3 Style Tag Scoped Support', 0, '10', 0),
(1425, 'textshadow', 12001, 1000, 2018, 'text-shadow', 'CSS3 text-shadow support', 0, '10', 0),
(1426, 'textstroke', 12001, 1000, 2018, 'text-stroke', 'CSS3 text-stroke', 0, '10', 0),
(1427, 'textoverflow', 12001, 1000, 2018, 'text-overflow:ellipsis', 'CSS3 overflow ellipsis support', 0, '10', 0),
(1428, 'transition', 12001, 1000, 2018, 'transitions', 'CSS3 transitions general Support', 0, '10', 0),
(1429, 'inlineblock', 12001, 1000, 2017, 'inline-block', 'CSS inline-block support', 0, '10', 0),
(1430, 'columncount', 12001, 1000, 2018, 'column-count', 'CSS3 column-count: (int, auto) idea number of columns to break content into', 0, '10', 0),
(1431, 'rem', 12001, 1000, 2018, 'units:rem', 'CSS3 rem unit support', 0, '10', 0),
(1432, 'transforms2d', 12001, 1000, 2018, 'transforms', 'CSS3 transforms (2d)', 0, '10', 0),
(1433, 'cssviewportunits', 12001, 1000, 2018, 'units:viewport', 'CSS3 Viewport Unit Support, vw, vh, vmin, vmax', 0, '10', 0),
(1434, 'wordbreak', 12001, 1000, 2018, 'word-break', 'CSS3 word-break Support', 0, '10', 0),
(1435, 'wordwrap', 12001, 1000, 2018, 'word-wrap', 'CSS3 word-wrap', 0, '10', 0),
(1436, 'wrapflow', 12001, 1000, 2018, 'wrap-flow', 'CSS3 wrap-flow support', 0, '10', 0),
(1437, 'eventlistener', 12001, 1000, 2012, 'Element.addEventListener()', 'addEventListener support', 0, '10', 0),
(1438, 'eventsource', 12001, 1000, 2012, 'EventSource From Server', 'EventSource triggered from server (push), onmessage attribute to a JavaScript function, receive message.', 0, '10', 0),
(1439, 'hashchangeevent', 12001, 1000, 2044, 'HashChange Events Supported', 'Support for HashChange events', 0, '10', 0),
(1440, 'pointerevent', 12001, 1000, 2012, 'Events Pointer, CSS touch-action', 'CSS touch-action property, Pointer Events, disable some elements to mouse hover and click events', 0, '10', 0),
(1441, 'pointerlock', 12001, 1000, 2012, 'Pointer Lock Support', 'Pointer Lock Support', 0, '10', 0),
(1442, 'draganddrop', 12001, 1000, 2012, 'HTML5 Drag and Drop', 'HTML5 (not earlier IE) drag and drop support', 0, '10', 0),
(1443, 'touch', 12001, 1000, 2012, 'Event Touch Support', 'Touch events (pinch, swipe) supported', 0, '10', 0),
(1444, 'postmessage', 12001, 1000, 2012, 'PostMessage API', 'postMessage Support, otherWindow.postMessage(message, targetOrigin, [transfer]);', 0, '10', 0),
(1445, 'notification', 12001, 1000, 2012, 'Notification API', 'Notification Support', 0, '10', 0),
(1446, 'matchmedia', 12001, 1000, 2012, 'Window.matchMedia(Media Query)', 'matchMedia support, e.g. window.matchMedia("(min-width: 400px)").matches', 0, '10', 0),
(1447, 'blobbuilder', 12001, 1000, 2012, 'BLOB Builder API', 'BLOB Builder Support', 0, '10', 0),
(1448, 'bloburl', 12001, 1000, 2012, 'BLOB URL API', 'BLOG URL Support', 0, '10', 0),
(1449, 'getcomputedstyle', 12001, 1000, 2012, 'Element.getComputedStyle API', 'getComputedStyle() support', 0, '10', 0),
(1450, 'canvasdataurljpeg', 12001, 1000, 2012, 'Canvas Save To URL (JPEG)', 'canvas.toDataURL()', 0, '10', 0),
(1451, 'canvasdataurlwebp', 12001, 1000, 2012, 'Canvas Save To URL (WebP)', 'Canvas .toDataURL() for WebP images', 0, '10', 0),
(1452, 'canvastext', 12001, 1000, 2012, 'Canvas Text API', '.fillText() .strokeText()', 0, '10', 0),
(1453, 'emojicanvas', 12001, 1000, 2012, 'Emoji Support in Canvas', 'Emoji Image API', 0, '10', 0),
(1454, 'geolocation', 12001, 1000, 2012, 'Geolocation API', 'geolocation .getCurrentPosition()', 0, '10', 0),
(1455, 'speechinput', 12001, 1000, 2012, 'Speech Recognition API', 'Speech recognition support.', 0, '10', 0),
(1456, 'battery', 12001, 1000, 2012, 'Battery API', 'Battery API, low battery, navigator.battery()', 0, '10', 0),
(1457, 'devicemotion', 12001, 1000, 2044, 'devicemotion', 'detect device movement from a motion sensor.', 0, '10', 0),
(1458, 'connection', 12001, 1000, 2012, 'Network Information API', 'navigator.connection (low bandwidth), e.g. navigator.connection.bandwidth', 0, '10', 0),
(1459, 'getusermedia', 12001, 1000, 2012, 'GetUserMedia (Webcam) API', 'webcam audio and video streams. navigator.getUserMedia()', 0, '10', 0),
(1460, 'navtiming', 12001, 1000, 2012, 'Navigation Timing API', 'PerformanceTiming API, navigation timing, window.performance.navigation,  var page_load_time = now - performance.timing.navigationStart;', 0, '10', 0),
(1461, 'gamepad', 12001, 1000, 2012, 'Gamepad API', 'gamepad input support', 0, '10', 0),
(1462, 'testfeature', 12001, 1000, 2012, 'testFeature() API', 'Support for testFeature (not very useful)', 0, '10', 0),
(1463, 'fullscreen', 12001, 1000, 2012, 'Fullscreen API Support', 'fullscreen support', 0, '10', 0);
INSERT INTO `properties` (`id`, `name`, `datatype_id`, `source_id`, `component_id`, `title`, `description`, `component_lock`, `exe_lock_priority`, `exe_lock`) VALUES
(1464, 'json', 12001, 1000, 2012, 'JSON Support', 'JSON support. Note that JSON support is buggy in some browsers, so it may be useful to define a polyfill like JSON3 that tests if browser has fully compliant JSON.Firefox 3.5 , Chrome 4.0 , Safari 4.0 , Opera 10.5 , Internet Explorer 8.0 ', 0, '3', 1),
(1465, 'queryselector', 12001, 1000, 2012, 'Element.querySelector()', 'CSS selector query of DOM Tree. Query Selector support, Element.querySelector,', 0, '10', 0),
(1467, 'getelementsbyclassname', 12001, 1000, 2012, 'Element.getElementsByClassName()', 'getElementsByClassName() support', 0, '10', 0),
(1468, 'getelementbyid', 12001, 1000, 2012, 'Element.getElementById()', 'getElementById Support', 0, '10', 0),
(1469, 'classlist', 12001, 1000, 2012, 'Element.classList()', 'classList.add(), classList.remove(), classList.toggle() Support', 0, '10', 0),
(1470, 'xhr', 12001, 1000, 2012, 'XHR (XMLHttpRequest 1) Support', 'XHR ajax 1 support', 0, '10', 0),
(1471, 'xhr2', 12001, 1000, 2012, 'XHR2 (XMLHttpRequest2) API', 'XHR ajax 2 support', 0, '10', 0),
(1472, 'cors', 12001, 1000, 2012, 'CORS Support', 'CORS (Cross Origin Resource Sharing) support in XMLHttpRequest calls', 0, '10', 0),
(1473, 'pagevisibility', 12001, 1000, 2012, 'Page Visibility API', 'Page Visibility API', 0, '10', 0),
(1474, 'contenteditable', 12001, 1000, 2012, 'HTML Editing API', 'edit HTML API', 0, '10', 0),
(1475, 'history', 12001, 1000, 2012, 'History API Support', 'history api support', 0, '10', 0),
(1476, 'websockets', 12001, 1000, 2012, 'WebSockets API', 'websockets API', 0, '10', 0),
(1477, 'peerconnection', 12001, 1000, 2012, 'Peer to Peer Connection API', 'peer to peer connection support', 0, '10', 0),
(1478, 'webworkers', 12001, 1000, 2012, 'WebWorkers API', 'Webworkers support', 0, '10', 0),
(1479, 'sharedworkers', 12001, 1000, 2012, 'WebWorkers Shared API', 'WebWorkers shared', 0, '10', 0),
(1480, 'webgl', 12001, 1000, 2012, 'WebGL API', 'WebGL Support', 0, '10', 0),
(1482, 'fileapi', 12001, 1000, 2012, 'File API', 'fileAPI support', 0, '10', 0),
(1483, 'filereader', 12001, 1001, 2012, 'FileReader() Support', 'filereader support', 0, '10', 0),
(1484, 'filewriter', 12001, 1000, 2012, 'FileWriter API', 'fileWriter support', 0, '10', 0),
(1485, 'localstorage', 12001, 1000, 2012, 'Storage localStorage API', 'localstorage support. To check capacity of old browsers, use http://arty.name/localstorage.html', 0, '4', 1),
(1486, 'sessionstorage', 12001, 1000, 2012, 'Storage sessionStorage API', 'sessionstorage support', 0, '10', 0),
(1487, 'indexeddb', 12001, 1000, 2012, 'IndexedDB Support', 'IndexedDB Support', 0, '10', 0),
(1488, 'websqldatabase', 12001, 1000, 2012, 'WebSQL Database API', 'WebSQL Database Support', 0, '10', 0),
(1489, 'scriptasync', 12001, 1000, 2005, 'SCRIPT async Support', 'script async support, modern W3C support for <script async src=something..., not <script async=true...', 0, '10', 0),
(1490, 'scriptdefer', 12001, 1000, 2005, 'SCRIPT defer Support', 'script defer=xxx attribute Support', 0, '10', 0),
(1491, 'windowevent', 12001, 1000, 2012, 'Event window.event (IE)', 'window.event support (older versions of Internet Explorer)', 0, '10', 0),
(1493, 'dom0', 12001, 1000, 2040, 'DOM0 Support', 'DOM0 Support. Not a real standard, but JS provides access to images and forms. Originally implemented by Netscape 3.x and IE 3.x. Browsers not supporting document.images or document.forms fail the test', 0, '2', 1),
(1494, 'dom1', 12001, 1000, 2040, 'DOM1 Support', 'DOM1 Level 1 Support. This is not an exhaustive property test, but a test of core features including getElementById and createElement.', 0, '10', 0),
(1495, 'dom2', 12001, 1000, 2040, 'DOM2 Support', 'DOM Level 2 Core Support. Defined by document.implementation.', 0, '10', 0),
(1496, 'dom3', 12001, 1000, 2040, 'DOM3 Support', 'DOM3 Support', 0, '10', 0),
(1497, 'ecmastrict', 12001, 1000, 2013, 'ECMAScript strict mode', 'strict mode supported in JavaScript programs. CANNOT test inside a JS object, must create function in global context and test there. http://www.uize.com/guides/javascript-strict-mode.html', 0, '10', 0),
(1498, 'acid2', 12001, 1000, 2008, 'Acid2 Test', 'Acid2 Test, can only come from server side. At http://acid2.acidtests.org/', 0, '10', 0),
(1499, 'acid3', 12003, 1000, 2008, 'Acid3 Test', 'Acid3 Test, can only come from server side. http://acid3.acidtests.org/', 0, '10', 0),
(1500, 'html5test', 12003, 1000, 2008, 'HTML5 Test', 'html5 compatibility test at http://html5test.com/', 0, '10', 0),
(1502, 'test262', 12003, 1000, 2008, 'ECMAScript262 Test', 'ECMAScript test suite, very extensive. http://test262.ecmascript.org/', 0, '10', 0),
(1503, 'picture', 12001, 1000, 2027, 'PICTURE Tag Support', '<picture> support, with child <source>', 0, '10', 0),
(1504, 'template', 12001, 1000, 2027, 'TEMPLATE tag support', 'Support for template tag.', 0, '10', 0),
(1505, 'trycatch', 12001, 1000, 2013, 'Try..Catch Support', 'Support for try...catch...throw...finally (not in early versions of JavaScript before 1.4) JS 1.5 adds the Error class. Netscape 4 and IE before 5.5 do not ECMAScript edition - 3JavaScript - 1.5 JScript - 5.0', 0, '1', 1),
(1506, 'gbpversion', 12000, 1000, 2009, 'GBP Version Number', 'Version Number for GBP release.', 0, '10', 0),
(1508, 'useserverdetect', 12001, 1000, 2009, 'Feature Detect on Server', 'Actively use server-side feature detection (query equivalent of Navigator object on server). Not just stuff on the server.', 0, '10', 0),
(1509, 'useclientdetect', 12001, 1000, 2009, 'Feature Detect on Client', 'Feature detection using JavaScript on client.', 0, '10', 0),
(1510, 'usecookies', 12001, 1000, 2009, 'Require Cookie Based Data Storage', 'Use HTML cookies to store GBP data, even if the Storage object is present in the browser.', 0, '10', 0),
(1511, 'uselocalstorage', 12001, 1000, 2009, 'Use localStorage API for GBP Data', 'Use LocalStorage to store feature detection results on client. If this is false, GBP doesn''t try to store anything on the client. Cookie-based browsers are included, since they load a Storage polyfill.', 0, '10', 0),
(1512, 'useheaderstorage', 12001, 1000, 2009, 'Use HTTP Headers to Store GBP Data', 'use HTTP headers to store GBP data, e.g. the Etag method used in ultra presistent cookies like EverCookie', 0, '10', 0),
(1513, 'returntoserver', 12001, 1000, 2009, 'Return GBP data to Server', 'Return client-side detects to server so it can update its database.', 0, '10', 0),
(1514, 'useuahash', 12000, 1000, 2009, 'Use UAHash', 'make a hash of the user-agent, store in localStorage or polyfill (cookie or window.name). useuahash is either the UA hash, or null.', 1, '10', 0),
(1515, 'vampirelibrary', 12001, 1000, 2009, 'Vampire GBP onto another Library', 'Inject GBP data into another library (e.g. Modernizr) or vampire data from another library into GBP.', 0, '10', 0),
(1516, 'agileworkflow', 12001, 1000, 2011, 'Agile Workflow Techniques', 'Design team uses agile design strategy instead of waterfall workflow in project development.', 0, '10', 0),
(1517, 'versionecma', 12001, 1000, 2013, 'Version of ECMAScript', 'Language version, e.g. ECMA 1, 2, 3, 4, 5, 6, 7. Can be used to predict JavaScript version http://en.wikipedia.org/wiki/Ecmascript', 0, '10', 0),
(1518, 'typedarrays', 12001, 1000, 2013, 'Typed Arrays Support', 'Support for typed arrays', 0, '10', 0),
(1585, 'conditionalcomments', 12001, 1000, 2005, 'Conditional Comments (IE)', 'Internet Explorer conditional comments, added in IE5, dropped in IE10', 0, '10', 0),
(1591, 'useragent', 12000, 1000, 2004, 'User-Agent', 'User agent for a specific browser version. Transcoded requests may have original ua in HTTP_X_DEVICE_USER_AGENT.', 0, '10', 0),
(1592, 'deviceversion', 12000, 1000, 2003, 'Device Version', 'Version of device hardware', 0, '10', 0),
(1593, 'searchgroup', 12000, 1000, 2004, 'Browser Search Group', 'Ancient, Edge, Modern, Future LOCKED. Detect on server via user-agent, on client by current year or other data.', 1, '10', 0),
(1594, 'versionname', 12000, 1000, 2004, 'Browser Version Common Name', 'Common name of a particular browser version', 1, '10', 0),
(1595, 'javascript', 12001, 1000, 2012, 'JavaScript Support', 'Support for JavaScript in the browser.', 0, '10', 0),
(1596, 'javascriptengine', 12000, 1000, 2004, 'JavaScript Engine Common Name', 'JavaScript engine used by browser', 0, '10', 0),
(1597, 'javascriptengineversion', 12000, 1000, 2004, 'JavaScript Engine Version', 'Version number for JavaScript Engine', 0, '10', 0),
(1602, 'memleak', 12000, 1000, 2004, 'Browser has Memory Leaks', 'Memory leaky when trying to manipulate DOM with JavaScript', 0, '10', 0),
(1603, 'uaregex', 12000, 1000, 2004, 'User-Agent Regex', 'tight regex matching a particular browser version, as defined in our db. NOTE: including this in a cookie-based browser (IE6) may cause errors!', 0, '10', 0),
(1604, 'oggopus', 12001, 1000, 2020, 'Audio Ogg Opus', 'Ogg Opus audio support. Adjustable bitrates trade off delay for low latency. http://en.wikipedia.org/wiki/Opus_(audio_format)', 0, '10', 0),
(1605, 'audioapi', 12001, 1000, 2012, 'Audio Web Audio API', 'JavaScript API for processing and synthesizing audio tracks in web applications.', 0, '10', 0),
(1606, 'versionjavascript', 12003, 1000, 2012, 'JavaScript Version', 'JavaScript was defined before ECMAScript http://en.wikipedia.org/wiki/Ecmascript and https://developer.mozilla.org/en-US/docs/Web/JavaScript/Guide/JavaScript_Overviewhttp://bclary.com/2004/08/27/javascript-version-incompatibilities', 0, '10', 0),
(1607, 'jsonpolyfill', 12001, 1000, 2009, 'Polyfill JSON used', 'JSON polyfill used on client. Since GBP requires JSON, this is a special property of the GBP object.', 1, '10', 0),
(1608, 'storagepolyfill', 12001, 1000, 2009, 'Polyfill Storage used', 'Since GBP requires some sort of client-side storage (native Storage or polyfill), this is a special property of the GBP object.', 1, '10', 0),
(1609, 'overrideclient', 12001, 1000, 2009, 'Override Client-Side object', 'Override the client-side GBP object, and use a (new) server-side GBP instead. This has to be done if the set of features is different for different pages on the same domain.', 0, '10', 0),
(1611, 'ancient', 12001, 1000, 2004, 'Browser is Ancient', 'Browsers from 1992 to 2000, typically no CSS and DOM0 JavaScript', 0, '10', 0),
(1612, 'future', 12001, 1000, 2004, 'Browser is Future (not in DB)', 'Browser is a version more recent than anything in our database. This includes beta releases.', 0, '10', 0),
(1613, 'director', 12003, 1000, 2016, 'Macromedia Director', 'Extinct shockwave Director.MIME type: application/x-director. Return a version number.', 0, '10', 0),
(1614, 'realplayer', 12003, 1000, 2016, 'RealPlayer', 'RealPlayer audio and video:MIME type: audio/x-pn-realaudio-plugin  x-pn-realaudio. Return a version number.', 0, '10', 0),
(1615, 'acrobat', 12003, 1000, 2016, 'Adobe Acrobat Reader', 'Adobe Acrobat reader plugin MIME type: ''application/pdf'' ''AcroPDF.PDF''. Return a version number.', 0, '10', 0),
(1616, 'windowsmedia', 12003, 1000, 2016, 'Windows Media Player', 'Windows Media PlayerMIME type: application/x-ms-wmp. Return a version number.', 0, '10', 0),
(1617, 'java', 12001, 1000, 2016, 'Oracle Java', 'Java enabled in browser.navigator.javaEnabled()', 0, '10', 0),
(1618, 'silverlight', 12003, 1000, 2016, 'Microsoft Silverlight', 'Microsoft silverlight: MIME type: ''application/x-silverlight-2''  ''AgControl.AgControl''. Return a version number.', 0, '10', 0),
(1619, 'activex', 12001, 1000, 2004, 'ActiveX Support', 'Browser (win or opera) supports ActiveX.', 0, '10', 0),
(1620, 'base64', 12000, 1000, 2012, 'Base64 encode and decode', 'Base 64 encode and decode, btoa() and atob()', 0, '10', 0),
(1621, 'orientationevent', 12000, 1000, 2012, 'Event DeviceOrientationEvent', 'event raised when physical orientation of the device running the web page is changed.', 0, '10', 0),
(1622, 'requestanimationframe', 12000, 1000, 2012, 'RequestAnimationFrame API', 'RequestAnimationFrame API', 0, '10', 0),
(1623, 'vibrate', 12001, 1000, 2012, 'Vibrate API', 'window.navigator.vibrate()', 0, '10', 0),
(1624, 'captions', 12001, 1000, 2027, 'VIDEO CAPTIONS Tag Support', 'support for HTML5 video captions, makes the video accessible.', 0, '10', 0),
(1625, 'poster', 12001, 1000, 2027, 'VIDEO POSTER Tag Support', 'Specifies an image to be shown while the video is downloading, or until the user hits the play button. If not included, the first frame of the video is used.', 0, '10', 0),
(1626, 'track', 12001, 1000, 2027, 'VIDEO TRACK Tag Support', 'Standardized way to add subtitles, captions, screen reader descriptions and chapters to video and audio.', 0, '10', 0),
(1628, 'donottrack', 12001, 1000, 2024, 'DNT DoNotTrack Support', 'browser has navigator.doNotTrack, set on the client side only by the user. Check HTTP_DNT in headers on server.', 0, '10', 0),
(1629, 'httpdnt', 12003, 1000, 2024, 'Header Do Not Track (DNT)', 'Server to client: browser MUST set to 1 if navigator.doNotTrack is set. DNT: 1 (Do Not Track Enabled) DNT: 0 (Do Not Track Disabled)', 0, '10', 0),
(1630, 'overflowx', 12001, 1000, 2018, 'overflow-x', 'clip the left/right edges of the content if it overflows the element''s content area.', 0, '10', 0),
(1631, 'overflowy', 12001, 1000, 2018, 'overflow-y', 'overflow-y property,clip the top/bottom edges of the content, if it overflows the element''s content area', 0, '10', 0),
(1632, 'fontfamily', 12001, 1000, 2006, 'font-family', 'CSS1 font-family support', 0, '10', 0),
(1633, 'fontstyle', 12001, 1000, 2006, 'font-style', 'CSS1 font-style property, normal, italic, oblique', 0, '10', 0),
(1634, 'fontvariant', 12001, 1000, 2006, 'font-variant', 'CSS1 font-variant: (normal, small-caps)', 0, '10', 0),
(1635, 'fontweight', 12001, 1000, 2006, 'font-weight', 'CSS1 font-weight, normal, bold, bolder, lighter, 100-900', 0, '10', 0),
(1636, 'fontsize', 12001, 1000, 2006, 'font-size', 'CSS1 font-size, absolute or relative percentage', 0, '10', 0),
(1637, 'font', 12001, 1000, 2006, 'font', 'CSS1 font, only some properties: variant, font-weight, font-size, line', 0, '10', 0),
(1638, 'backgroundcolor', 12001, 1000, 2006, 'background-color', 'CSS1 background color, or transparent', 0, '10', 0),
(1639, 'backgroundimage', 12001, 1000, 2006, 'background-image', 'background-image CSS1 (single image)', 0, '10', 0),
(1640, 'backgroundrepeat', 12001, 1000, 2006, 'background-repeat', 'CSS1 background-repeat', 0, '10', 0),
(1641, 'backgroundattachment', 12001, 1000, 2006, 'background-attachment', 'CSS1 background-attachment: (scroll, fixed)', 0, '10', 0),
(1642, 'background', 12001, 1000, 2017, 'background', 'background in CSS2 combines color, image, repeat, attachment. CSS1 has background-color, background-image', 0, '10', 0),
(1643, 'wordspacing', 12001, 1000, 2006, 'word-spacing', 'CSS1 control spacing between words', 0, '10', 0),
(1644, 'letterspacing', 12001, 1000, 2006, 'letter-spacing', 'CSS1 letter-spacing', 0, '10', 0),
(1645, 'textdecoration', 12001, 1000, 2006, 'text-decoration', 'CSS2 text-decoration: (none, underline, overline, line-through, blink)', 0, '10', 0),
(1646, 'verticalalign', 12001, 1000, 2006, 'vertical-align', 'CSS1 vertical-align (baseline, sub, super, top, text-top, middle, bottom, text-bottom, percent)', 0, '10', 0),
(1647, 'texttransform', 12001, 1000, 2006, 'text-transform', 'CSS1 capitalize, uppercase, lowercase, none', 0, '10', 0),
(1648, 'textalign', 12001, 1000, 2017, 'text-align', 'CSS1 text-align (left, right, center, justify)', 0, '10', 0),
(1649, 'textindent', 12001, 1000, 2006, 'text-indent', 'CSS1 text-indent: (length, percentage)', 0, '10', 0),
(1650, 'lineheight', 12001, 1000, 2006, 'line-height', 'CSS1 line-height: (normal, number, length, percentage)', 0, '10', 0),
(1651, 'margintop', 12001, 1000, 2006, 'margin-top', 'CSS1 margin-top (length, percent, auto)', 0, '10', 0),
(1652, 'marginright', 12001, 1000, 2006, 'margin-right', 'CSS1 margin-right (length, percentage, auto)', 0, '10', 0),
(1653, 'marginbottom', 12001, 1000, 2006, 'margin-bottom', 'CSS1 margin-bottom (length, percent, auto)', 0, '10', 0),
(1654, 'marginleft', 12001, 1000, 2006, 'margin-left', 'CSS1 margin-left: (length, percent, auto)', 0, '10', 0),
(1655, 'margin', 12001, 1000, 2006, 'margin', 'CSS1 margin (length, percentage, auto) TRBL', 0, '10', 0),
(1656, 'paddingtop', 12001, 1000, 2006, 'padding-top', 'CSS1 padding-top: (length, percent)', 0, '10', 0),
(1657, 'paddingright', 12001, 1000, 2006, 'padding-right', 'CSS1 padding-right: (length, percent)', 0, '10', 0),
(1658, 'paddingbottom', 12001, 1000, 2006, 'padding-bottom', 'CSS1 padding-bottom:(length, percent)', 0, '10', 0),
(1659, 'paddingleft', 12001, 1000, 2006, 'padding-left', 'CSS1 padding-left: (length, percent)', 0, '10', 0),
(1660, 'padding', 12001, 1000, 2006, 'padding', 'CSS1 padding (length, percent) TRBL', 0, '10', 0),
(1661, 'bordertopwidth', 12001, 1000, 2006, 'border-top-width', 'CSS1 border-top-width (thin, medium, thick, length)', 0, '10', 0),
(1662, 'borderrightwidth', 12001, 1000, 2006, 'border-right-width', 'CSS1 border-right-width: (think, medium, thick, length)', 0, '10', 0),
(1663, 'borderbottomwidth', 12001, 1000, 2006, 'border-bottom-width', 'CSS1 border-bottom-width', 0, '10', 0),
(1664, 'borderleftwidth', 12001, 1000, 2017, 'border-left-width', 'CSS2 border-left-width: (thin, medium, thick, length)', 0, '10', 0),
(1665, 'borderwidth', 12001, 1000, 2006, 'border-width', 'CSS1 border-width (thin,thick,medium, length)', 0, '10', 0),
(1666, 'bordercolor', 12001, 1000, 2006, 'border-color', 'CSS1 border-color: (color) TRBL', 0, '10', 0),
(1667, 'borderstyle', 12001, 1000, 2006, 'border-style', 'CSS1 border-style: (none, dotted, dashed, solid, double, groove, ridge, inset, outset)', 0, '10', 0),
(1668, 'bordertop', 12001, 1000, 2006, 'border-top', 'CSS1 border-top (width, style, color)', 0, '10', 0),
(1669, 'borderleft', 12001, 1000, 2006, 'border-left', 'CSS1 border-left (width, style, color)', 0, '10', 0),
(1670, 'borderbottom', 12001, 1000, 2006, 'border-bottom', 'CSS1 border-bottom: (width, style, color)', 0, '10', 0),
(1671, 'borderright', 12001, 1000, 2006, 'border-right', 'CSS1 border-right: (width, style, color)', 0, '10', 0),
(1672, 'border', 12001, 1000, 2006, 'border', 'CSS1 border combined (width, style, color)', 0, '10', 0),
(1673, 'width', 12001, 1000, 2006, 'width', 'CSS1 width (length, percentage, auto)', 0, '10', 0),
(1674, 'height', 12001, 1000, 2006, 'height', 'CSS1 height: (length, auto) no percent!', 0, '10', 0),
(1675, 'cssfloat', 12001, 1000, 2006, 'float', 'CSS1 float: (left, right, none)', 0, '10', 0),
(1676, 'clear', 12001, 1000, 2006, 'clear', 'CSS1 float clear: (none, left, right, both)', 0, '10', 0),
(1677, 'display', 12001, 1000, 2006, 'display', 'CSS1 display: (block, inline, list-item, none)', 0, '10', 0),
(1678, 'whitespace', 12001, 1000, 2006, 'white-space', 'CSS2 white-space: (normal, pre, nowrap)', 0, '10', 0),
(1679, 'liststyletype', 12001, 1000, 2006, 'list-style-type', 'CSS1 list-style-type: (disc, circle, square, decimal, lower-roman, upper-roman, lower-alpha, upper-alpha, none)', 0, '10', 0),
(1680, 'liststyleimage', 12001, 1000, 2006, 'list-style-image', 'CSS1 list-style-image: (url(), none)', 0, '10', 0),
(1681, 'liststyleposition', 12001, 1000, 2006, 'list-style-position', 'CSS1 list-style-position: (inside, outside)', 0, '10', 0),
(1682, 'liststyle', 12001, 1000, 2006, 'list-style', 'CSS1 list-style: (keyword, position, url())', 0, '10', 0),
(1683, 'top', 12001, 1000, 2017, 'top', 'CSS2 top: (length, percent, auto)', 0, '10', 0),
(1684, 'right', 12000, 1000, 2017, 'right', 'CSS2 right: (length, percent, auto)', 0, '10', 0),
(1685, 'bottom', 12001, 1000, 2017, 'bottom', 'CSS2 bottom: (length, percent, auto)', 0, '10', 0),
(1686, 'left', 12001, 1000, 2017, 'left', 'CSS2 left: (length, percent, auto)', 0, '10', 0),
(1687, 'clip', 12001, 1000, 2017, 'clip', 'CSS2 clip: (shape, auto)', 0, '10', 0),
(1688, 'overflow', 12001, 1000, 2017, 'overflow', 'CSS2 overflow: (none, clip, scroll)', 0, '10', 0),
(1689, 'zindex', 12001, 1000, 2017, 'z-index', 'CSS2 z-index: (auto, integer)', 0, '10', 0),
(1690, 'visibility', 12001, 1000, 2017, 'visibility', 'CSS2 visibility: (inherit, visible, hidden) NOT none', 0, '10', 0),
(1691, 'pagebreakbefore', 12001, 1000, 2017, 'page-break-before', 'CSS2 page-break-before: (auto, always ,left, right)', 0, '10', 0),
(1692, 'pagebreakafter', 12001, 1000, 2017, 'page-break-after', 'CSS2 page-break-after: (auto, always, left, right)', 0, '10', 0),
(1697, 'inherit', 12001, 1000, 2017, 'position:inherit', 'CSS2 property:inherit', 0, '10', 0),
(1698, 'counterreset', 12001, 1000, 2017, 'counter-reset', 'CSS2 counter-reset: (none, id, inherit)', 0, '10', 0),
(1699, 'quotes', 12001, 1000, 2017, 'quotes', 'CSS2 quotes: (none, string, inherit)', 0, '10', 0),
(1700, 'cssstatic', 12001, 1000, 2017, 'position:static', 'CSS2 position:static', 0, '10', 0),
(1701, 'absolute', 12001, 1000, 2017, 'position:absolute', 'CSS2 position:absolute', 0, '10', 0),
(1702, 'relative', 12001, 1000, 2017, 'position:relative', 'CSS2 position:relative', 0, '10', 0),
(1703, 'cursor', 12001, 1000, 2017, 'cursor', 'CSS2 cursor: (default, auto, crosshair, pointer, progress, wait, text, inherit)', 0, '10', 0),
(1704, 'pagebreakinside', 12001, 1000, 2017, 'page-break-inside', 'CSS2 page-break-inside: (auto, avoid, inherit)', 0, '10', 0),
(1705, 'widows', 12001, 1000, 2017, 'widows', 'CSS2 widows: () number of lines to leave prior to a page-break.', 0, '10', 0),
(1706, 'bordercollapse', 12001, 1000, 2017, 'border-collapse', 'CSS2 table border-collapse: (collapse, separate, inherit) specify if table cell borders collapse to one border, or remain separate like standard HTML', 0, '10', 0),
(1707, 'borderspacing', 12001, 1000, 2017, 'border-spacing', 'CSS2 table border-spacing: (length, inherit) distance between borders of adjacent table cells', 0, '10', 0),
(1708, 'captionside', 12000, 1000, 2017, 'caption-side', 'CSS2 caption-side: (top, bottom, inherit) placement of table caption', 0, '10', 0),
(1709, 'emptycells', 12001, 1000, 2017, 'empty-cells', 'CSS2 table empty-cells: (hide, show, inherit)', 0, '10', 0),
(1710, 'tablelayout', 12001, 1000, 2017, 'table-layout', 'CSS2 table-layout: (auto, fixed, inherit)', 0, '10', 0),
(1711, 'direction', 12000, 1000, 2017, 'direction', 'CSS2 direction: (rtl, ltr) text direction', 0, '10', 0),
(1712, 'backgroundposition', 12001, 1000, 2006, 'background-position', 'CSS1 background-position: (inherit, percent, left|center|right, top|center|bottom)', 0, '10', 0),
(1713, 'backgroundpositionx', 12000, 1000, 2006, 'background-position-x', 'CSS1 background-position-x: (percentage, length, left|center|right)', 0, '10', 0),
(1714, 'backgroundpositiony', 12001, 1000, 2006, 'background-position-y', 'CSS1 background-position-y: (percent top|center|bottom)', 0, '10', 0),
(1715, 'outline', 12000, 1000, 2017, 'outline', 'CSS2 outline: (inherit, color, style, width)', 0, '10', 0),
(1716, 'outlinecolor', 12000, 1000, 2017, 'outline-color', 'CSS2 outline-color: (inherit, invert, color)', 0, '10', 0),
(1717, 'outlinestyle', 12000, 1000, 2017, 'outline-style', 'CSS2 outline-style: (inherit, none, hidden, dotted, dashed, groove, ridge, inset, outside, inside)', 0, '10', 0),
(1718, 'outlinewidth', 12001, 1000, 2017, 'outline-width', 'CSS2 outline-width: (inherit, thin|medium|thick, length)', 0, '10', 0),
(1720, 'speakheader', 12001, 1000, 2017, 'speak-header', 'CSS2 speak-header: (once, always, inherit) in aural stylesheet, how often table headers are spoken relative to table cells.', 0, '10', 0),
(1721, 'azimuth', 12001, 1000, 2017, 'azimuth', 'CSS2 azimuth: (left-side, far-left, left,center-left, center, right, far-right, right-side, behind, leftwards, rightwards, inherit) defines apparent location of spoken sound in aural stylesheet', 0, '10', 0),
(1722, 'borderbottomcolor', 12001, 1000, 2017, 'border-bottom-color', 'CSS2 border-bottom-color: (color, transparent, inherit)', 0, '10', 0),
(1723, 'borderbottomstyle', 12000, 1000, 2017, 'border-bottom-style', 'CSS2 border-bottom-style: (none,hidden, dotted, dashed, solid, double, groove, ridge, inset, outset, inherit)', 0, '10', 0),
(1724, 'borderleftcolor', 12001, 1000, 2017, 'border-left-color', 'CSS2 border-left-color: (color, transparent, inherit)', 0, '10', 0),
(1725, 'borderleftstyle', 12000, 1000, 2017, 'border-left-style', 'CSS border-left-style: (none, hidden, dotted, dashed, solid,  double, groove, ridge, inset, outset, inherit)', 0, '10', 0),
(1726, 'borderrightcolor', 12001, 1000, 2017, 'border-right-color', 'CSS2 border-right-color: (color, transparent, inherit', 0, '10', 0),
(1727, 'borderrightstyle', 12000, 1000, 2017, 'border-right-style', 'css2 border-right-style: (none, hidden, dotted, dashed,  solid, double, groove, ridge, inset, outset, inherit)', 0, '10', 0),
(1728, 'bordertopcolor', 12001, 1000, 2017, 'border-top-color', 'CSS2 border-top-color: (color, transparent, inherit)', 0, '10', 0),
(1729, 'bordertopstyle', 12001, 1000, 2017, 'border-top-style', 'CSS2 border-top-style: (none, hidden, dotted, dashed, soliddouble, groove, ridge, inset, outset, inherit)', 0, '10', 0),
(1730, 'cue', 12001, 1000, 2017, 'cue', 'CSS2 cue: (none, URI, inherit) auditory icon played before or after a page element. http://www.cssportal.com/css-properties/cue.php', 0, '10', 0),
(1731, 'maxheight', 12000, 1000, 2017, 'max-height', 'CSS2 max-height: (none, length, percent, inherit)', 0, '10', 0),
(1732, 'minheight', 12001, 1000, 2017, 'min-height', 'CSS2 min-height: (length, percent, inherit)', 0, '10', 0),
(1733, 'orphans', 12001, 1000, 2017, 'orphans', 'CSS2 orphans:(integer, inherit) minimum number of lines to be displayed at the bottom of the page', 0, '10', 0),
(1734, 'pause', 12000, 1000, 2017, 'pause', 'css2 pause: (time, percent, inherit) aural stylesheet, delay after speaking content.', 0, '10', 0),
(1735, 'pauseafter', 12001, 1000, 2017, 'pause-after', 'CSS2 pause-after: (time, percent, inherit) aural stylesheet, pause after speaking element content', 0, '10', 0),
(1736, 'pausebefore', 12001, 1000, 2017, 'pause-before', 'CSS2 pause-before: (time, percent, inherit) aural stylesheet, pause observed before speaking element content', 0, '10', 0),
(1737, 'pitch', 12001, 1000, 2017, 'pitch', 'CSS2 pitch: ([frequency] Hz, x-low, low, medium, high, x-highinherit) aural stylesheet, pitch of spoken voice', 0, '10', 0),
(1738, 'pitchrange', 12001, 1000, 2017, 'pitch-range', 'CSS2 pitch-range (number 0-100), aural stylesheet, range of voice during speaking', 0, '10', 0),
(1739, 'playduring', 12001, 1000, 2017, 'play-during', 'CSS2 play-during: (none, auto, URI, mix, repeat, inherit) aural stylesheet, background music or sound played while element is read', 0, '10', 0),
(1740, 'richness', 12001, 1000, 2017, 'richness', 'CSS2 richness (number 0-100), aural stylesheet', 0, '10', 0),
(1741, 'speak', 12001, 1000, 2017, 'speak', 'CSS2 speak: (none, normal, spell-out, inherit) aural stylesheets', 0, '10', 0),
(1742, 'speaknumeral', 12001, 1000, 2017, 'speak-numeral', 'CSS2 speak-numeral: (digits, continuous, inherit)', 0, '10', 0),
(1743, 'speakpunctuation', 12001, 1000, 2017, 'speak-punctuation', 'CSS2 speak-punctuation: (code [is spoken], punctuation [implied by pause], inherit)', 0, '10', 0),
(1744, 'speechrate', 12000, 1000, 2017, 'speech-rate', 'CSS2 speech-rate ([number words per minute], (x-slow [80 words per minute], slow - [120 words per minute], medium [18- 200 words per minute], fast [300 words per minute], x-fast [500 words per minute], faster - [adds 40 words per minute], slower [subtracts 40 words per minute)inherit]', 0, '10', 0),
(1745, 'stress', 12001, 1000, 2017, 'stress', 'CSS2 stress: (number [Between 0 and 100], inherit) aural stylesheet, height of local peaks in voice pitch during speaking.', 0, '10', 0),
(1746, 'voicefamily', 12001, 1000, 2017, 'voice-family', 'CSS2 voice-family: (generic-voice, specific-voice) aural stylesheet, comma-separated, prioritized list of voice family names', 0, '10', 0),
(1747, 'volume', 12001, 1000, 2017, 'volume', 'CSS2 volume: (number [0-100], percent, silent, x-soft, soft, medium, loud, x-loud, inherit) aural stylesheet, volume of spoken voice', 0, '10', 0),
(1765, 'alignmentadjust', 12001, 1000, 2018, 'alignment-adjust', 'CSS3 alignment-adjust: (auto, baseline, before-edge, text-before-edge, middle, central, after-edge, text-after-edge, ideographic, alphabetic, hanging, mathematical, percentage, length) more precise alignment of images and text glyphs', 0, '10', 0),
(1766, 'alignmentbaseline', 12001, 1000, 2018, 'alignment-baseline', 'CSS3 alignment-baseline: () specify which of parent element baselines will be used to align an inline child element', 0, '10', 0),
(1767, 'backgroundbreak', 12001, 1000, 2018, 'background-break', 'CSS3 background-break: (bounding-box, each-box, continuous) how to draw element background when broken across multiple pages.', 0, '10', 0),
(1768, 'appearance', 12001, 1000, 2018, 'appearance', 'CSS3 appearance: (normal, button, push-button, hyperlink, radio-button, checkbox, pop-up-menu, list-menu, radio-group, checkbox-group, field, password, inherit) shorthand make any element look like a standard element.', 0, '10', 0),
(1769, 'baselineshift', 12001, 1000, 2018, 'baseline-shift', 'css3 baseline-shift: (baseline, sub, super, percent, length) position text relative to the baseline, subscripted or superscripted', 0, '10', 0),
(1770, 'binding', 12001, 1000, 2018, 'binding', 'CSS3 binding: () allows an element to be bound to an XML file (XBL) description in a URL - https://developer.mozilla.org/en-US/docs/XBL/XBL_1.0_Reference', 0, '10', 0),
(1771, 'bookmarklabel', 12001, 1000, 2018, 'bookmark-label', 'CSS3 bookmark-label: (content, attr, string) specifies the text that goes into browser bookmarks', 0, '10', 0),
(1772, 'bookmarklevel', 12001, 1000, 2018, 'bookmark-level', 'CSS3 bookmark-level: (integer, none) numeric level in the bookmark hierarchy for a browser bookmark', 0, '10', 0),
(1773, 'bookmarktarget', 12001, 1000, 2018, 'bookmark-target', 'CSS3 bookmark-target: (self, URI, attr) specifies target of bookmark', 0, '10', 0),
(1774, 'borderbottomleftradius', 12001, 1000, 2018, 'border-bottom-left-radius', 'CSS3 border-bottom-left-radius: (length, length) specify rounding of bottom left corner of box', 0, '10', 0),
(1775, 'borderbottomrightradius', 12001, 1000, 2018, 'border-bottom-right-radius', 'CSS3 border-bottom-right-radius: (length, length) specifiy bottom right rounding of box.', 0, '10', 0),
(1776, 'bordertopleftradius', 12001, 1000, 2018, 'border-top-left-radius', 'CSS3 border-top-left-radius: (length, length) specify rounding of top left corner of box', 0, '10', 0),
(1777, 'bordertoprightradius', 12001, 1000, 2018, 'border-top-right-radius', 'CSS3 border-top-right-radius: (length, length) specify top right corner rounding of box', 0, '10', 0),
(1778, 'borderbreak', 12001, 1000, 2018, 'border-break', 'CSS3 border-break: (close, border-width, border-style, color) allows additional border to be added at a page break or column break of an element', 0, '10', 0),
(1779, 'borderlength', 12001, 1000, 2018, 'border-length', 'CSS3 border-length: (length, auto)', 0, '10', 0),
(1780, 'boxalign', 12001, 1000, 2018, 'box-align', 'CSS3 box-align: (start, end, center, baseline, stretch) helps align child elements of a box, along with box-pack', 0, '10', 0),
(1781, 'boxdirection', 12001, 1000, 2018, 'box-direction', 'CSS3 box-direction: (normal, reverse) specifies is layout inside a box is from top-left or bottom-right', 0, '10', 0),
(1782, 'boxflexgroup', 12001, 1000, 2018, 'box-flex-group', 'CSS3 box-flex-group: (int) allows grouping of flexible elements by number', 0, '10', 0),
(1783, 'boxlines', 12001, 1000, 2018, 'box-lines', 'CSS3 box-lines: () specifies whether a column of text will create a new column if it runs out of height in its parent box', 0, '10', 0),
(1784, 'boxorient', 12001, 1000, 2018, 'box-orient', 'CSS3 box-orient:(horizontal, vertical, inline-axis, block-axis) specifies whether box lays out contents horizontally or vertically', 0, '10', 0),
(1785, 'boxpack', 12001, 1000, 2018, 'box-pack', 'CSS3 box-pack: (start, end, center, justify) how a box packs content if there is extra space inside the box', 0, '10', 0),
(1786, 'columnbreakafter', 12001, 1000, 2018, 'column-break-after', 'CSS3 column-break-after: (auto, always, avoid) when to break content into a new column', 0, '10', 0),
(1787, 'columnbreakbefore', 12001, 1000, 2018, 'column-break-before', 'CSS3 column-break-before: (auto, always, avoid) when to break content into a new column', 0, '10', 0),
(1788, 'columnfill', 12001, 1000, 2018, 'column-fill', 'CSS3 column-fill: auto, balance) flow content into columns either by balancing or filling up directionally', 0, '10', 0),
(1789, 'columngap', 12000, 1000, 2018, 'column-gap', 'CSS3 column-gap: (length, normal) sets gap between columns, puts column rule if present between gaps', 0, '10', 0),
(1790, 'columnrule', 12001, 1000, 2018, 'column-rule', 'CSS3 column-rule: (border-width, border-style, color) shorthand property for setting column-rule-width, column-rule-style, and column-rule-color', 0, '10', 0),
(1791, 'columnrulecolor', 12001, 1000, 2018, 'column-rule-color', 'CSS3 column-rule-color: (color) sets color of the column rule', 0, '10', 0),
(1792, 'columnrulestyle', 12001, 1000, 2018, 'column-rule-style', 'CSS3 column-rule-style: (border-style) sets border style of the column rule', 0, '10', 0),
(1793, 'columnrulewidth', 12001, 1000, 2018, 'column-rule-width', 'CSS3 column-rule-width: (border-width) sets non-negative width of the column as a border-style', 0, '10', 0),
(1794, 'columnspan', 12001, 1000, 2018, 'column-span', 'CSS3 column-span: (1, all) lets an element flow across several columns', 0, '10', 0),
(1795, 'columnwidth', 12001, 1000, 2018, 'column-width', 'CSS3 column-width: (length, auto) specifies ideal column width', 0, '10', 0),
(1796, 'dominantbaseline', 12001, 1000, 2018, 'dominant-baseline', 'CSS3 dominant-baseline: (auto, use-script, no-change, reset-size, alphabetic, hanging, ideographic, mathematical, centralmiddle, text-after-edge, text-before-edge) determine a scaled baseline table', 0, '10', 0),
(1797, 'dropinitialafteradjust', 12001, 1000, 2018, 'drop-initial-after-adjust', 'CSS3 drop-initial-after-adjust: (central, middle, after-edge,text-after-edge, ideographic, alphabetical, mathematical, percent, length) control after initial letter (::first-letter pseudo element)', 0, '10', 0),
(1798, 'dropinitialafteralign', 12001, 1000, 2018, 'drop-initial-after-align', 'CSS3 drop-initial-after-align: (alignment-baseline) after defining line with drop-initial-value, defines which alignment is used after initial letter (::first-letter pseudo element)', 0, '10', 0),
(1799, 'dropinitialbeforeadjust', 12001, 1000, 2018, 'drop-initial-before-adjust', 'CSS3 drop-initial-before-adjust: () sets the alignment point of the drop initial if value of the drop-initial-size property is ''auto''  after initial letter (::first-letter pseudo element)', 0, '10', 0),
(1800, 'dropinitialbeforealign', 12001, 1000, 2018, 'drop-initial-before-align', 'CSS3 drop-initial-before-align: (caps-height, alignment-baseline) specifies which alignment line within the initial line box is used at the secondary connection point with the initial letter box  after initial letter (::first-letter pseudo element)', 0, '10', 0),
(1801, 'dropinitialsize', 12001, 1000, 2018, 'drop-initial-size', 'CSS3 drop-initial-size: (auto, line, length, percent)  controls the partial sinking of the initial letter', 0, '10', 0),
(1802, 'dropinitialvalue', 12001, 1000, 2018, 'drop-initial-value', 'CSS3 drop-initial-value (initial, int) activates drop initial effect after initial letter (::first-letter pseudo element) if value is not "initial" or "1"', 0, '10', 0),
(1803, 'fit', 12001, 1000, 2018, 'fit', 'CSS3 fit: (fill, hidden, meet, slice) hint on how to display element if width and height are not set', 0, '10', 0),
(1804, 'fitposition', 12001, 1000, 2018, 'fit-position', 'CSS3 fit-position: (percent, length, top, center, bottom, left, right, auto) similar to background-position with the addition of "auto"', 0, '10', 0),
(1805, 'floatoffset', 12001, 1000, 2018, 'float-offset', 'CSS3 float-offset: (width, height) pushes a floated value in the opposite direction of the float a given distance', 0, '10', 0),
(1806, 'fonteffect', 12001, 1000, 2018, 'font-effect', 'CSS3 font-effect: (none, emboss, engrave, outline) applies special effects to a font', 0, '10', 0),
(1807, 'fontemphasize', 12001, 1000, 2018, 'font-emphasize', 'CSS3 font-emphasize: (font-emphasize-style, font-emphasize-position) shorthand for setting font emphasis decoration', 0, '10', 0),
(1808, 'fontemphasizeposition', 12001, 1000, 2018, 'font-emphasize-position', 'CSS3 font-emphasize-position: (before, after) sets placement of emphasis symbols', 0, '10', 0),
(1809, 'fontemphasizestyle', 12001, 1000, 2018, 'font-emphasize-style', 'CSS3 font-emphasize-style: (none, accent, dot, circle, disc) sets style for font emphasis', 0, '10', 0),
(1810, 'csscharset', 12001, 1000, 2017, '@charset', 'CSS @charset rule, specify the character encoding of an external style sheet. Support level at http://reference.sitepoint.com/css/at-charset', 0, '10', 0),
(1811, 'cssimport', 12001, 1000, 2006, '@import', 'CSS1 import external stylesheet', 0, '10', 0),
(1812, 'csspage', 12001, 1000, 2017, '@page', 'CSS2 page rule, specify page margins for print media. @page :top, :left, :bottom, :right, :first. Support at http://reference.sitepoint.com/css/at-page', 0, '10', 0),
(1813, 'cssnamespace', 12001, 1000, 2018, '@namespace', 'CSS3 @namespace for XML namespaces @namespace prefix URI, @namespace svg "http://www.w3.org/2000/svg";, support at http://reference.sitepoint.com/css/at-namespace', 0, '10', 0),
(1814, 'cssviewport', 12001, 1000, 2018, '@viewport', 'supports CSS3 @viewport, following meta tag in html @viewport { width:device-width; }. Reference support: http://blog.teamtreehouse.com/thinking-ahead-css-device-adaptation-with-viewport', 0, '10', 0),
(1815, 'csssupports', 12001, 1000, 2018, '@supports', 'CSS3 @supports', 0, '10', 0),
(1816, 'filter', 12001, 1000, 2018, 'filter', 'CSS3 filter: (filter-function) non-directX or Internet Explorer', 0, '10', 0),
(1817, 'csskeyframes', 12001, 1000, 2018, '@keyframes', 'CSS3 @keyframes support. @keyframes identifier { percent {style1} percent2 {style2}}. Reference at https://developer.mozilla.org/en-US/docs/Web/CSS/@keyframes', 0, '10', 0),
(1822, 'vendorprefix', 12000, 1000, 2004, 'Vendor Prefix (CSS, JS)', 'Vendor prefix used for early-stage support for CSS styles and JavaScript APIs.', 0, '10', 0),
(1823, 'type', 12000, 1000, 2002, 'Network Type (local)', 'network type (wired, wifi, 4g) HTTP_X_NETWORK_TYPE, HTTP_X_CARRIER', 0, '10', 0),
(1825, 'xhtmlmp', 12001, 1000, 2005, 'XHTML-MP (Mobile Profile)', 'Supports XHTML Mobile Profile (.xhtml)', 0, '10', 0),
(1826, 'wmlc', 12001, 1000, 2029, 'WMLScript (Complied)', 'WML, in compiled format is supported.', 0, '10', 0),
(1827, 'wmlcscript', 12001, 1000, 2029, 'WMLScript (Complied)', 'Compiled WMLScript (javascript-like)', 0, '10', 0),
(1828, 'tiff', 12001, 1000, 2021, 'TIFF Support', 'Support for TIFF images', 0, '10', 0),
(1829, 'bmp', 12001, 1000, 2021, 'BMP Support', 'Support for BMP images', 0, '10', 0),
(1830, 'wbmp', 12001, 1000, 2021, 'WBMP (Mobile BMP) Support', 'Support for WBMP format (.wbmp)', 0, '10', 0),
(1831, 'midi', 12001, 1000, 2020, 'MIDI Support', 'Support for MIDI audio files. http://code.google.com/p/midibridge-js/', 0, '10', 0),
(1832, 'amr', 12001, 1000, 2020, 'Audio AMR (Speech)', 'Support for Adaptative Multi-Rate audio. Usually for speech. MIME: audio/amr Extensions: amr', 0, '10', 0),
(1833, 'amrwb', 12001, 1000, 2020, 'Audio AMR-WB (Speech)', 'Support for improved speech file,http://en.wikipedia.org/wiki/Adaptive_Multi-Rate_Wideband', 0, '10', 0),
(1834, 'audio3gpp', 12001, 1000, 2020, 'Audio 3GPP Support', 'Support for audio encoded in 3GPP compression format. MIME: audio/3gpp. Extensions: 3gp, 3gpp.', 0, '10', 0),
(1835, 'audio3gpp2', 12001, 1000, 2020, 'Audio 3GPP2 support', 'Support for audio compressed with 3GPP2. MIME: audio/3gpp2 Extensions: 3g2, 3gp2', 0, '10', 0),
(1837, 'unity3d', 12001, 1000, 2016, 'Unity3d Player', 'Detect the Unity3d player installed as a plugin.', 0, '10', 0),
(1839, 'prefetch', 12001, 1000, 2034, 'A (Hyperlink prefetch) Pre-Loader', 'Support for pre-fetching a page via link tag. rel="dns-prefetch, "rel="prefetch" IE9  http://calendar.perfplanet.com/2012/speed-up-your-site-using-prefetching/', 0, '10', 0),
(1840, 'prerender', 12001, 1000, 2034, 'A (Hyperlink prerender) Pre-Loader', 'Link Prerender, described http://msdn.microsoft.com/en-us/library/ie/dn265039(v=vs.85).aspx', 0, '10', 0),
(1841, 'nofouc', 12001, 1000, 2009, 'FOUC reduction', 'if true, add a script which reduces the chance of a Flash of Unstyled Content (FOUC)', 0, '10', 0),
(1842, 'nofout', 12001, 1000, 2009, 'FOUT Reduction (webfonts)', 'If true, apply scripts and css which reduce the chance for a Flash of Unstyled Text (FOUT)', 0, '10', 0),
(1843, 'viewportsize', 12008, 1000, 2004, 'Browser Viewport (X and Y)', 'Viewport of device, normally only available at client-side, since it is the window, not the screen size. Mobiles make a default window the same size as the viewport. NOT device screen size (under client-side device). Separate from CSS ability to detect viewport, @viewport. Detect with document.documentElement.clientWidth', 0, '10', 0),
(1844, 'documentsize', 12008, 1000, 2004, 'Size of Document (X and Y)', 'Size of the document in the browser window, needed for scrolling applications, may be larger than viewport or devicesize. Must be detected client-side.', 0, '10', 0),
(1845, 'xbitmap', 12001, 1000, 2021, 'X-Bitmap', 'x-xbitmap, .xbm c file in static array, used for cursor, used by Safari and Opera', 0, '10', 0),
(1846, 'mp4', 12001, 1000, 2020, 'Audio MP4 Support', 'Audio compression using MP4. MIME: audio/mp4. Extensions: mp4', 0, '10', 0),
(1847, 'httpacceptencoding', 12001, 1000, 2004, 'Header Accept-Encoding', 'Client to Server: Supports Compressed downloads using ENUM gzip, deflate. Accept-Encoding: gzip, deflate. Equivalent header: TE: trailers, deflate. server HTTP_ACCEPT_ENCODING.', 0, '10', 0),
(1848, 'aiff', 12001, 1000, 2020, 'Audio AIFF Support', 'support for AIFF format. MIME: audio/aiff, audio/x-aiff.  Extensions: aiff, aif, aifc, cdda', 0, '10', 0),
(1849, 'mp4', 12001, 1000, 2022, 'Video MPEG-4 (MP4) Support', 'MPEG-4 support in video. MIME: video/mp4 extensions: mp4', 0, '10', 0),
(1850, 'video3gpp', 12001, 1000, 2022, 'Video 3GPP Support', 'Support for 3GPP video, for example iOS. MIME: video/3gpp. Extensions: 3g2, 3gp2', 0, '10', 0),
(1852, 'video3gpp2', 12001, 1000, 2022, 'Video 3GPP2 Support', 'Support for 3GPP2. MIME: video/3gpp2. Extensions: 3g2, 3gp2', 0, '10', 0),
(1853, 'm4v', 12001, 1000, 2022, 'Video M4V support', 'Support for M4V video, Apple format similar to MP4 but can have DRM copyright protection. MIME: video/x-m4v. Extensions: m4v.', 0, '10', 0),
(1854, 'acid1', 12001, 1000, 2008, 'Acid Test 1', 'Acid Test 1, for basic HTML and CSS1 support. At http://www.w3.org/Style/CSS/Test/CSS1/current/test5526c.htm', 0, '10', 0),
(1855, 'httpacceptcharset', 12000, 1000, 2004, 'Header Accept-Charset', 'Client to server: Acceptable character sets, e.g. Accept-Charset: utf-8. Full list of standard headers at: http://www.iana.org/assignments/message-headers/message-headers.xml. HEADER_ACCEPT_CHARSET', 0, '10', 0),
(1859, 'httpreferer', 12000, 1000, 2004, 'Header Referer Address', 'Client to server: url the browser came from before making request', 0, '10', 0),
(1860, 'httpxrequestedwith', 12000, 1000, 2004, 'Header X-Requested-With', 'Used to specify an Ajax call from the client. X-Requested-With: XMLHttpRequest', 0, '10', 0),
(1863, 'httpxwapprofile', 12000, 1000, 2003, 'Header X-Wap-Profile', 'If present, provides a link to a description of the (mobile) device hardware in XML.', 0, '10', 0),
(1864, 'httpxuacompatible', 12000, 1000, 2004, 'Header X-UA-Compatible', 'Specify a rendering engine for the browser to use. X-UA-Compatible: IE=EmulateIE7, X-UA-Compatible: IE=edge, X-UA-Compatible: Chrome=1 (Chrome Frame, deprecated 2014)', 0, '10', 0),
(1865, 'software', 12000, 1000, 2000, 'Server Software Name', 'Name of Server Software, e.g. Apache, in HTTP headers (distinct from a hardware User-Agent provided by some servers). In Server:', 0, '10', 0),
(1866, 'queryselectorall', 12001, 1000, 2012, 'Element.querySelectorAll()', 'CSS Selector query of DOM tree. Introduced in the Web Apps API. Returns a static NodeList. Alternative is getElementsByClassName', 0, '10', 0),
(1867, 'httpacceptlanguage', 12000, 1000, 2004, 'Header Accept-Language', 'Language list supported by the browser. HEADER_ACCEPT_LANGUAGE.', 0, '10', 0),
(1868, 'ip', 12000, 1000, 2000, 'Server IP Address', 'IP address of server (or approx. server cloud or ISP address). SERVER_ADDR is the LAN address, and not the localhost address', 0, '10', 0),
(1869, 'domainname', 12000, 1000, 2000, 'Server Domain Name', 'domain name of server, may be different than ISP domain.', 0, '10', 0),
(1870, 'devicescreenresolution', 12003, 1000, 2003, 'Device Screen Resolution', 'Resolution of screen on device. HTTP_X_SCREEN_RESOLUTION.', 0, '10', 0),
(1871, 'devicecolordepth', 12003, 1000, 2003, 'Device Screen Color Depth', 'Color depth of screen, 8, 16,32-bit color. HTTP_X_SCREEN_COLORS', 0, '10', 0),
(1872, 'css3', 12003, 1000, 2008, 'CSS3 Test', 'http://css3test.com/', 0, '10', 0),
(1873, 'wctmb2', 12014, 1000, 2008, 'W3C Mobile Compatibility Test', 'Compatibility Percentage. Tests: input type=date, audio, webworkers, font-face, video, geolocation, application cache, content editable, local storage, session storage, canvas, Ajax. http://www.w3.org/2010/01/wctmb2/. Scores at:http://www.w3.org/2010/01/results-wctmb2', 0, '10', 0),
(1874, 'spdy', 12001, 1000, 2000, 'Server Uses SPDY Protocol', 'SPDY protocol supported by putting MOD_SPDY into Apache.', 0, '10', 0),
(1875, 'securitywarning', 12001, 1000, 2024, 'Browser has Security Warning', 'Flag browsers with known security problems, e.g. obsolete browsers.', 0, '10', 0),
(1876, 'inputfile', 12001, 1000, 2015, 'Input type file upload Support', 'Support file uploads', 0, '10', 0),
(1877, 'palmreadermq', 12004, 1000, 2008, 'Palm Reader Media Queries', 'Visual test for CSS media queries on device. For consistency, GBP would have to embed the code in the downloaded page. http://www.jordanm.co.uk/palmreader', 0, '10', 0),
(1878, 'mqtest', 12004, 1000, 2008, 'MQTest Media Queries', 'MQTest reports Media Query responses, including orientation. http://mqtest.io/', 0, '10', 0),
(1879, 'hardwareaccel', 12001, 1000, 2004, 'Browser is Hardware-Accelerated', 'Browser can use GPU for hardware acceleration. This does not guarantee that it will be used.', 0, '10', 0),
(1880, 'spellcheck', 12000, 1000, 2004, 'Browser has Spell-Checking', 'Browser Spell-Checking', 0, '10', 0),
(1881, 'parentalcontrols', 12001, 1000, 2024, 'Browser supports Parental Controls', 'Browser supports parental controls.', 0, '10', 0),
(1882, 'yuiclass', 12000, 1000, 2004, 'Browser class in YUI', 'Yahoo! Browser class in YUI library.', 0, '10', 0),
(1884, 'cpuload', 12014, 1000, 2000, 'Server CPU Load', 'Percent determination of load on server. Only available on some servers.', 0, '10', 0),
(1885, 'memory', 12014, 1000, 2000, 'Server (Free) Memory', 'Free memory for our process on the server, as a percent of the total.', 0, '10', 0),
(1886, 'cpunum', 12003, 1000, 2000, 'Server CPU Number', 'Number of CPUs in the server.', 0, '10', 0),
(1887, 'osversion', 12000, 1000, 2000, 'Server OS Version', 'Version number of server operating system.', 0, '10', 0),
(1888, 'hardware', 12000, 1000, 2000, 'Server Hardware Type', 'type of hardware the server is using, available on some servers.', 0, '10', 0),
(1889, 'hipaa', 12003, 1000, 2024, 'HIPAA Compliance', 'Protected Health Information in treatment or research. Protected health information (PHI) is any information in the medical record or designated record set that can be used to identify an individual and that was created, used, or disclosed in the course of providing a health care service such as diagnosis or treatment.', 0, '10', 0),
(1890, 'alttag', 12001, 1000, 2038, 'ALT Attributes in Images', 'Images have equivalent descriptive text.', 0, '10', 0),
(1891, 'titletag', 12001, 1000, 2038, 'TITLE Attributes in Hyperlinks', 'hyperlinks have equivalent descriptive text.', 0, '10', 0),
(1892, 'sensiblenocss', 12000, 1000, 2038, 'Site is Sensible Without CSS', 'Website can be read in a sensible way without CSS enabled.', 0, '10', 0),
(1893, 'sensiblenojs', 12000, 1000, 2038, 'Site is Sensible without JavaScript', 'Website works and can be read in a sensible way without JavaScript enabled.', 0, '10', 0),
(1894, 'noblink', 12000, 1000, 2038, 'Site Has No Blinking Elements', 'Site does not have flashing or blinking elements.', 0, '10', 0),
(1895, 'norichmedia', 12000, 1000, 2038, 'Site is Sensible without Rich Media', 'Site can load and can be read without binary rich media like Flash, video, audio.', 0, '10', 0),
(1896, 'hicontrast', 12000, 1000, 2038, 'Site has High Contrast Mode', 'Site has CSS supporting high-contrast reading of text', 0, '10', 0),
(1897, 'linkorder', 12000, 1000, 2038, 'Site has Sensible Tabbed Link Order', 'Hyperlinks and form fields are arranged in a sensible fashion for tabbed access.', 0, '10', 0),
(1898, 'labeltags', 12000, 1000, 2038, 'LABEL tags in forms', 'Site wraps text in forms in label tags.', 0, '10', 0),
(1899, 'linearizeok', 12000, 1000, 2038, 'Site is sensible when Linearized to 1 Column', 'Site sensible when page is linearized to a sequential one column display.', 0, '10', 0),
(1900, 'tablehead', 12001, 1000, 2038, 'TABLE Head tag Present', 'Table columns have a table head attribute.', 0, '10', 0),
(1901, 'tablesummary', 12001, 1000, 2038, 'TABLE Summary Attribute', 'Tables have summary attribute text describing table data.', 0, '10', 0);
INSERT INTO `properties` (`id`, `name`, `datatype_id`, `source_id`, `component_id`, `title`, `description`, `component_lock`, `exe_lock_priority`, `exe_lock`) VALUES
(1902, 'imagesoff', 12001, 1000, 2004, 'Browser has Images Off', 'User has turned off browser images, or browser is a text reader which cannot display images.', 0, '10', 0),
(1903, 'highcontrast', 12001, 1000, 2004, 'Browser is in High Contrast Mode', 'Browser can be put into a high contrast mode, requiring a high contrast CSS stylesheet.', 0, '10', 0),
(1904, 'textpath', 12001, 1000, 2028, 'SVG Text Paths', 'Support for putting text along curves in an SVG graphic.', 0, '10', 0),
(1905, 'xslt', 12001, 1000, 2025, 'XSLT Support', 'support for stylesheets with xml', 0, '10', 0),
(1906, 'cssprophelper', 12000, 1000, 2006, 'CSS Property Helper', 'JavaScript code that enables a large number of CSS property tests.', 0, '10', 0),
(1907, 'jsprophelper', 12000, 1000, 2012, 'JS Property Helper', 'JavaScript function that can be used to test for the presence of a large set of JavaScript properties.', 0, '10', 0),
(1909, 'bits', 12000, 1000, 2000, 'Server Bits (32 or 64)', 'return the word size on the server', 0, '10', 0),
(1911, 'menuitem', 12001, 1000, 2027, 'MENUITEM tag support', 'support for menuitem, context sensitive menus in menu tag.', 0, '10', 0),
(1912, 'promise', 12001, 1000, 2013, 'Promise API Support', 'support for javascript promises', 0, '10', 0),
(1913, 'dom2events', 12001, 1000, 2040, 'DOM2 Events', 'support for DOM level 2 events, not exhaustive but via document.implementation hasfeature and a few basic .addEventListener tests.', 0, '10', 0),
(1914, 'dom3xpath', 12001, 1000, 2040, 'DOM3 XPath', 'Level 3 Xpath support, not exhaustive test, document.implement.hasfeature() used', 0, '10', 0),
(1915, 'domready', 12001, 1000, 2044, 'DOMReady Event', 'Custom detector for DOM tree loaded, before page loading with images and other media is complete. Custom test due to inconsistencies in DOMReady in JQuery and browsers.', 0, '10', 0),
(1916, 'nodom', 12001, 1000, 2040, 'DOM not present', 'grab bag for old and headless browsers that do not support basic dom0 methods (e.g. IE4, NS4).', 0, '10', 0),
(1917, 'oldie', 12001, 1000, 2004, 'Old IE (IE 5-8)', 'Detect old Internet Explorer before ie9 via feature detection of custom Microsoft features in JS API that were dropped in IE9.', 0, '10', 0),
(1918, 'server', 12015, 1000, 2042, 'Server Time', 'Time to complete the bootstrapping of GBP on the server.', 0, '10', 0),
(1919, 'client', 12015, 1000, 2042, 'Client Time', 'Time to execute GBP on the client side.', 0, '10', 0),
(1920, 'svg', 12001, 1000, 2023, 'SVG (used as font)', 'SVG may be used to create font files.', 0, '10', 0),
(1921, 'inline', 12000, 1000, 2028, 'SVG Inline in HTML', 'Support for inlining SVG tags into HTML. Otherwise, have to insert using createElementNS.', 0, '10', 0),
(1922, 'inline', 12000, 1000, 2035, 'MathML Inlining Support', 'Support for inlining MathML tags directly into HTML.', 0, '10', 0),
(1923, 'inline', 12000, 1000, 2032, 'SMIL Inlining Support', 'Support for inlining SMIL tags into HTML.', 0, '10', 0),
(1924, 'clippaths', 12000, 1000, 2028, 'SVG Clip Paths', 'SVG clipping supported.', 0, '10', 0),
(1925, 'img', 12000, 1000, 2021, 'SVG (used as image)', 'SVG used in HTML img tag', 0, '10', 0),
(1926, 'webp', 12001, 1000, 2021, 'WebP Support', 'Support for Google WebP image format mixing lossy and lossless compression. http://en.wikipedia.org/wiki/WebP', 0, '10', 0),
(1927, 'base64', 12000, 1000, 2018, 'Base 64 in CSS Background Images', 'Base64 background images supported', 0, '10', 0),
(1928, 'devicelight', 12001, 1000, 2044, 'devicelight', 'Detect ambient light', 0, '10', 0),
(1929, 'abort', 12001, 1000, 2044, 'abort', 'Types UIEvent, ProgressEvent, Event, loading of resource was aborted.', 0, '10', 0),
(1930, 'click', 12001, 1000, 2044, 'click', 'Pointing device clicked over an element, e.g. a mouseup and mousedown on the same event (mousedown, mouseup, click).', 0, '10', 0),
(1931, 'dblclick', 12000, 1000, 2044, 'dblclick', 'Pointing device was double-clicked over an element.', 0, '10', 0),
(1932, 'mousedown', 12001, 1000, 2044, 'mousedown', 'fired when pointing deviced clicked down, but not up.', 0, '10', 0),
(1933, 'mouseup', 12000, 1000, 2044, 'mouseup', 'Fires when pointing device button is released over the element.', 0, '10', 0),
(1934, 'mouseover', 12000, 1000, 2044, 'mouseover', 'Fires when mouse has moved into element\\''s rectangle.', 0, '10', 0),
(1935, 'mousemove', 12001, 1000, 2044, 'mousemove', 'Fired when a pointing device is over an element, and it moves (coordinates change) while remaining over the element', 0, '10', 0),
(1936, 'mouseout', 12001, 1000, 2044, 'mouseout', 'fired when pointing device moves outside the elements rect.', 0, '10', 0),
(1937, 'drag', 12001, 1000, 2044, 'drag', 'Fires for the element where the pointing device drag started.', 0, '10', 0),
(1938, 'dragenter', 12001, 1000, 2044, 'dragenter', 'Fires when the mouse moves over an element after a drag is started.', 0, '10', 0),
(1939, 'dragleave', 12001, 1000, 2044, 'dragleave', 'fired when mouse leaves an element while in a drag.', 0, '10', 0),
(1940, 'dragover', 12001, 1000, 2044, 'dragover', 'fires when mouse is moved over an event while a drag occurs.', 0, '10', 0),
(1941, 'drop', 12001, 1000, 2044, 'drop', 'fired when the mouse is unclicked over an element, releasing the dragged element.', 0, '10', 0),
(1942, 'dragend', 12001, 1000, 2044, 'dragend', 'Fires when drag ends, whether or no a drop occured.', 0, '10', 0),
(1943, 'keydown', 12001, 1000, 2044, 'keydown', 'fired when key pressed on keyboard.', 0, '10', 0),
(1944, 'keypress', 12001, 1000, 2044, 'keypress', 'DEPRECATED. Fires after keydown.', 0, '10', 0),
(1945, 'keyup', 12001, 1000, 2044, 'keyup', 'fires when a key on the keyboard is released.', 0, '10', 0),
(1946, 'load', 12001, 1000, 2044, 'load', 'fires when browser loads all content (including images) for the web page, also if progress event is complete. Progress and XMLHttpRequest.', 0, '10', 0),
(1947, 'unload', 12001, 1000, 2044, 'unload', 'Fires when browser closes window, or removes all web content from a window.', 0, '10', 0),
(1948, 'error', 12001, 1000, 2044, 'error', 'fires when an image, object, or frame cannot be loaded.', 0, '10', 0),
(1949, 'resize', 12001, 1000, 2044, 'resize', 'triggered when document view is resized', 0, '10', 0),
(1950, 'scroll', 12001, 1000, 2044, 'scroll', 'fires when document view is scrolled.', 0, '10', 0),
(1951, 'select', 12001, 1000, 2044, 'select', 'fires when user selects text in text field.', 0, '10', 0),
(1952, 'change', 12001, 1000, 2044, 'change', 'Fires when control loses input focus and its value has changed, e.g. leaving a text field after editing.', 0, '10', 0),
(1953, 'submit', 12001, 1000, 2044, 'submit', 'fires when an HTML form is submitted.', 0, '10', 0),
(1954, 'reset', 12001, 1000, 2044, 'reset', 'fires when a form is reset', 0, '10', 0),
(1955, 'focus', 12001, 1000, 2044, 'focus', 'fired when an element receives focus via mouse or tabbing.', 0, '10', 0),
(1956, 'focusin', 12001, 1000, 2044, 'focusin', 'fired when an element is about to received focus. Not implements in most browsers.', 0, '10', 0),
(1957, 'focusout', 12001, 1000, 2044, 'focousout', 'fired when element is about to lose focus.', 0, '10', 0),
(1958, 'blur', 12001, 1000, 2044, 'blur', 'fired when an element loses focus, similar to change, but modification not necessary.', 0, '10', 0),
(1959, 'input', 12001, 1000, 2044, 'input', 'event fired after input field updated, with updated text.', 0, '10', 0),
(1960, 'loadstart', 12001, 1000, 2044, 'loadstart', 'fires on start of progress. Progress and XMLHttpRequest.', 0, '10', 0),
(1961, 'progress', 12001, 1000, 2044, 'progress', 'Fires after loadstart event, during Progress and XMLHttpRequest.', 0, '10', 0),
(1962, 'loadend', 12001, 1000, 2044, 'loadend', 'fires when progress event has stopped, by error, abort, when load has been fired. Progress and XMLHttpRequest.', 0, '10', 0),
(1963, 'touchstart', 12001, 1000, 2044, 'touchstart', 'fires when finger placed on touch surface.', 0, '10', 0),
(1964, 'touchend', 12001, 1000, 2044, 'touchend', 'fires when finger removed from touch surface.', 0, '10', 0),
(1965, 'touchmove', 12001, 1000, 2044, 'touchmove', 'fires when finger is dragged across the screen.', 0, '10', 0),
(1966, 'touchenter', 12001, 1000, 2044, 'touchenter', 'fires when finger moves into interactive rect defined by an element.', 0, '10', 0),
(1967, 'touchleave', 12001, 1000, 2044, 'touchleave', 'fires when finger moves out of the rect defined by an element.', 0, '10', 0),
(1968, 'touchcancel', 12001, 1000, 2044, 'touchcancel', 'fired when the touchpont moves outside the bounds of the touch surface, or too many touchpoints at once.', 0, '10', 0),
(1969, 'pointerdown', 12001, 1000, 2044, 'pointerdown', 'fired when mouse or other pointing device, event including including strength of press.', 0, '10', 0),
(1970, 'pointerup', 12001, 1000, 2044, 'pointerup', 'fires when pointing device released over an element', 0, '10', 0),
(1971, 'pointercancel', 12001, 1000, 2044, 'pointercancel', 'fired when pointer event not valid, e.g. a zoom happens right after the pointer event.', 0, '10', 0),
(1972, 'pointermove', 12001, 1000, 2044, 'pointermove', 'fires when pointing device is moved while it is over an element.', 0, '10', 0),
(1973, 'pointerover', 12001, 1000, 2044, 'pointerover', 'fires when the pointer is over an element.', 0, '10', 0),
(1974, 'pointerout', 12001, 1000, 2044, 'pointerout', 'fires when pointer is moved outside an element\\''s rect, also if pointer is canceled.', 0, '10', 0),
(1975, 'pointerenter', 12001, 1000, 2044, 'pointerenter', 'fired when pointer is moved into an element.', 0, '10', 0),
(1976, 'ponterleave', 12001, 1000, 2044, 'pointerleave', 'fires when a pointer is moved outside of an element.', 0, '10', 0),
(1977, 'gotpointercapture', 12001, 1000, 2044, 'gotpointercapture', 'fires when the pointer is captures using setPointerCapture.', 0, '10', 0),
(1978, 'lostpointercapture', 12000, 1000, 2044, 'lostpointercapture', 'fires when a pointer is released using setPointerCapture.', 0, '10', 0),
(1979, 'afterprint', 12001, 1000, 2044, 'afterprint', 'fires when Print Preview has been closed by the browser.', 0, '10', 0),
(1980, 'animationend', 12001, 1000, 2044, 'animationend', 'fires when a CSS Animation has completed.', 0, '10', 0),
(1981, 'animationiteration', 12001, 1000, 2044, 'animationiteration', 'fires when a CSS animation has repeated.', 0, '10', 0),
(1982, 'animationstart', 12001, 1000, 2044, 'animationstart', 'fires when a CSS Animation has started.', 0, '10', 0),
(1983, 'audioprocess', 12001, 1000, 2044, 'audioprocess', 'For Web Audio API, input buffer is ready to be processed.', 0, '10', 0),
(1984, 'beforeprint', 12001, 1000, 2044, 'beforeprint', 'web document is about to be printed, or loaded in a Print Preview.', 0, '10', 0),
(1985, 'beforeunload', 12001, 1000, 2044, 'beforeunload', 'fires when window, document, and associated resources are about to be unloaded.', 0, '10', 0),
(1986, 'beginevent', 12001, 1000, 2044, 'beginevent', 'SMIL aimation starts, specified in SVG.', 0, '10', 0),
(1987, 'cached', 12001, 1000, 2044, 'cached', 'Manifest resources have downloaded and been cached.', 0, '10', 0),
(1988, 'canplay', 12001, 1000, 2044, 'canplay', 'for HTML5 media, estimates that insufficient buffering has happened to allow media to be played completely through (audio and video).', 0, '10', 0),
(1989, 'canplaythrough', 12001, 1000, 2044, 'canplaythrough', 'fires when enough HTML5 media has downloaded to play media to end without buffering stops.', 0, '10', 0),
(1990, 'chargingchange', 12001, 1000, 2044, 'chargingchange', 'Battery API, battery has started or stopped charging.', 0, '10', 0),
(1991, 'chargingtimechange', 12001, 1000, 2044, 'chargingtimechange', 'fires when chargingTime attribute in Battery API has changed (e.g. percent charged changed).', 0, '10', 0),
(1992, 'checking', 12001, 1000, 2044, 'checking', 'borwsers checking cache manifest for changes, or downloading for first time.', 0, '10', 0),
(1993, 'close', 12001, 1000, 2044, 'close', 'WebSocket connection has been closed.', 0, '10', 0),
(1994, 'compassneedscalibration', 12001, 1000, 2044, 'compassneedscalibration', 'SensorEvent, for Orientation, compass used to detect orientation needs calibration.', 0, '10', 0),
(1995, 'complete', 12001, 1000, 2044, 'complete', 'Web Audio API, rendering of offline audio context is done.', 0, '10', 0),
(1996, 'compositionend', 12001, 1000, 2044, 'compositionend', 'DOM Level 3, composition of a passage of text is complete, or canceled.', 0, '10', 0),
(1997, 'compositionstart', 12001, 1000, 2044, 'compositionstart', 'DOM Level 3, composition starts, like keydown but works with speech recognition.', 0, '10', 0),
(1998, 'compositionupdate', 12001, 1000, 2044, 'compositionupdate', 'DOM Level 3, character added to text passage, like keydown but works with voice input.', 0, '10', 0),
(1999, 'contextmenu', 12001, 1000, 2044, 'contextmenu', 'right button of mouse was clicked, fires before context menu appears.', 0, '10', 0),
(2000, 'copy', 12001, 1000, 2044, 'copy', 'copy event with clipboard.', 0, '10', 0),
(2001, 'cut', 12001, 1000, 2044, 'cut', 'cut event into Clipboard.', 0, '10', 0),
(2002, 'deviceorientation', 12001, 1000, 2044, 'deviceorientation', 'new data from an orientation sensor', 0, '10', 0),
(2003, 'deviceproximity', 12001, 1000, 2044, 'deviceproximity', 'Proximity sensor indicates approimated distance to an object.', 0, '10', 0),
(2004, 'dischargingtimechange', 12001, 1000, 2044, 'dischargingtimechange', 'in Battery API, dischargingTime was updated.', 0, '10', 0),
(2005, 'downloading', 12001, 1000, 2044, 'downloading', 'Browser is fetching updates, and or downloading Cache Manifest resources for the first time.', 0, '10', 0),
(2006, 'durationchange', 12000, 1000, 2044, 'durationchange', 'In HTML 5 media, duration attribute of media has been updated.', 0, '10', 0),
(2007, 'emptied', 12001, 1000, 2044, 'emptied', 'in HTML5 Media, media has been emptied, e.g. a reload of media was requested.', 0, '10', 0),
(2008, 'ended', 12001, 1000, 2044, 'ended', 'in Web Audio API,playback stopped when the end of the media was reached.', 0, '10', 0),
(2009, 'endevent', 12001, 1000, 2044, 'endEvent', 'In SMIL animation, a time Event, defined for SVG, animation has ended.', 0, '10', 0),
(2010, 'fullscreenchange', 12001, 1000, 2044, 'fullscreenchange', 'Full Screen API, element was toggled between normal and fullscreenmode.', 0, '10', 0),
(2011, 'fullscreenerror', 12001, 1000, 2044, 'fullscreenerror', 'Impossible to switch to fullscreen mode, fullscreen API.', 0, '10', 0),
(2012, 'gamepadconnected', 12001, 1000, 2044, 'gamepadconnected', 'Gamepad API, a gamepad was connected.', 0, '10', 0),
(2013, 'gamepaddisconnected', 12001, 1000, 2044, 'gamepaddisconnected', 'Gamepad API, a gamepad was disconnected.', 0, '10', 0),
(2014, 'invalid', 12001, 1000, 2044, 'invalid', 'information from a form doesn\\''t satisfy the constraints of the element (e.g. bad data in a form field).', 0, '10', 0),
(2015, 'levelchange', 12001, 1000, 2044, 'levelchange', 'Battery API, level attribute was updated.', 0, '10', 0),
(2016, 'loadeddata', 12001, 1000, 2044, 'loaddeddata', 'HTML5 media, first frame of media finished loading.', 0, '10', 0),
(2017, 'loadedmetadata', 12001, 1000, 2044, 'loadedmetadata', 'HTML5 media, meta data associated with media has been loaded.', 0, '10', 0),
(2018, 'message', 12001, 1000, 2044, 'message', 'message was received from a WebWorker or WebSocket, or Web Messaging, or Server Sent Events.', 0, '10', 0),
(2019, 'noupdate', 12001, 1000, 2044, 'noupdate', 'Cache Manifest media has not changes, does not need update.', 0, '10', 0),
(2020, 'obsolete', 12001, 1000, 2044, 'obsolete', 'Cache manifest removed, so reference being deleted.', 0, '10', 0),
(2021, 'offline', 12001, 1000, 2044, 'offline', 'HTML5 offline, browser lost access to network.', 0, '10', 0),
(2022, 'open', 12001, 1000, 2044, 'open', 'WebSocket, and Server Sent events, event connecton established.', 0, '10', 0),
(2023, 'orientationchange', 12001, 1000, 2044, 'orientationchange', 'Screen Orientation API, orientatation has switched fro portrait to landscape or vice versa.', 0, '10', 0),
(2024, 'pagehide', 12001, 1000, 2044, 'pagehide', 'HTML5 PageTransitionEvent, session history being traversed from. Used to cache when user navigates away from page.', 0, '10', 0),
(2025, 'pageshow', 12001, 1000, 2044, 'pageshow', 'HTML5 session history is being traversed to. Used to cache pages during navigation.', 0, '10', 0),
(2026, 'pause', 12001, 1000, 2044, 'pause', 'HTML5 Media, media playback was paused.', 0, '10', 0),
(2027, 'pointerlockchange', 12001, 1000, 2044, 'pointerlockchange', 'pointer was locked or released.', 0, '10', 0),
(2028, 'pointerlockerror', 12001, 1000, 2044, 'pointerlockerror', 'pointer could not be locked.', 0, '10', 0),
(2029, 'play', 12001, 1000, 2044, 'play', 'HTML5 Media, playback of media has begun.', 0, '10', 0),
(2030, 'playing', 12001, 1000, 2044, 'playing', 'HTML5 Media, playback ready to start after being paused due to lack of data in buffer.', 0, '10', 0),
(2031, 'popstate', 12001, 1000, 2044, 'popstate', 'Session history entry is navigated to.', 0, '10', 0),
(2032, 'ratechange', 12001, 1000, 2044, 'ratechange', 'HTML5 Media, playback rate changed.', 0, '10', 0),
(2033, 'readystatechange', 12001, 1000, 2044, 'readystatechange', 'HTML5 and XMLHttpRequest, readystate of document changed.', 0, '10', 0),
(2034, 'repeatevent', 12001, 1000, 2044, 'repeatevent', 'SMIL animation element (described in SVG) has been repeated).', 0, '10', 0),
(2035, 'show', 12001, 1000, 2044, 'show', 'For context menus, HTML5, context menu will be built.', 0, '10', 0),
(2036, 'stalled', 12001, 1000, 2044, 'stalled', 'HTML5 Media, media expected is not appearing in media stream.', 0, '10', 0),
(2037, 'storage', 12001, 1000, 2044, 'storage', 'Web Storage, the storage area in localStorage or sessionStorage was changed.', 0, '10', 0),
(2038, 'suspend', 12001, 1000, 2044, 'suspend', 'HTML5 Media, media data load was suspended for some reason.', 0, '10', 0),
(2039, 'svgabort', 12001, 1000, 2044, 'SVGAbort', 'SVGEvent page load stopped before SVG was loaded.', 0, '10', 0),
(2040, 'svgerror', 12001, 1000, 2044, 'SVGError', 'SVG document error during loading.', 0, '10', 0),
(2041, 'svgresize', 12001, 1000, 2044, 'SVGResize', 'SVG document was resized.', 0, '10', 0),
(2042, 'svgscroll', 12001, 1000, 2044, 'SVGScroll', 'SVG document is being scrolled.', 0, '10', 0),
(2043, 'svgunload', 12001, 1000, 2044, 'SVGUnload', 'SVG document removed from window or frame.', 0, '10', 0),
(2044, 'svgzoom', 12001, 1000, 2044, 'SVGZoom', 'SVG document was zoomed.', 0, '10', 0),
(2045, 'timeout', 12001, 1000, 2044, 'timeout', 'XMLHttpRequest, request timed out.', 0, '10', 0),
(2046, 'timeupdate', 12001, 1000, 2044, 'timeupdate', 'the time indicated in HTML5 Media by currentTime attribute was updated.', 0, '10', 0),
(2047, 'transitionend', 12001, 1000, 2044, 'transitionend', 'CSS transition was completed.', 0, '10', 0),
(2048, 'updateready', 12001, 1000, 2044, 'updateready', 'Offline, resources in Cache Manifest have been re-downloaded and are ready for use via .swapCache()', 0, '10', 0),
(2049, 'userproximity', 12001, 1000, 2044, 'userproximity', 'New data from proximity data indicates that nearby object is .near the device.', 0, '10', 0),
(2050, 'visibilitychange', 12001, 1000, 2044, 'visibilitychange', 'The visibility of a tabbed window has changed, Page Visibility API', 0, '10', 0),
(2051, 'volumechange', 12001, 1000, 2044, 'volumechange', 'HTML5 Media, volume of playback was changed.', 0, '10', 0),
(2052, 'waiting', 12001, 1000, 2044, 'waiting', 'HTML5 Media, playback stopped because more data is temporarily not available.', 0, '10', 0),
(2053, 'wheel', 12001, 1000, 2044, 'wheel', 'A mousewheel or similar wheel has been rotated on an input device. also called MouseWheel.', 0, '10', 0),
(2054, 'paste', 12001, 1000, 2044, 'paste', 'Paste event from Clipboard.', 0, '10', 0),
(2055, 'mathmlacid1', 12001, 1000, 2008, 'MathML Acid Test 1', 'Tests for MathML support, subjective succeed or fail, on drawing equations, https://github.com/fred-wang/AcidTestsMathML', 0, '10', 0),
(2056, 'mathmlacid2', 12001, 1000, 2008, 'MathML Acid Test 2', 'MathML equivalent of Acid 2 browser tests, subjective, create the same smiley face. https://github.com/fred-wang/AcidTestsMathML', 0, '10', 0),
(2057, 'mathmltest3', 12003, 1000, 2008, 'MathML Acid Test 3', 'MathML equivalent of Acid Test 3, numerical, https://github.com/fred-wang/AcidTestsMathML', 0, '10', 0),
(2058, 'eventhelper', 12000, 1000, 2044, 'Event Helper', 'function to check for presence of a large number of events.', 0, '10', 0);

-- --------------------------------------------------------

--
-- Table structure for table `references`
--

CREATE TABLE IF NOT EXISTS `references` (
  `id` int(11) NOT NULL AUTO_INCREMENT,
  `ref_table_name` varchar(40) NOT NULL,
  `ref_table_item_id` int(11) NOT NULL,
  `ref_date` date NOT NULL,
  `url` varchar(255) NOT NULL,
  `title` varchar(80) NOT NULL,
  `description` text NOT NULL,
  PRIMARY KEY (`id`),
  KEY `table_record_id` (`ref_table_item_id`),
  KEY `ref_table_name` (`ref_table_name`)
) ENGINE=InnoDB  DEFAULT CHARSET=latin1 AUTO_INCREMENT=200197 ;

--
-- Dumping data for table `references`
--

INSERT INTO `references` (`id`, `ref_table_name`, `ref_table_item_id`, `ref_date`, `url`, `title`, `description`) VALUES
(200048, 'properties', 1304, '2009-08-08', 'http://www.chtml.com', 'cHTML resource', 'chtml reference'),
(200087, 'clients', 30003, '2013-11-05', 'https://developer.mozilla.org/en-US/docs/Mozilla/Firefox', 'Firefox Developer Home', 'home page for firefox dev'),
(200088, 'clients', 30003, '2999-09-09', 'http://www.mozilla.org/en-US/about/history/', 'History of Mozilla', 'history'),
(200091, 'properties', 1831, '0000-00-00', 'http://code.google.com/p/midibridge-js/', 'MIDIBridge.js', 'MIDI support in the browser'),
(200093, 'properties', 1351, '0000-00-00', 'http://html5test.com/compare/feature/video-h264.html', 'HTML5 Test for H.264', 'H.264 support in browsers'),
(200094, 'properties', 1502, '0000-00-00', 'http://test262.ecmascript.org/', 'ECMAScript262 Test', 'ECMAScript comprehensive test'),
(200095, 'properties', 1500, '0000-00-00', 'http://html5test.com/', 'HTML5 Test', 'HTML5 Test'),
(200096, 'properties', 1498, '0000-00-00', 'http://www.acidtests.org/', 'AcidTests.org', 'Web Standard Project'),
(200098, 'clients_properties', 41232, '0000-00-00', 'http://html5test.com/compare/feature/video-h264.html', 'HTML5 Test', 'H.264 test'),
(200099, 'properties', 1354, '2013-11-08', 'from http://proger.i-forge.net/The_smallest_transparent_pixel/eBQ', 'Proger i-Forge', 'Smallest possible GIF'),
(200100, 'properties', 1354, '2013-11-07', 'http://weston.ruter.net/2009/05/07/detecting-support-for-data-uris/', 'Weston Ruler DataURI', 'Detect Data URI Support'),
(200101, 'properties', 1355, '2013-11-08', 'http://html5doctor.com/microdata/', 'HTML5 Doctor', 'Microdata Tutorial'),
(200102, 'properties', 1355, '2013-07-07', 'http://manu.sporny.org/2013/microdata-downward-spiral/', 'Downward Spiral of Microdata', 'No support'),
(200103, 'properties', 1469, '2013-09-09', 'https://developer.mozilla.org/en-US/docs/Web/API/Element.classList', 'MDN classList Page', 'how to use and polyfill classList'),
(200104, 'properties', 1873, '2013-11-09', 'http://www.w3.org/2010/01/results-wctmb2', 'Web Compatibility Test', 'Results of test'),
(200106, 'properties', 1873, '2013-11-01', 'http://www.w3.org/2010/MobiWeb2.0-D5.3_FinalReport_Publishable.pdf', 'Web Compatibility Test', 'Final Report (closed)'),
(200107, 'properties', 1872, '0013-11-01', 'http://lea.verou.me/', 'Lea Verou Page', 'home page for creator'),
(200108, 'properties', 1872, '2913-02-02', 'http://css3test.com/', 'CSS3 Test page', 'Test Page'),
(200112, 'properties', 1326, '2014-11-05', 'http://spy.com', 'spy', 'spy on it'),
(200124, 'properties', 1326, '2013-11-20', 'http://boob.com', 'boob', 'boob'),
(200127, 'properties', 1326, '2013-11-06', 'http://stoob.com', 'stoob', 'stoob'),
(200128, 'properties', 1326, '2013-11-23', 'http://toob.com', 'toob', 'toob'),
(200129, 'properties', 1326, '2013-11-23', 'http://roob.com', 'roob', 'roob'),
(200130, 'properties', 1326, '2013-11-17', 'http://www.pie.com', 'pie', 'pie'),
(200133, 'properties', 1517, '2013-11-24', 'http://www.docsteve.com/DocSteve/Samples/JS/js_version.html', 'DocSteve', 'Old methods for detecting JS'),
(200134, 'properties', 1517, '2013-11-24', 'http://javascript.about.com/library/bljver.htm', 'About.com', 'Old method for detecting JS'),
(200135, 'properties', 1517, '2013-11-24', 'http://en.wikipedia.org/wiki/Ecmascript', 'Wikipedia', 'Ecmascript, including JS mapping'),
(200136, 'properties', 1518, '2013-11-24', 'http://weblog.bocoup.com/javascript-typed-arrays-method-support/', 'Bocomp', 'JS for typed arrays support'),
(200137, 'properties', 1356, '2013-11-24', 'http://blog.jamesdbloom.com/JavaScriptAndApplicationCache.html', 'James Bloom Blog', 'JavaScript API for applicationcache'),
(200138, 'properties', 1306, '2013-11-24', 'http://www.w3.org/Math/DOM/mathml2/mathml-dom_ecma.html', 'W3C', 'MathML ECMA bindings'),
(200141, 'clients', 30043, '2013-12-02', 'http://en.wikipedia.org/wiki/Internet_Explorer_for_Mac', 'IE Mac', 'IE Mac history'),
(200142, 'clients', 30023, '2013-12-10', 'http://www.somegeekintn.com/blog/2012/01/ios-release-mobile-safari-version-table/', 'Mobile Safari Release', 'iOS Safari Release Histor'),
(200143, 'properties', 1245, '2013-12-20', 'http://dev.opera.com/articles/view/server-side-capability-detection-for-mob/', 'Opera Docs', 'Detection for Mobile'),
(200144, 'properties', 1877, '2013-12-22', 'http://www.jordanm.co.uk/palmreader', 'PalmReader', 'Visual CSS Media Queries'),
(200145, 'properties', 1877, '2013-12-22', 'https://github.com/jordanmoore/palmreader', 'PalmReader GitHub', 'Source for PalmReader'),
(200146, 'properties', 1878, '2013-12-22', 'http://mqtest.io/', 'MQTest', 'MQTest Media Queries'),
(200147, 'properties', 1878, '2013-12-22', 'https://github.com/viljamis/mqtest', 'MQTest GitHub', 'MQTest Source'),
(200148, 'clients', 30092, '2014-01-07', 'http://en.wikipedia.org/wiki/Minimo', 'Wikipedia', 'Minimo Browser History'),
(200149, 'clients_versions', 50690, '2009-02-09', 'http://www.amazon.com/gp/help/customer/display.html?nodeId=200375940', 'Amazon Kindle Help', 'describes web browser'),
(200150, 'clients_versions', 50689, '2008-02-08', 'http://www.amazon.com/gp/help/customer/display.html?nodeId=200137070', 'Amazon Kindle 1 Support', 'browser help'),
(200151, 'clients', 30096, '2011-09-28', 'http://amazonsilk.wordpress.com/', 'Silk  Official', 'Official Silk browser site'),
(200152, 'clients', 30119, '2014-01-18', 'http://en.wikipedia.org/wiki/Yandex_Browser', 'Yandex Wikipedia', 'Yandex Browser Description'),
(200153, 'clients', 30123, '2014-01-22', 'http://en.wikipedia.org/wiki/Blazer_(web_browser)', 'Palm Blazer Wikipedia', 'Browser Reference'),
(200154, 'clients_properties', 43088, '2014-02-09', 'http://blog.kaelig.fr/page/4', 'Le ministre de l''intgration', 'False positives font-face'),
(200155, 'clients_properties', 43089, '2014-02-09', 'http://blog.kaelig.fr/page/4', 'Le ministre de l''intgration', 'false positive font-face'),
(200156, 'clients', 30109, '2014-02-21', 'https://www.nttdocomo.co.jp/english/service/developer/make/content/browser/', 'DoCoMo browser', 'browser description'),
(200157, 'clients', 30109, '2014-02-21', 'https://www.nttdocomo.co.jp/english/service/developer/make/content/browser/html/useragent/index.html', 'DoCoMo browser', 'user agents'),
(200158, 'clients', 30109, '2014-02-21', 'https://www.nttdocomo.co.jp/english/service/developer/make/content/browser/html/tag/index.html', 'DoCoMo browser', 'html tag compatibility'),
(200159, 'clients', 30216, '2014-02-23', 'http://techtracer.com/2007/10/31/mozilla-prism-a-revolution-in-web-apps/', 'Prism Blog', 'Description of Prism'),
(200160, 'clients', 30216, '2014-02-23', 'http://www.salsitasoft.com/2011/09/08/discontinuing-webrunner/index.html', 'SalsitaSoft', 'Prism Discontinued'),
(200161, 'clients', 30232, '2014-03-01', 'http://www.appannie.com/apps/ios/app/roccat-connect/', 'App Annie', 'Roccat Version history'),
(200162, 'clients_versions', 51244, '2014-03-05', 'http://ie8browser.cloudapp.net/gb/browsers/54/', 'IE Add Ons Gallery', 'IE 8 optimized for Xbox'),
(200163, 'clients_versions', 51245, '2014-03-05', 'http://www.polygon.com/2013/11/15/5109084/xbox-one-how-internet-explorer-works', 'Polygon', 'IE on Xbox One'),
(200164, 'clients_versions', 51252, '2014-03-05', 'http://console.maban.co.uk/device/3ds', 'Maban', '3DS browser specs'),
(200165, 'clients', 30252, '2014-03-05', ' http://www.nintendo.com/3ds/internetbrowser/specs/', 'Nintendo 3DS site', 'Detailed browser specs'),
(200166, 'clients_versions', 51286, '2014-03-09', 'http://www.tuaw.com/2008/09/09/tuaw-hands-on-itunes-8/', 'Tulaw', 'iTunes 8 hands on'),
(200167, 'clients_versions', 51287, '2014-03-09', 'http://gizmodo.com/5355615/itunes-9-everything-you-need-to-know', 'Gizmodo', 'iTunes 9 review'),
(200168, 'clients_versions', 51288, '2014-03-09', 'http://www.softwarecrew.com/2010/09/apple-releases-itunes-10/', 'Softwarecrew', 'iTunes 10 review'),
(200169, 'clients_versions', 51289, '2014-03-09', 'http://www.trustedreviews.com/news/apple-itunes-11-released-sports-new-interface', 'Trusted Reviews', 'iTunes review (brief)'),
(200170, 'clients', 30262, '2014-03-09', 'http://en.wikipedia.org/wiki/ITunes_version_history', 'Wikipedia', 'iTunes version history'),
(200171, 'properties', 1316, '2014-03-22', 'http://www.useragentman.com/blog/2010/10/29/cross-browser-html5-ruby-annotations-using-css/', 'UserAgentMan', 'Ruby Support via CSS'),
(200172, 'properties', 1890, '2014-03-28', 'http://web.calstatela.edu/accessibility/manual.php', 'Calstate Accessibility', 'Manual Accessibility Checklist'),
(200173, 'clients_versions', 51313, '2014-03-20', 'http://en.wikipedia.org/wiki/Firefox_3.5', 'Wikipedia', 'FF 3.1 with 3.1 info'),
(200174, 'clients_properties', 45575, '2014-03-30', 'http://www.browserscope2.org/browse?category=acid3', 'Browserscope', 'FF 2.0 results'),
(200175, 'clients_properties', 45574, '2014-03-30', 'http://www.browserscope2.org/browse?category=acid3', 'Browserscope', 'FF 1.5 results'),
(200176, 'clients_properties', 45576, '2014-03-30', 'http://www.browserscope2.org/browse?category=acid3', 'Browserscope', 'FF 3.0 results'),
(200177, 'clients_properties', 45584, '2014-03-30', 'http://www.browserscope2.org/browse?category=acid3', 'Browserscope', 'FF 3.5 results'),
(200178, 'clients_properties', 45585, '2014-03-30', 'http://www.browserscope2.org/browse?category=acid3', 'Browserscope', 'FF 3.6 results'),
(200179, 'clients_properties', 45586, '2014-03-30', 'http://www.browserscope2.org/browse?category=acid3', 'Browserscope', 'FF 4.0 results'),
(200180, 'clients_properties', 45591, '2014-03-30', 'http://www.browserscope2.org/browse?category=acid3', 'Browserscope', 'FF 5.0 results'),
(200181, 'clients_properties', 45589, '2014-03-30', 'http://www.browserscope2.org/browse?category=acid3', 'Browserscope', 'FF 6.0 results'),
(200182, 'clients_properties', 45590, '2014-03-30', 'http://www.browserscope2.org/browse?category=acid3', 'Browserscope', 'FF 7.0 results'),
(200183, 'clients_properties', 45592, '2014-03-20', 'http://www.browserscope2.org/browse?category=acid3', 'Browserscope', 'FF 24.0 results'),
(200184, 'clients', 30003, '2014-03-30', 'http://www.mozilla.org/en-US/firefox/releases/', 'Firefox Releases', 'Firefox Release List'),
(200185, 'clients_properties', 45607, '2014-04-12', 'http://website-archive.mozilla.org/www.mozilla.org/firefox_releasenotes/en-US/firefox/2.0/releasenotes/', 'Mozilla', 'Firefox 2.0 Release Notes'),
(200186, 'properties', 1904, '2014-04-12', 'https://developer.mozilla.org/en-US/docs/Web/SVG/Element/textPath', 'Mozilla MDN', 'SVG textPath Reference'),
(200187, 'properties', 1494, '2014-05-24', 'http://reference.sitepoint.com/javascript/DOMImplementation/hasFeature', 'Sitepoint', 'DOM .hasFeature Results'),
(200188, 'clients', 30268, '2014-06-06', 'http://www.palemoon.org', 'Pale Moon Home', 'Main site for PaleMoon'),
(200189, 'clients_versions', 51317, '2014-06-06', 'http://www.palemoon.org/releasenotes-archived.shtml', 'Palemoon Releases', 'Archived release notes'),
(200190, 'clients', 30268, '2014-06-06', 'http://en.wikipedia.org/wiki/Pale_Moon_(web_browser)', 'Wikipedia', 'Wikipedia description'),
(200191, 'clients', 30005, '2014-06-06', 'http://en.wikipedia.org/wiki/Safari_version_history', 'Wikipedia', 'Safari Release History'),
(200192, 'clients', 30004, '2014-06-06', 'http://en.wikipedia.org/wiki/History_of_the_Opera_web_browser', 'Wikipedia', 'Opera Release History'),
(200193, 'clients_properties', 45822, '2014-06-07', 'http://thenextweb.com/google/2014/05/20/chrome-35-launches-developer-control-touch-input-new-apis-javascript-features/', 'The Next Web', 'Chrome 35 new features'),
(200194, 'properties', 1352, '2014-06-08', 'http://www.webmproject.org/', 'WebM Project', 'WebM Video Project Home'),
(200195, 'properties', 1926, '2014-06-08', 'http://en.wikipedia.org/wiki/WebP', 'Wikipedia', 'WebP Description'),
(200196, 'clients_properties', 45823, '2014-06-09', 'https://developer.mozilla.org/en-US/docs/Web/API/DeviceLightEvent', 'MDN', 'DeviceLight Event');

-- --------------------------------------------------------

--
-- Table structure for table `search_group`
--

CREATE TABLE IF NOT EXISTS `search_group` (
  `id` int(11) NOT NULL AUTO_INCREMENT,
  `name` varchar(40) NOT NULL,
  `title` varchar(80) NOT NULL,
  `description` varchar(255) NOT NULL,
  PRIMARY KEY (`id`),
  UNIQUE KEY `name` (`name`)
) ENGINE=InnoDB  DEFAULT CHARSET=latin1 AUTO_INCREMENT=15009 ;

--
-- Dumping data for table `search_group`
--

INSERT INTO `search_group` (`id`, `name`, `title`, `description`) VALUES
(15000, 'common', 'Most common Desktop browsers', 'Most common Desktop browsers worldwide, including common mobile'),
(15001, 'mobile', 'Most common mobile browsers', 'Most common mobile (Cellphone and Tablet) browsers not listed in common database'),
(15003, 'edge', 'Edge (rare) browsers', 'Edge (rare) browsers, all form factors'),
(15004, 'ancient', 'Ancient browsers', 'Very old (more than 5 years) browsers that are not updated'),
(15005, 'future', 'Future Browsers', 'Future browser, not released yet.'),
(15006, 'unmoveable', 'Unmoveable (Game Console, TV)', 'Clients that run on immobile or unmoved devices, tvs, game consoles, also touch billboards and other public web environments (not kiosks).'),
(15008, 'dead', 'Dead Browsers', 'Browsers that can''t be used today, e.g. mobile browsers with transcoder service shut off.');

-- --------------------------------------------------------

--
-- Table structure for table `sources`
--

CREATE TABLE IF NOT EXISTS `sources` (
  `id` int(11) NOT NULL AUTO_INCREMENT,
  `name` varchar(40) NOT NULL,
  `datatype_id` int(11) NOT NULL,
  `title` varchar(80) NOT NULL,
  `description` varchar(255) NOT NULL,
  PRIMARY KEY (`id`),
  UNIQUE KEY `name` (`name`),
  KEY `datatype_id` (`datatype_id`)
) ENGINE=InnoDB  DEFAULT CHARSET=latin1 AUTO_INCREMENT=1005 ;

--
-- Dumping data for table `sources`
--

INSERT INTO `sources` (`id`, `name`, `datatype_id`, `title`, `description`) VALUES
(1000, 'gbp', 12000, 'Green Boilerplate', 'green boilerplate database'),
(1001, 'modernizr', 12000, 'Modernizr library', 'modernizr feature-detection library'),
(1003, 'caniuse', 12000, 'Caniuse tables (JSON)', 'caniuse json support tables'),
(1004, 'browserscope', 12000, 'Browserscope', 'Results from a variety of tests on browserscope.org');

-- --------------------------------------------------------

--
-- Table structure for table `swap`
--

CREATE TABLE IF NOT EXISTS `swap` (
  `id` int(11) NOT NULL AUTO_INCREMENT,
  `ancestor_id` int(11) NOT NULL,
  `descendant_id` int(11) NOT NULL,
  `effect` int(11) NOT NULL,
  PRIMARY KEY (`id`),
  KEY `ancestor_id` (`ancestor_id`),
  KEY `descendant_id` (`descendant_id`)
) ENGINE=InnoDB DEFAULT CHARSET=latin1 AUTO_INCREMENT=1 ;

-- --------------------------------------------------------

--
-- Table structure for table `swap_state`
--

CREATE TABLE IF NOT EXISTS `swap_state` (
  `id` int(11) NOT NULL AUTO_INCREMENT,
  `name` varchar(40) NOT NULL,
  `datatype_id` int(11) NOT NULL,
  `title` varchar(80) NOT NULL,
  `description` varchar(255) NOT NULL,
  PRIMARY KEY (`id`),
  UNIQUE KEY `name` (`name`),
  KEY `datatype_id` (`datatype_id`)
) ENGINE=InnoDB DEFAULT CHARSET=latin1 AUTO_INCREMENT=1 ;

-- --------------------------------------------------------

--
-- Table structure for table `system`
--

CREATE TABLE IF NOT EXISTS `system` (
  `id` int(11) NOT NULL AUTO_INCREMENT,
  `name` varchar(20) NOT NULL,
  `title` varchar(40) NOT NULL,
  `description` varchar(255) NOT NULL,
  PRIMARY KEY (`id`)
) ENGINE=InnoDB  DEFAULT CHARSET=latin1 AUTO_INCREMENT=66007 ;

--
-- Dumping data for table `system`
--

INSERT INTO `system` (`id`, `name`, `title`, `description`) VALUES
(66000, 'cloud', 'The Cloud', 'Servers, Data centers and network'),
(66001, 'browser', 'Client Browser', 'Client-side web browser plus plugins, helper programs.'),
(66002, 'device', 'Client Device', 'Client-side hardware and OS, also dedicated networks, telcos, ISPs'),
(66003, 'user', 'The end-user', 'Features of the end-user for the site'),
(66004, 'designer', 'The Designers and Developers', 'Design and Development team'),
(66005, 'stakeholder', 'Stakeholders', 'Non-design stakeholders'),
(66006, 'gbp', 'The GBP system', ' GBP clients and servers, data sources, functioning in the cloud');

-- --------------------------------------------------------

--
-- Table structure for table `translations`
--

CREATE TABLE IF NOT EXISTS `translations` (
  `id` int(11) NOT NULL AUTO_INCREMENT,
  `alt_source_id` int(11) NOT NULL,
  `alt_property_id` int(11) NOT NULL COMMENT 'propert id in parent table',
  `source_id` int(11) NOT NULL COMMENT 'name of child database',
  `property_id` int(11) NOT NULL,
  PRIMARY KEY (`id`),
  KEY `alt_source_id` (`alt_source_id`),
  KEY `alt_property_id` (`alt_property_id`),
  KEY `source_id` (`source_id`),
  KEY `property_id` (`property_id`)
) ENGINE=InnoDB  DEFAULT CHARSET=latin1 AUTO_INCREMENT=22023 ;

--
-- Dumping data for table `translations`
--

INSERT INTO `translations` (`id`, `alt_source_id`, `alt_property_id`, `source_id`, `property_id`) VALUES
(22000, 1003, 1137, 1000, 1211),
(22019, 1001, 1021, 1000, 1211),
(22020, 1001, 1025, 1000, 1343),
(22021, 1003, 1077, 1000, 1343),
(22022, 1001, 1020, 1000, 1326);

--
-- Constraints for dumped tables
--

--
-- Constraints for table `clients_properties`
--
ALTER TABLE `clients_properties`
  ADD CONSTRAINT `clients_properties_ibfk_4` FOREIGN KEY (`properties_id`) REFERENCES `properties` (`id`) ON DELETE CASCADE ON UPDATE CASCADE,
  ADD CONSTRAINT `clients_properties_ibfk_6` FOREIGN KEY (`clients_id`) REFERENCES `clients` (`id`) ON DELETE CASCADE ON UPDATE CASCADE,
  ADD CONSTRAINT `clients_properties_ibfk_7` FOREIGN KEY (`clients_versions_id`) REFERENCES `clients_versions` (`id`) ON DELETE CASCADE ON UPDATE CASCADE,
  ADD CONSTRAINT `clients_properties_ibfk_8` FOREIGN KEY (`components_id`) REFERENCES `components` (`id`);

--
-- Constraints for table `clients_versions`
--
ALTER TABLE `clients_versions`
  ADD CONSTRAINT `clients_versions_ibfk_1` FOREIGN KEY (`clients_id`) REFERENCES `clients` (`id`) ON DELETE CASCADE ON UPDATE CASCADE,
  ADD CONSTRAINT `clients_versions_ibfk_2` FOREIGN KEY (`searchgroup_id`) REFERENCES `search_group` (`id`) ON DELETE CASCADE ON UPDATE CASCADE;

--
-- Constraints for table `components`
--
ALTER TABLE `components`
  ADD CONSTRAINT `components_ibfk_1` FOREIGN KEY (`datatype_id`) REFERENCES `datatypes` (`id`) ON DELETE CASCADE ON UPDATE CASCADE,
  ADD CONSTRAINT `components_ibfk_2` FOREIGN KEY (`system_id`) REFERENCES `system` (`id`) ON DELETE CASCADE ON UPDATE CASCADE;

--
-- Constraints for table `dependency`
--
ALTER TABLE `dependency`
  ADD CONSTRAINT `dependency_ibfk_3` FOREIGN KEY (`state_id`) REFERENCES `dependency_state` (`id`) ON DELETE CASCADE ON UPDATE CASCADE,
  ADD CONSTRAINT `dependency_ibfk_8` FOREIGN KEY (`property_id`) REFERENCES `properties` (`id`) ON DELETE CASCADE ON UPDATE CASCADE,
  ADD CONSTRAINT `dependency_ibfk_9` FOREIGN KEY (`parent_id`) REFERENCES `properties` (`id`) ON DELETE CASCADE ON UPDATE CASCADE;

--
-- Constraints for table `dependency_state`
--
ALTER TABLE `dependency_state`
  ADD CONSTRAINT `dependency_state_ibfk_1` FOREIGN KEY (`datatype_id`) REFERENCES `datatypes` (`id`) ON DELETE CASCADE ON UPDATE CASCADE;

--
-- Constraints for table `detectors`
--
ALTER TABLE `detectors`
  ADD CONSTRAINT `detectors_ibfk_2` FOREIGN KEY (`properties_id`) REFERENCES `properties` (`id`),
  ADD CONSTRAINT `detectors_ibfk_3` FOREIGN KEY (`discovery_id`) REFERENCES `discovery_state` (`id`);

--
-- Constraints for table `devices_properties`
--
ALTER TABLE `devices_properties`
  ADD CONSTRAINT `devices_properties_ibfk_1` FOREIGN KEY (`devices_id`) REFERENCES `devices` (`id`) ON DELETE CASCADE ON UPDATE CASCADE,
  ADD CONSTRAINT `devices_properties_ibfk_2` FOREIGN KEY (`devices_versions_id`) REFERENCES `devices_versions` (`id`) ON DELETE CASCADE ON UPDATE CASCADE;

--
-- Constraints for table `devices_versions`
--
ALTER TABLE `devices_versions`
  ADD CONSTRAINT `devices_versions_ibfk_1` FOREIGN KEY (`devices_id`) REFERENCES `devices` (`id`) ON DELETE CASCADE ON UPDATE CASCADE,
  ADD CONSTRAINT `devices_versions_ibfk_2` FOREIGN KEY (`search_group_id`) REFERENCES `search_group` (`id`) ON DELETE CASCADE ON UPDATE CASCADE;

--
-- Constraints for table `discovery`
--
ALTER TABLE `discovery`
  ADD CONSTRAINT `discovery_ibfk_2` FOREIGN KEY (`state_id`) REFERENCES `discovery_state` (`id`) ON DELETE CASCADE ON UPDATE CASCADE,
  ADD CONSTRAINT `discovery_ibfk_3` FOREIGN KEY (`property_id`) REFERENCES `properties` (`id`) ON DELETE CASCADE ON UPDATE CASCADE;

--
-- Constraints for table `discovery_state`
--
ALTER TABLE `discovery_state`
  ADD CONSTRAINT `discovery_state_ibfk_1` FOREIGN KEY (`datatype_id`) REFERENCES `datatypes` (`id`) ON DELETE CASCADE ON UPDATE CASCADE;

--
-- Constraints for table `import_fulltests_results`
--
ALTER TABLE `import_fulltests_results`
  ADD CONSTRAINT `import_fulltests_results_ibfk_1` FOREIGN KEY (`fulltest_id`) REFERENCES `import_fulltests` (`id`) ON DELETE CASCADE ON UPDATE CASCADE;

--
-- Constraints for table `principles`
--
ALTER TABLE `principles`
  ADD CONSTRAINT `principles_ibfk_1` FOREIGN KEY (`model_id`) REFERENCES `models` (`id`) ON DELETE CASCADE ON UPDATE CASCADE;

--
-- Constraints for table `properties`
--
ALTER TABLE `properties`
  ADD CONSTRAINT `properties_ibfk_1` FOREIGN KEY (`source_id`) REFERENCES `sources` (`id`) ON DELETE CASCADE ON UPDATE CASCADE,
  ADD CONSTRAINT `properties_ibfk_2` FOREIGN KEY (`component_id`) REFERENCES `components` (`id`) ON DELETE CASCADE ON UPDATE CASCADE,
  ADD CONSTRAINT `properties_ibfk_3` FOREIGN KEY (`datatype_id`) REFERENCES `datatypes` (`id`) ON UPDATE CASCADE;

--
-- Constraints for table `sources`
--
ALTER TABLE `sources`
  ADD CONSTRAINT `sources_ibfk_1` FOREIGN KEY (`datatype_id`) REFERENCES `datatypes` (`id`);

--
-- Constraints for table `swap_state`
--
ALTER TABLE `swap_state`
  ADD CONSTRAINT `swap_state_ibfk_1` FOREIGN KEY (`datatype_id`) REFERENCES `datatypes` (`id`);

--
-- Constraints for table `translations`
--
ALTER TABLE `translations`
  ADD CONSTRAINT `translations_ibfk_1` FOREIGN KEY (`alt_source_id`) REFERENCES `sources` (`id`) ON DELETE CASCADE ON UPDATE CASCADE,
  ADD CONSTRAINT `translations_ibfk_3` FOREIGN KEY (`source_id`) REFERENCES `sources` (`id`) ON DELETE CASCADE ON UPDATE CASCADE,
  ADD CONSTRAINT `translations_ibfk_6` FOREIGN KEY (`alt_property_id`) REFERENCES `properties` (`id`) ON DELETE CASCADE ON UPDATE CASCADE,
  ADD CONSTRAINT `translations_ibfk_7` FOREIGN KEY (`property_id`) REFERENCES `properties` (`id`) ON DELETE CASCADE ON UPDATE CASCADE;

/*!40101 SET CHARACTER_SET_CLIENT=@OLD_CHARACTER_SET_CLIENT */;
/*!40101 SET CHARACTER_SET_RESULTS=@OLD_CHARACTER_SET_RESULTS */;
/*!40101 SET COLLATION_CONNECTION=@OLD_COLLATION_CONNECTION */;
